# header
0.0 0.0 0.0 0.0 0.0 0.0 0.0 0.0 0.0 0.0 0.0 0.0 -14.72372724436
-1.0 0.0 0.0 0.0 0.0 0.0 0.0 0.0 0.0 0.0 0.0 0.0 -14.704993044074
-0.6 0.0 0.0 0.0 0.0 0.0 0.0 0.0 0.0 0.0 0.0 0.0 -14.718067790499
-0.2 0.0 0.0 0.0 0.0 0.0 0.0 0.0 0.0 0.0 0.0 0.0 -14.723167011336
0.2 0.0 0.0 0.0 0.0 0.0 0.0 0.0 0.0 0.0 0.0 0.0 -14.723167160414
0.6 0.0 0.0 0.0 0.0 0.0 0.0 0.0 0.0 0.0 0.0 0.0 -14.718068260227
1.0 0.0 0.0 0.0 0.0 0.0 0.0 0.0 0.0 0.0 0.0 0.0 -14.704993893354
0.0 -1.0 0.0 0.0 0.0 0.0 0.0 0.0 0.0 0.0 0.0 0.0 -14.706255131267
0.0 -0.6 0.0 0.0 0.0 0.0 0.0 0.0 0.0 0.0 0.0 0.0 -14.717865657378
0.0 -0.2 0.0 0.0 0.0 0.0 0.0 0.0 0.0 0.0 0.0 0.0 -14.723105123512
0.0 0.2 0.0 0.0 0.0 0.0 0.0 0.0 0.0 0.0 0.0 0.0 -14.723105123512
0.0 0.6 0.0 0.0 0.0 0.0 0.0 0.0 0.0 0.0 0.0 0.0 -14.717865657386
0.0 1.0 0.0 0.0 0.0 0.0 0.0 0.0 0.0 0.0 0.0 0.0 -14.706255131291
0.0 0.0 -1.0 0.0 0.0 0.0 0.0 0.0 0.0 0.0 0.0 0.0 -14.701096162477
0.0 0.0 -0.6 0.0 0.0 0.0 0.0 0.0 0.0 0.0 0.0 0.0 -14.715264156952
0.0 0.0 -0.2 0.0 0.0 0.0 0.0 0.0 0.0 0.0 0.0 0.0 -14.722747122825
0.0 0.0 0.2 0.0 0.0 0.0 0.0 0.0 0.0 0.0 0.0 0.0 -14.722697706596
0.0 0.0 0.6 0.0 0.0 0.0 0.0 0.0 0.0 0.0 0.0 0.0 -14.713956340536
0.0 0.0 1.0 0.0 0.0 0.0 0.0 0.0 0.0 0.0 0.0 0.0 -14.694885904481
0.0 0.0 0.0 -1.0 0.0 0.0 0.0 0.0 0.0 0.0 0.0 0.0 -14.667768835881
0.0 0.0 0.0 -0.6 0.0 0.0 0.0 0.0 0.0 0.0 0.0 0.0 -14.707661047086
0.0 0.0 0.0 -0.2 0.0 0.0 0.0 0.0 0.0 0.0 0.0 0.0 -14.722347175452
0.0 0.0 0.0 0.2 0.0 0.0 0.0 0.0 0.0 0.0 0.0 0.0 -14.722347168286
0.0 0.0 0.0 0.6 0.0 0.0 0.0 0.0 0.0 0.0 0.0 0.0 -14.707660904557
0.0 0.0 0.0 1.0 0.0 0.0 0.0 0.0 0.0 0.0 0.0 0.0 -14.667768453867
0.0 0.0 0.0 0.0 -1.0 0.0 0.0 0.0 0.0 0.0 0.0 0.0 -14.663607218358
0.0 0.0 0.0 0.0 -0.6 0.0 0.0 0.0 0.0 0.0 0.0 0.0 -14.704458562751
0.0 0.0 0.0 0.0 -0.2 0.0 0.0 0.0 0.0 0.0 0.0 0.0 -14.721860655699
0.0 0.0 0.0 0.0 0.2 0.0 0.0 0.0 0.0 0.0 0.0 0.0 -14.721860655706
0.0 0.0 0.0 0.0 0.6 0.0 0.0 0.0 0.0 0.0 0.0 0.0 -14.704458562823
0.0 0.0 0.0 0.0 1.0 0.0 0.0 0.0 0.0 0.0 0.0 0.0 -14.663607218517
0.0 0.0 0.0 0.0 0.0 -1.0 0.0 0.0 0.0 0.0 0.0 0.0 -14.651981700168
0.0 0.0 0.0 0.0 0.0 -0.6 0.0 0.0 0.0 0.0 0.0 0.0 -14.700998272709
0.0 0.0 0.0 0.0 0.0 -0.2 0.0 0.0 0.0 0.0 0.0 0.0 -14.721486073905
0.0 0.0 0.0 0.0 0.0 0.2 0.0 0.0 0.0 0.0 0.0 0.0 -14.72171713276
0.0 0.0 0.0 0.0 0.0 0.6 0.0 0.0 0.0 0.0 0.0 0.0 -14.707375163319
0.0 0.0 0.0 0.0 0.0 1.0 0.0 0.0 0.0 0.0 0.0 0.0 -14.682306808284
0.0 0.0 0.0 0.0 0.0 0.0 -1.0 0.0 0.0 0.0 0.0 0.0 -14.664277490145
0.0 0.0 0.0 0.0 0.0 0.0 -0.6 0.0 0.0 0.0 0.0 0.0 -14.703442464609
0.0 0.0 0.0 0.0 0.0 0.0 -0.2 0.0 0.0 0.0 0.0 0.0 -14.721534216163
0.0 0.0 0.0 0.0 0.0 0.0 0.2 0.0 0.0 0.0 0.0 0.0 -14.721534566309
0.0 0.0 0.0 0.0 0.0 0.0 0.6 0.0 0.0 0.0 0.0 0.0 -14.703446204406
0.0 0.0 0.0 0.0 0.0 0.0 1.0 0.0 0.0 0.0 0.0 0.0 -14.6642933243
0.0 0.0 0.0 0.0 0.0 0.0 0.0 -1.0 0.0 0.0 0.0 0.0 -14.658486980419
0.0 0.0 0.0 0.0 0.0 0.0 0.0 -0.6 0.0 0.0 0.0 0.0 -14.701701051293
0.0 0.0 0.0 0.0 0.0 0.0 0.0 -0.2 0.0 0.0 0.0 0.0 -14.721406683914
0.0 0.0 0.0 0.0 0.0 0.0 0.0 0.2 0.0 0.0 0.0 0.0 -14.721406361921
0.0 0.0 0.0 0.0 0.0 0.0 0.0 0.6 0.0 0.0 0.0 0.0 -14.701699964287
0.0 0.0 0.0 0.0 0.0 0.0 0.0 1.0 0.0 0.0 0.0 0.0 -14.658484687443
0.0 0.0 0.0 0.0 0.0 0.0 0.0 0.0 -1.0 0.0 0.0 0.0 -14.665081913483
0.0 0.0 0.0 0.0 0.0 0.0 0.0 0.0 -0.6 0.0 0.0 0.0 -14.702939202112
0.0 0.0 0.0 0.0 0.0 0.0 0.0 0.0 -0.2 0.0 0.0 0.0 -14.72141609185
0.0 0.0 0.0 0.0 0.0 0.0 0.0 0.0 0.2 0.0 0.0 0.0 -14.721310914262
0.0 0.0 0.0 0.0 0.0 0.0 0.0 0.0 0.6 0.0 0.0 0.0 -14.700172944032
0.0 0.0 0.0 0.0 0.0 0.0 0.0 0.0 1.0 0.0 0.0 0.0 -14.65323237244
0.0 0.0 0.0 0.0 0.0 0.0 0.0 0.0 0.0 -1.0 0.0 0.0 -14.598576694496
0.0 0.0 0.0 0.0 0.0 0.0 0.0 0.0 0.0 -0.6 0.0 0.0 -14.686105443051
0.0 0.0 0.0 0.0 0.0 0.0 0.0 0.0 0.0 -0.2 0.0 0.0 -14.720164900646
0.0 0.0 0.0 0.0 0.0 0.0 0.0 0.0 0.0 0.2 0.0 0.0 -14.720631406834
0.0 0.0 0.0 0.0 0.0 0.0 0.0 0.0 0.0 0.6 0.0 0.0 -14.698996041536
0.0 0.0 0.0 0.0 0.0 0.0 0.0 0.0 0.0 1.0 0.0 0.0 -14.661581184726
0.0 0.0 0.0 0.0 0.0 0.0 0.0 0.0 0.0 0.0 -1.0 0.0 -14.361869743653
0.0 0.0 0.0 0.0 0.0 0.0 0.0 0.0 0.0 0.0 -0.6 0.0 -14.635544350755
0.0 0.0 0.0 0.0 0.0 0.0 0.0 0.0 0.0 0.0 -0.2 0.0 -14.71679624555
0.0 0.0 0.0 0.0 0.0 0.0 0.0 0.0 0.0 0.0 0.2 0.0 -14.718619926462
0.0 0.0 0.0 0.0 0.0 0.0 0.0 0.0 0.0 0.0 0.6 0.0 -14.688634975669
0.0 0.0 0.0 0.0 0.0 0.0 0.0 0.0 0.0 0.0 1.0 0.0 -14.647363004445
0.0 0.0 0.0 0.0 0.0 0.0 0.0 0.0 0.0 0.0 0.0 -1.0 -14.504495562913
0.0 0.0 0.0 0.0 0.0 0.0 0.0 0.0 0.0 0.0 0.0 -0.6 -14.661958550344
0.0 0.0 0.0 0.0 0.0 0.0 0.0 0.0 0.0 0.0 0.0 -0.2 -14.717689315192
0.0 0.0 0.0 0.0 0.0 0.0 0.0 0.0 0.0 0.0 0.0 0.2 -14.717689153071
0.0 0.0 0.0 0.0 0.0 0.0 0.0 0.0 0.0 0.0 0.0 0.6 -14.661952900456
0.0 0.0 0.0 0.0 0.0 0.0 0.0 0.0 0.0 0.0 0.0 1.0 -14.504462018066
-1.0 -1.0 0.0 0.0 0.0 0.0 0.0 0.0 0.0 0.0 0.0 0.0 -14.684940940577
-1.0 -0.6 0.0 0.0 0.0 0.0 0.0 0.0 0.0 0.0 0.0 0.0 -14.69797298048
-1.0 -0.2 0.0 0.0 0.0 0.0 0.0 0.0 0.0 0.0 0.0 0.0 -14.704227392627
-1.0 0.2 0.0 0.0 0.0 0.0 0.0 0.0 0.0 0.0 0.0 0.0 -14.704227396487
-1.0 0.6 0.0 0.0 0.0 0.0 0.0 0.0 0.0 0.0 0.0 0.0 -14.697972991533
-1.0 1.0 0.0 0.0 0.0 0.0 0.0 0.0 0.0 0.0 0.0 0.0 -14.684940958252
-0.6 -1.0 0.0 0.0 0.0 0.0 0.0 0.0 0.0 0.0 0.0 0.0 -14.699379289112
-0.6 -0.6 0.0 0.0 0.0 0.0 0.0 0.0 0.0 0.0 0.0 0.0 -14.711671315048
-0.6 -0.2 0.0 0.0 0.0 0.0 0.0 0.0 0.0 0.0 0.0 0.0 -14.717379980249
-0.6 0.2 0.0 0.0 0.0 0.0 0.0 0.0 0.0 0.0 0.0 0.0 -14.717379980512
-0.6 0.6 0.0 0.0 0.0 0.0 0.0 0.0 0.0 0.0 0.0 0.0 -14.711671315307
-0.6 1.0 0.0 0.0 0.0 0.0 0.0 0.0 0.0 0.0 0.0 0.0 -14.699379288612
-0.2 -1.0 0.0 0.0 0.0 0.0 0.0 0.0 0.0 0.0 0.0 0.0 -14.705541194217
-0.2 -0.6 0.0 0.0 0.0 0.0 0.0 0.0 0.0 0.0 0.0 0.0 -14.717238383637
-0.2 -0.2 0.0 0.0 0.0 0.0 0.0 0.0 0.0 0.0 0.0 0.0 -14.722536685631
-0.2 0.2 0.0 0.0 0.0 0.0 0.0 0.0 0.0 0.0 0.0 0.0 -14.722536685355
-0.2 0.6 0.0 0.0 0.0 0.0 0.0 0.0 0.0 0.0 0.0 0.0 -14.717238382581
-0.2 1.0 0.0 0.0 0.0 0.0 0.0 0.0 0.0 0.0 0.0 0.0 -14.705541192033
0.2 -1.0 0.0 0.0 0.0 0.0 0.0 0.0 0.0 0.0 0.0 0.0 -14.705542054109
0.2 -0.6 0.0 0.0 0.0 0.0 0.0 0.0 0.0 0.0 0.0 0.0 -14.717238829965
0.2 -0.2 0.0 0.0 0.0 0.0 0.0 0.0 0.0 0.0 0.0 0.0 -14.722536870384
0.2 0.2 0.0 0.0 0.0 0.0 0.0 0.0 0.0 0.0 0.0 0.0 -14.722536870662
0.2 0.6 0.0 0.0 0.0 0.0 0.0 0.0 0.0 0.0 0.0 0.0 -14.717238831036
0.2 1.0 0.0 0.0 0.0 0.0 0.0 0.0 0.0 0.0 0.0 0.0 -14.70554205634
0.6 -1.0 0.0 0.0 0.0 0.0 0.0 0.0 0.0 0.0 0.0 0.0 -14.699381640327
0.6 -0.6 0.0 0.0 0.0 0.0 0.0 0.0 0.0 0.0 0.0 0.0 -14.711672570059
0.6 -0.2 0.0 0.0 0.0 0.0 0.0 0.0 0.0 0.0 0.0 0.0 -14.717380544694
0.6 0.2 0.0 0.0 0.0 0.0 0.0 0.0 0.0 0.0 0.0 0.0 -14.717380544432
0.6 0.6 0.0 0.0 0.0 0.0 0.0 0.0 0.0 0.0 0.0 0.0 -14.711672569813
0.6 1.0 0.0 0.0 0.0 0.0 0.0 0.0 0.0 0.0 0.0 0.0 -14.699381640873
1.0 -1.0 0.0 0.0 0.0 0.0 0.0 0.0 0.0 0.0 0.0 0.0 -14.684944169061
1.0 -0.6 0.0 0.0 0.0 0.0 0.0 0.0 0.0 0.0 0.0 0.0 -14.697974821094
1.0 -0.2 0.0 0.0 0.0 0.0 0.0 0.0 0.0 0.0 0.0 0.0 -14.704228363399
1.0 0.2 0.0 0.0 0.0 0.0 0.0 0.0 0.0 0.0 0.0 0.0 -14.704228359543
1.0 0.6 0.0 0.0 0.0 0.0 0.0 0.0 0.0 0.0 0.0 0.0 -14.697974810064
1.0 1.0 0.0 0.0 0.0 0.0 0.0 0.0 0.0 0.0 0.0 0.0 -14.684944151442
-1.0 0.0 -1.0 0.0 0.0 0.0 0.0 0.0 0.0 0.0 0.0 0.0 -14.681243973547
-1.0 0.0 -0.6 0.0 0.0 0.0 0.0 0.0 0.0 0.0 0.0 0.0 -14.695809091042
-1.0 0.0 -0.2 0.0 0.0 0.0 0.0 0.0 0.0 0.0 0.0 0.0 -14.703778960977
-1.0 0.0 0.2 0.0 0.0 0.0 0.0 0.0 0.0 0.0 0.0 0.0 -14.704160263994
-1.0 0.0 0.6 0.0 0.0 0.0 0.0 0.0 0.0 0.0 0.0 0.0 -14.695586228316
-1.0 0.0 1.0 0.0 0.0 0.0 0.0 0.0 0.0 0.0 0.0 0.0 -14.676171861043
-0.6 0.0 -1.0 0.0 0.0 0.0 0.0 0.0 0.0 0.0 0.0 0.0 -14.694641586026
-0.6 0.0 -0.6 0.0 0.0 0.0 0.0 0.0 0.0 0.0 0.0 0.0 -14.709104824386
-0.6 0.0 -0.2 0.0 0.0 0.0 0.0 0.0 0.0 0.0 0.0 0.0 -14.716922604657
-0.6 0.0 0.2 0.0 0.0 0.0 0.0 0.0 0.0 0.0 0.0 0.0 -14.717191315355
-0.6 0.0 0.6 0.0 0.0 0.0 0.0 0.0 0.0 0.0 0.0 0.0 -14.708688098194
-0.6 0.0 1.0 0.0 0.0 0.0 0.0 0.0 0.0 0.0 0.0 0.0 -14.689717690139
-0.2 0.0 -1.0 0.0 0.0 0.0 0.0 0.0 0.0 0.0 0.0 0.0 -14.70042282515
-0.2 0.0 -0.6 0.0 0.0 0.0 0.0 0.0 0.0 0.0 0.0 0.0 -14.714633219654
-0.2 0.0 -0.2 0.0 0.0 0.0 0.0 0.0 0.0 0.0 0.0 0.0 -14.722163510517
-0.2 0.0 0.2 0.0 0.0 0.0 0.0 0.0 0.0 0.0 0.0 0.0 -14.7221593265
-0.2 0.0 0.6 0.0 0.0 0.0 0.0 0.0 0.0 0.0 0.0 0.0 -14.713453232
-0.2 0.0 1.0 0.0 0.0 0.0 0.0 0.0 0.0 0.0 0.0 0.0 -14.694403157729
0.2 0.0 -1.0 0.0 0.0 0.0 0.0 0.0 0.0 0.0 0.0 0.0 -14.700423016302
0.2 0.0 -0.6 0.0 0.0 0.0 0.0 0.0 0.0 0.0 0.0 0.0 -14.714633390616
0.2 0.0 -0.2 0.0 0.0 0.0 0.0 0.0 0.0 0.0 0.0 0.0 -14.72216366577
0.2 0.0 0.2 0.0 0.0 0.0 0.0 0.0 0.0 0.0 0.0 0.0 -14.722159470511
0.2 0.0 0.6 0.0 0.0 0.0 0.0 0.0 0.0 0.0 0.0 0.0 -14.713453369091
0.2 0.0 1.0 0.0 0.0 0.0 0.0 0.0 0.0 0.0 0.0 0.0 -14.694403291709
0.6 0.0 -1.0 0.0 0.0 0.0 0.0 0.0 0.0 0.0 0.0 0.0 -14.694642180031
0.6 0.0 -0.6 0.0 0.0 0.0 0.0 0.0 0.0 0.0 0.0 0.0 -14.709105358138
0.6 0.0 -0.2 0.0 0.0 0.0 0.0 0.0 0.0 0.0 0.0 0.0 -14.716923092069
0.6 0.0 0.2 0.0 0.0 0.0 0.0 0.0 0.0 0.0 0.0 0.0 -14.717191771181
0.6 0.0 0.6 0.0 0.0 0.0 0.0 0.0 0.0 0.0 0.0 0.0 -14.708688538687
0.6 0.0 1.0 0.0 0.0 0.0 0.0 0.0 0.0 0.0 0.0 0.0 -14.689718136281
1.0 0.0 -1.0 0.0 0.0 0.0 0.0 0.0 0.0 0.0 0.0 0.0 -14.68124501472
1.0 0.0 -0.6 0.0 0.0 0.0 0.0 0.0 0.0 0.0 0.0 0.0 -14.695810036041
1.0 0.0 -0.2 0.0 0.0 0.0 0.0 0.0 0.0 0.0 0.0 0.0 -14.703779834468
1.0 0.0 0.2 0.0 0.0 0.0 0.0 0.0 0.0 0.0 0.0 0.0 -14.704161098638
1.0 0.0 0.6 0.0 0.0 0.0 0.0 0.0 0.0 0.0 0.0 0.0 -14.695587070763
1.0 0.0 1.0 0.0 0.0 0.0 0.0 0.0 0.0 0.0 0.0 0.0 -14.676172780759
-1.0 0.0 0.0 -1.0 0.0 0.0 0.0 0.0 0.0 0.0 0.0 0.0 -14.644060025836
-1.0 0.0 0.0 -0.6 0.0 0.0 0.0 0.0 0.0 0.0 0.0 0.0 -14.685930982423
-1.0 0.0 0.0 -0.2 0.0 0.0 0.0 0.0 0.0 0.0 0.0 0.0 -14.703169261542
-1.0 0.0 0.0 0.2 0.0 0.0 0.0 0.0 0.0 0.0 0.0 0.0 -14.703169218358
-1.0 0.0 0.0 0.6 0.0 0.0 0.0 0.0 0.0 0.0 0.0 0.0 -14.685930767317
-1.0 0.0 0.0 1.0 0.0 0.0 0.0 0.0 0.0 0.0 0.0 0.0 -14.644059577163
-0.6 0.0 0.0 -1.0 0.0 0.0 0.0 0.0 0.0 0.0 0.0 0.0 -14.660011822232
-0.6 0.0 0.0 -0.6 0.0 0.0 0.0 0.0 0.0 0.0 0.0 0.0 -14.700772212146
-0.6 0.0 0.0 -0.2 0.0 0.0 0.0 0.0 0.0 0.0 0.0 0.0 -14.716507385278
-0.6 0.0 0.0 0.2 0.0 0.0 0.0 0.0 0.0 0.0 0.0 0.0 -14.716507362677
-0.6 0.0 0.0 0.6 0.0 0.0 0.0 0.0 0.0 0.0 0.0 0.0 -14.700772037532
-0.6 0.0 0.0 1.0 0.0 0.0 0.0 0.0 0.0 0.0 0.0 0.0 -14.660011408548
-0.2 0.0 0.0 -1.0 0.0 0.0 0.0 0.0 0.0 0.0 0.0 0.0 -14.666956561525
-0.2 0.0 0.0 -0.6 0.0 0.0 0.0 0.0 0.0 0.0 0.0 0.0 -14.706954867043
-0.2 0.0 0.0 -0.2 0.0 0.0 0.0 0.0 0.0 0.0 0.0 0.0 -14.721765626943
-0.2 0.0 0.0 0.2 0.0 0.0 0.0 0.0 0.0 0.0 0.0 0.0 -14.721765617928
-0.2 0.0 0.0 0.6 0.0 0.0 0.0 0.0 0.0 0.0 0.0 0.0 -14.706954720697
-0.2 0.0 0.0 1.0 0.0 0.0 0.0 0.0 0.0 0.0 0.0 0.0 -14.666956175772
0.2 0.0 0.0 -1.0 0.0 0.0 0.0 0.0 0.0 0.0 0.0 0.0 -14.666956462028
0.2 0.0 0.0 -0.6 0.0 0.0 0.0 0.0 0.0 0.0 0.0 0.0 -14.706955049762
0.2 0.0 0.0 -0.2 0.0 0.0 0.0 0.0 0.0 0.0 0.0 0.0 -14.721765793443
0.2 0.0 0.0 0.2 0.0 0.0 0.0 0.0 0.0 0.0 0.0 0.0 -14.721765784349
0.2 0.0 0.0 0.6 0.0 0.0 0.0 0.0 0.0 0.0 0.0 0.0 -14.706954902983
0.2 0.0 0.0 1.0 0.0 0.0 0.0 0.0 0.0 0.0 0.0 0.0 -14.666956075358
0.6 0.0 0.0 -1.0 0.0 0.0 0.0 0.0 0.0 0.0 0.0 0.0 -14.660011669552
0.6 0.0 0.0 -0.6 0.0 0.0 0.0 0.0 0.0 0.0 0.0 0.0 -14.700772808566
0.6 0.0 0.0 -0.2 0.0 0.0 0.0 0.0 0.0 0.0 0.0 0.0 -14.716507907436
0.6 0.0 0.0 0.2 0.0 0.0 0.0 0.0 0.0 0.0 0.0 0.0 -14.7165078846
0.6 0.0 0.0 0.6 0.0 0.0 0.0 0.0 0.0 0.0 0.0 0.0 -14.700772632718
0.6 0.0 0.0 1.0 0.0 0.0 0.0 0.0 0.0 0.0 0.0 0.0 -14.660011253302
1.0 0.0 0.0 -1.0 0.0 0.0 0.0 0.0 0.0 0.0 0.0 0.0 -14.644060143402
1.0 0.0 0.0 -0.6 0.0 0.0 0.0 0.0 0.0 0.0 0.0 0.0 -14.685932097098
1.0 0.0 0.0 -0.2 0.0 0.0 0.0 0.0 0.0 0.0 0.0 0.0 -14.70317019636
1.0 0.0 0.0 0.2 0.0 0.0 0.0 0.0 0.0 0.0 0.0 0.0 -14.703170152783
1.0 0.0 0.0 0.6 0.0 0.0 0.0 0.0 0.0 0.0 0.0 0.0 -14.685931880102
1.0 0.0 0.0 1.0 0.0 0.0 0.0 0.0 0.0 0.0 0.0 0.0 -14.644059690959
-1.0 0.0 0.0 0.0 -1.0 0.0 0.0 0.0 0.0 0.0 0.0 0.0 -14.642032219563
-1.0 0.0 0.0 0.0 -0.6 0.0 0.0 0.0 0.0 0.0 0.0 0.0 -14.683746466863
-1.0 0.0 0.0 0.0 -0.2 0.0 0.0 0.0 0.0 0.0 0.0 0.0 -14.702816199285
-1.0 0.0 0.0 0.0 0.2 0.0 0.0 0.0 0.0 0.0 0.0 0.0 -14.702816164571
-1.0 0.0 0.0 0.0 0.6 0.0 0.0 0.0 0.0 0.0 0.0 0.0 -14.68374638094
-1.0 0.0 0.0 0.0 1.0 0.0 0.0 0.0 0.0 0.0 0.0 0.0 -14.642032099547
-0.6 0.0 0.0 0.0 -1.0 0.0 0.0 0.0 0.0 0.0 0.0 0.0 -14.656716705079
-0.6 0.0 0.0 0.0 -0.6 0.0 0.0 0.0 0.0 0.0 0.0 0.0 -14.697980268163
-0.6 0.0 0.0 0.0 -0.2 0.0 0.0 0.0 0.0 0.0 0.0 0.0 -14.716074531685
-0.6 0.0 0.0 0.0 0.2 0.0 0.0 0.0 0.0 0.0 0.0 0.0 -14.716074510629
-0.6 0.0 0.0 0.0 0.6 0.0 0.0 0.0 0.0 0.0 0.0 0.0 -14.697980219039
-0.6 0.0 0.0 0.0 1.0 0.0 0.0 0.0 0.0 0.0 0.0 0.0 -14.656716642614
-0.2 0.0 0.0 0.0 -1.0 0.0 0.0 0.0 0.0 0.0 0.0 0.0 -14.662897551808
-0.2 0.0 0.0 0.0 -0.6 0.0 0.0 0.0 0.0 0.0 0.0 0.0 -14.703800892321
-0.2 0.0 0.0 0.0 -0.2 0.0 0.0 0.0 0.0 0.0 0.0 0.0 -14.721285445664
-0.2 0.0 0.0 0.0 0.2 0.0 0.0 0.0 0.0 0.0 0.0 0.0 -14.72128543872
-0.2 0.0 0.0 0.0 0.6 0.0 0.0 0.0 0.0 0.0 0.0 0.0 -14.703800876793
-0.2 0.0 0.0 0.0 1.0 0.0 0.0 0.0 0.0 0.0 0.0 0.0 -14.662897533484
0.2 0.0 0.0 0.0 -1.0 0.0 0.0 0.0 0.0 0.0 0.0 0.0 -14.66289748873
0.2 0.0 0.0 0.0 -0.6 0.0 0.0 0.0 0.0 0.0 0.0 0.0 -14.703800881094
0.2 0.0 0.0 0.0 -0.2 0.0 0.0 0.0 0.0 0.0 0.0 0.0 -14.721285563558
0.2 0.0 0.0 0.0 0.2 0.0 0.0 0.0 0.0 0.0 0.0 0.0 -14.72128557052
0.2 0.0 0.0 0.0 0.6 0.0 0.0 0.0 0.0 0.0 0.0 0.0 -14.703800896769
0.2 0.0 0.0 0.0 1.0 0.0 0.0 0.0 0.0 0.0 0.0 0.0 -14.662897507378
0.6 0.0 0.0 0.0 -1.0 0.0 0.0 0.0 0.0 0.0 0.0 0.0 -14.656716542237
0.6 0.0 0.0 0.0 -0.6 0.0 0.0 0.0 0.0 0.0 0.0 0.0 -14.697980273619
0.6 0.0 0.0 0.0 -0.2 0.0 0.0 0.0 0.0 0.0 0.0 0.0 -14.716074911734
0.6 0.0 0.0 0.0 0.2 0.0 0.0 0.0 0.0 0.0 0.0 0.0 -14.716074932829
0.6 0.0 0.0 0.0 0.6 0.0 0.0 0.0 0.0 0.0 0.0 0.0 -14.697980322932
0.6 0.0 0.0 0.0 1.0 0.0 0.0 0.0 0.0 0.0 0.0 0.0 -14.656716605058
1.0 0.0 0.0 0.0 -1.0 0.0 0.0 0.0 0.0 0.0 0.0 0.0 -14.642032076389
1.0 0.0 0.0 0.0 -0.6 0.0 0.0 0.0 0.0 0.0 0.0 0.0 -14.683746609627
1.0 0.0 0.0 0.0 -0.2 0.0 0.0 0.0 0.0 0.0 0.0 0.0 -14.70281691305
1.0 0.0 0.0 0.0 0.2 0.0 0.0 0.0 0.0 0.0 0.0 0.0 -14.702816947839
1.0 0.0 0.0 0.0 0.6 0.0 0.0 0.0 0.0 0.0 0.0 0.0 -14.683746695803
1.0 0.0 0.0 0.0 1.0 0.0 0.0 0.0 0.0 0.0 0.0 0.0 -14.642032196809
-1.0 0.0 0.0 0.0 0.0 -1.0 0.0 0.0 0.0 0.0 0.0 0.0 -14.670252490995
-1.0 0.0 0.0 0.0 0.0 -0.6 0.0 0.0 0.0 0.0 0.0 0.0 -14.698916367139
-1.0 0.0 0.0 0.0 0.0 -0.2 0.0 0.0 0.0 0.0 0.0 0.0 -14.706934308107
-1.0 0.0 0.0 0.0 0.0 0.2 0.0 0.0 0.0 0.0 0.0 0.0 -14.699793932327
-1.0 0.0 0.0 0.0 0.0 0.6 0.0 0.0 0.0 0.0 0.0 0.0 -14.681221894367
-1.0 0.0 0.0 0.0 0.0 1.0 0.0 0.0 0.0 0.0 0.0 0.0 -14.65381338687
-0.6 0.0 0.0 0.0 0.0 -1.0 0.0 0.0 0.0 0.0 0.0 0.0 -14.661714268872
-0.6 0.0 0.0 0.0 0.0 -0.6 0.0 0.0 0.0 0.0 0.0 0.0 -14.702287685927
-0.6 0.0 0.0 0.0 0.0 -0.2 0.0 0.0 0.0 0.0 0.0 0.0 -14.717580054821
-0.6 0.0 0.0 0.0 0.0 0.2 0.0 0.0 0.0 0.0 0.0 0.0 -14.714710904528
-0.6 0.0 0.0 0.0 0.0 0.6 0.0 0.0 0.0 0.0 0.0 0.0 -14.698549419689
-0.6 0.0 0.0 0.0 0.0 1.0 0.0 0.0 0.0 0.0 0.0 0.0 -14.672425532943
-0.2 0.0 0.0 0.0 0.0 -1.0 0.0 0.0 0.0 0.0 0.0 0.0 -14.653266723995
-0.2 0.0 0.0 0.0 0.0 -0.6 0.0 0.0 0.0 0.0 0.0 0.0 -14.701272148569
-0.2 0.0 0.0 0.0 0.0 -0.2 0.0 0.0 0.0 0.0 0.0 0.0 -14.721136671879
-0.2 0.0 0.0 0.0 0.0 0.2 0.0 0.0 0.0 0.0 0.0 0.0 -14.720994497112
-0.2 0.0 0.0 0.0 0.0 0.6 0.0 0.0 0.0 0.0 0.0 0.0 -14.706431423587
-0.2 0.0 0.0 0.0 0.0 1.0 0.0 0.0 0.0 0.0 0.0 0.0 -14.681232171904
0.2 0.0 0.0 0.0 0.0 -1.0 0.0 0.0 0.0 0.0 0.0 0.0 -14.653267210877
0.2 0.0 0.0 0.0 0.0 -0.6 0.0 0.0 0.0 0.0 0.0 0.0 -14.7012722756
0.2 0.0 0.0 0.0 0.0 -0.2 0.0 0.0 0.0 0.0 0.0 0.0 -14.721136816584
0.2 0.0 0.0 0.0 0.0 0.2 0.0 0.0 0.0 0.0 0.0 0.0 -14.720994612387
0.2 0.0 0.0 0.0 0.0 0.6 0.0 0.0 0.0 0.0 0.0 0.0 -14.706431316417
0.2 0.0 0.0 0.0 0.0 1.0 0.0 0.0 0.0 0.0 0.0 0.0 -14.681231622846
0.6 0.0 0.0 0.0 0.0 -1.0 0.0 0.0 0.0 0.0 0.0 0.0 -14.661715762864
0.6 0.0 0.0 0.0 0.0 -0.6 0.0 0.0 0.0 0.0 0.0 0.0 -14.702288271328
0.6 0.0 0.0 0.0 0.0 -0.2 0.0 0.0 0.0 0.0 0.0 0.0 -14.717580587106
0.6 0.0 0.0 0.0 0.0 0.2 0.0 0.0 0.0 0.0 0.0 0.0 -14.714711202285
0.6 0.0 0.0 0.0 0.0 0.6 0.0 0.0 0.0 0.0 0.0 0.0 -14.698548950126
0.6 0.0 0.0 0.0 0.0 1.0 0.0 0.0 0.0 0.0 0.0 0.0 -14.672423707652
1.0 0.0 0.0 0.0 0.0 -1.0 0.0 0.0 0.0 0.0 0.0 0.0 -14.670255221177
1.0 0.0 0.0 0.0 0.0 -0.6 0.0 0.0 0.0 0.0 0.0 0.0 -14.69891794539
1.0 0.0 0.0 0.0 0.0 -0.2 0.0 0.0 0.0 0.0 0.0 0.0 -14.706935477196
1.0 0.0 0.0 0.0 0.0 0.2 0.0 0.0 0.0 0.0 0.0 0.0 -14.699794293289
1.0 0.0 0.0 0.0 0.0 0.6 0.0 0.0 0.0 0.0 0.0 0.0 -14.681220680655
1.0 0.0 0.0 0.0 0.0 1.0 0.0 0.0 0.0 0.0 0.0 0.0 -14.653809802761
-1.0 0.0 0.0 0.0 0.0 0.0 -1.0 0.0 0.0 0.0 0.0 0.0 -14.66449793033
-1.0 0.0 0.0 0.0 0.0 0.0 -0.6 0.0 0.0 0.0 0.0 0.0 -14.693105033773
-1.0 0.0 0.0 0.0 0.0 0.0 -0.2 0.0 0.0 0.0 0.0 0.0 -14.70480846735
-1.0 0.0 0.0 0.0 0.0 0.0 0.2 0.0 0.0 0.0 0.0 0.0 -14.701514719941
-1.0 0.0 0.0 0.0 0.0 0.0 0.6 0.0 0.0 0.0 0.0 0.0 -14.683277824469
-1.0 0.0 0.0 0.0 0.0 0.0 1.0 0.0 0.0 0.0 0.0 0.0 -14.648504149929
-0.6 0.0 0.0 0.0 0.0 0.0 -1.0 0.0 0.0 0.0 0.0 0.0 -14.665005134448
-0.6 0.0 0.0 0.0 0.0 0.0 -0.6 0.0 0.0 0.0 0.0 0.0 -14.700387831495
-0.6 0.0 0.0 0.0 0.0 0.0 -0.2 0.0 0.0 0.0 0.0 0.0 -14.716411700324
-0.6 0.0 0.0 0.0 0.0 0.0 0.2 0.0 0.0 0.0 0.0 0.0 -14.715641716794
-0.6 0.0 0.0 0.0 0.0 0.0 0.6 0.0 0.0 0.0 0.0 0.0 -14.698121453052
-0.6 0.0 0.0 0.0 0.0 0.0 1.0 0.0 0.0 0.0 0.0 0.0 -14.661552651732
-0.2 0.0 0.0 0.0 0.0 0.0 -1.0 0.0 0.0 0.0 0.0 0.0 -14.664290432951
-0.2 0.0 0.0 0.0 0.0 0.0 -0.6 0.0 0.0 0.0 0.0 0.0 -14.703097736365
-0.2 0.0 0.0 0.0 0.0 0.0 -0.2 0.0 0.0 0.0 0.0 0.0 -14.721006508083
-0.2 0.0 0.0 0.0 0.0 0.0 0.2 0.0 0.0 0.0 0.0 0.0 -14.720978156978
-0.2 0.0 0.0 0.0 0.0 0.0 0.6 0.0 0.0 0.0 0.0 0.0 -14.703023228761
-0.2 0.0 0.0 0.0 0.0 0.0 1.0 0.0 0.0 0.0 0.0 0.0 -14.664282284335
0.2 0.0 0.0 0.0 0.0 0.0 -1.0 0.0 0.0 0.0 0.0 0.0 -14.664267553343
0.2 0.0 0.0 0.0 0.0 0.0 -0.6 0.0 0.0 0.0 0.0 0.0 -14.703020010718
0.2 0.0 0.0 0.0 0.0 0.0 -0.2 0.0 0.0 0.0 0.0 0.0 -14.72097803033
0.2 0.0 0.0 0.0 0.0 0.0 0.2 0.0 0.0 0.0 0.0 0.0 -14.721006967211
0.2 0.0 0.0 0.0 0.0 0.0 0.6 0.0 0.0 0.0 0.0 0.0 -14.70310156517
0.2 0.0 0.0 0.0 0.0 0.0 1.0 0.0 0.0 0.0 0.0 0.0 -14.66430632654
0.6 0.0 0.0 0.0 0.0 0.0 -1.0 0.0 0.0 0.0 0.0 0.0 -14.661542918962
0.6 0.0 0.0 0.0 0.0 0.0 -0.6 0.0 0.0 0.0 0.0 0.0 -14.698120438768
0.6 0.0 0.0 0.0 0.0 0.0 -0.2 0.0 0.0 0.0 0.0 0.0 -14.715642362081
0.6 0.0 0.0 0.0 0.0 0.0 0.2 0.0 0.0 0.0 0.0 0.0 -14.716412095107
0.6 0.0 0.0 0.0 0.0 0.0 0.6 0.0 0.0 0.0 0.0 0.0 -14.700390707427
0.6 0.0 0.0 0.0 0.0 0.0 1.0 0.0 0.0 0.0 0.0 0.0 -14.665018409013
1.0 0.0 0.0 0.0 0.0 0.0 -1.0 0.0 0.0 0.0 0.0 0.0 -14.648501660251
1.0 0.0 0.0 0.0 0.0 0.0 -0.6 0.0 0.0 0.0 0.0 0.0 -14.683279968494
1.0 0.0 0.0 0.0 0.0 0.0 -0.2 0.0 0.0 0.0 0.0 0.0 -14.701516433599
1.0 0.0 0.0 0.0 0.0 0.0 0.2 0.0 0.0 0.0 0.0 0.0 -14.704808614286
1.0 0.0 0.0 0.0 0.0 0.0 0.6 0.0 0.0 0.0 0.0 0.0 -14.693106088234
1.0 0.0 0.0 0.0 0.0 0.0 1.0 0.0 0.0 0.0 0.0 0.0 -14.664506445665
-1.0 0.0 0.0 0.0 0.0 0.0 0.0 -1.0 0.0 0.0 0.0 0.0 -14.656319039624
-1.0 0.0 0.0 0.0 0.0 0.0 0.0 -0.6 0.0 0.0 0.0 0.0 -14.688802227684
-1.0 0.0 0.0 0.0 0.0 0.0 0.0 -0.2 0.0 0.0 0.0 0.0 -14.704202521643
-1.0 0.0 0.0 0.0 0.0 0.0 0.0 0.2 0.0 0.0 0.0 0.0 -14.700375025733
-1.0 0.0 0.0 0.0 0.0 0.0 0.0 0.6 0.0 0.0 0.0 0.0 -14.673119267435
-1.0 0.0 0.0 0.0 0.0 0.0 0.0 1.0 0.0 0.0 0.0 0.0 -14.622563805334
-0.6 0.0 0.0 0.0 0.0 0.0 0.0 -1.0 0.0 0.0 0.0 0.0 -14.661783709383
-0.6 0.0 0.0 0.0 0.0 0.0 0.0 -0.6 0.0 0.0 0.0 0.0 -14.698586555301
-0.6 0.0 0.0 0.0 0.0 0.0 0.0 -0.2 0.0 0.0 0.0 0.0 -14.716087598574
-0.6 0.0 0.0 0.0 0.0 0.0 0.0 0.2 0.0 0.0 0.0 0.0 -14.715064933335
-0.6 0.0 0.0 0.0 0.0 0.0 0.0 0.6 0.0 0.0 0.0 0.0 -14.691708507857
-0.6 0.0 0.0 0.0 0.0 0.0 0.0 1.0 0.0 0.0 0.0 0.0 -14.64340908369
-0.2 0.0 0.0 0.0 0.0 0.0 0.0 -1.0 0.0 0.0 0.0 0.0 -14.660837076175
-0.2 0.0 0.0 0.0 0.0 0.0 0.0 -0.6 0.0 0.0 0.0 0.0 -14.701966793999
-0.2 0.0 0.0 0.0 0.0 0.0 0.0 -0.2 0.0 0.0 0.0 0.0 -14.720881414147
-0.2 0.0 0.0 0.0 0.0 0.0 0.0 0.2 0.0 0.0 0.0 0.0 -14.720768860309
-0.2 0.0 0.0 0.0 0.0 0.0 0.0 0.6 0.0 0.0 0.0 0.0 -14.700091815612
-0.2 0.0 0.0 0.0 0.0 0.0 0.0 1.0 0.0 0.0 0.0 0.0 -14.654947235538
0.2 0.0 0.0 0.0 0.0 0.0 0.0 -1.0 0.0 0.0 0.0 0.0 -14.654949343995
0.2 0.0 0.0 0.0 0.0 0.0 0.0 -0.6 0.0 0.0 0.0 0.0 -14.700092887499
0.2 0.0 0.0 0.0 0.0 0.0 0.0 -0.2 0.0 0.0 0.0 0.0 -14.720769301745
0.2 0.0 0.0 0.0 0.0 0.0 0.0 0.2 0.0 0.0 0.0 0.0 -14.720881235752
0.2 0.0 0.0 0.0 0.0 0.0 0.0 0.6 0.0 0.0 0.0 0.0 -14.701965751426
0.2 0.0 0.0 0.0 0.0 0.0 0.0 1.0 0.0 0.0 0.0 0.0 -14.660834681958
0.6 0.0 0.0 0.0 0.0 0.0 0.0 -1.0 0.0 0.0 0.0 0.0 -14.643410546855
0.6 0.0 0.0 0.0 0.0 0.0 0.0 -0.6 0.0 0.0 0.0 0.0 -14.691709397074
0.6 0.0 0.0 0.0 0.0 0.0 0.0 -0.2 0.0 0.0 0.0 0.0 -14.715065566031
0.6 0.0 0.0 0.0 0.0 0.0 0.0 0.2 0.0 0.0 0.0 0.0 -14.716087805443
0.6 0.0 0.0 0.0 0.0 0.0 0.0 0.6 0.0 0.0 0.0 0.0 -14.698585814835
0.6 0.0 0.0 0.0 0.0 0.0 0.0 1.0 0.0 0.0 0.0 0.0 -14.661781375576
1.0 0.0 0.0 0.0 0.0 0.0 0.0 -1.0 0.0 0.0 0.0 0.0 -14.622564192364
1.0 0.0 0.0 0.0 0.0 0.0 0.0 -0.6 0.0 0.0 0.0 0.0 -14.673119768099
1.0 0.0 0.0 0.0 0.0 0.0 0.0 -0.2 0.0 0.0 0.0 0.0 -14.700375818638
1.0 0.0 0.0 0.0 0.0 0.0 0.0 0.2 0.0 0.0 0.0 0.0 -14.704203277619
1.0 0.0 0.0 0.0 0.0 0.0 0.0 0.6 0.0 0.0 0.0 0.0 -14.688802150737
1.0 0.0 0.0 0.0 0.0 0.0 0.0 1.0 0.0 0.0 0.0 0.0 -14.656317197372
-1.0 0.0 0.0 0.0 0.0 0.0 0.0 0.0 -1.0 0.0 0.0 0.0 -14.640750453771
-1.0 0.0 0.0 0.0 0.0 0.0 0.0 0.0 -0.6 0.0 0.0 0.0 -14.681339530057
-1.0 0.0 0.0 0.0 0.0 0.0 0.0 0.0 -0.2 0.0 0.0 0.0 -14.702575467363
-1.0 0.0 0.0 0.0 0.0 0.0 0.0 0.0 0.2 0.0 0.0 0.0 -14.701575845392
-1.0 0.0 0.0 0.0 0.0 0.0 0.0 0.0 0.6 0.0 0.0 0.0 -14.676742441629
-1.0 0.0 0.0 0.0 0.0 0.0 0.0 0.0 1.0 0.0 0.0 0.0 -14.627523388308
-0.6 0.0 0.0 0.0 0.0 0.0 0.0 0.0 -1.0 0.0 0.0 0.0 -14.656494258411
-0.6 0.0 0.0 0.0 0.0 0.0 0.0 0.0 -0.6 0.0 0.0 0.0 -14.695684514435
-0.6 0.0 0.0 0.0 0.0 0.0 0.0 0.0 -0.2 0.0 0.0 0.0 -14.715577719748
-0.6 0.0 0.0 0.0 0.0 0.0 0.0 0.0 0.2 0.0 0.0 0.0 -14.715365227823
-0.6 0.0 0.0 0.0 0.0 0.0 0.0 0.0 0.6 0.0 0.0 0.0 -14.693044357912
-0.6 0.0 0.0 0.0 0.0 0.0 0.0 0.0 1.0 0.0 0.0 0.0 -14.645787928296
-0.2 0.0 0.0 0.0 0.0 0.0 0.0 0.0 -1.0 0.0 0.0 0.0 -14.664139011824
-0.2 0.0 0.0 0.0 0.0 0.0 0.0 0.0 -0.6 0.0 0.0 0.0 -14.702165658113
-0.2 0.0 0.0 0.0 0.0 0.0 0.0 0.0 -0.2 0.0 0.0 0.0 -14.720826606414
-0.2 0.0 0.0 0.0 0.0 0.0 0.0 0.0 0.2 0.0 0.0 0.0 -14.720723487943
-0.2 0.0 0.0 0.0 0.0 0.0 0.0 0.0 0.6 0.0 0.0 0.0 -14.699459761988
-0.2 0.0 0.0 0.0 0.0 0.0 0.0 0.0 1.0 0.0 0.0 0.0 -14.65252036138
0.2 0.0 0.0 0.0 0.0 0.0 0.0 0.0 -1.0 0.0 0.0 0.0 -14.66413885463
0.2 0.0 0.0 0.0 0.0 0.0 0.0 0.0 -0.6 0.0 0.0 0.0 -14.702165690209
0.2 0.0 0.0 0.0 0.0 0.0 0.0 0.0 -0.2 0.0 0.0 0.0 -14.720826770442
0.2 0.0 0.0 0.0 0.0 0.0 0.0 0.0 0.2 0.0 0.0 0.0 -14.72072365892
0.2 0.0 0.0 0.0 0.0 0.0 0.0 0.0 0.6 0.0 0.0 0.0 -14.699460281888
0.2 0.0 0.0 0.0 0.0 0.0 0.0 0.0 1.0 0.0 0.0 0.0 -14.652521213415
0.6 0.0 0.0 0.0 0.0 0.0 0.0 0.0 -1.0 0.0 0.0 0.0 -14.65649384761
0.6 0.0 0.0 0.0 0.0 0.0 0.0 0.0 -0.6 0.0 0.0 0.0 -14.695684594351
0.6 0.0 0.0 0.0 0.0 0.0 0.0 0.0 -0.2 0.0 0.0 0.0 -14.715578181829
0.6 0.0 0.0 0.0 0.0 0.0 0.0 0.0 0.2 0.0 0.0 0.0 -14.715365810503
0.6 0.0 0.0 0.0 0.0 0.0 0.0 0.0 0.6 0.0 0.0 0.0 -14.693045986917
0.6 0.0 0.0 0.0 0.0 0.0 0.0 0.0 1.0 0.0 0.0 0.0 -14.645790736368
1.0 0.0 0.0 0.0 0.0 0.0 0.0 0.0 -1.0 0.0 0.0 0.0 -14.640749891799
1.0 0.0 0.0 0.0 0.0 0.0 0.0 0.0 -0.6 0.0 0.0 0.0 -14.681339564904
1.0 0.0 0.0 0.0 0.0 0.0 0.0 0.0 -0.2 0.0 0.0 0.0 -14.702576138722
1.0 0.0 0.0 0.0 0.0 0.0 0.0 0.0 0.2 0.0 0.0 0.0 -14.701577040157
1.0 0.0 0.0 0.0 0.0 0.0 0.0 0.0 0.6 0.0 0.0 0.0 -14.676745466003
1.0 0.0 0.0 0.0 0.0 0.0 0.0 0.0 1.0 0.0 0.0 0.0 -14.627528805849
-1.0 0.0 0.0 0.0 0.0 0.0 0.0 0.0 0.0 -1.0 0.0 0.0 -14.577172174814
-1.0 0.0 0.0 0.0 0.0 0.0 0.0 0.0 0.0 -0.6 0.0 0.0 -14.665191807357
-1.0 0.0 0.0 0.0 0.0 0.0 0.0 0.0 0.0 -0.2 0.0 0.0 -14.700495484303
-1.0 0.0 0.0 0.0 0.0 0.0 0.0 0.0 0.0 0.2 0.0 0.0 -14.703067495734
-1.0 0.0 0.0 0.0 0.0 0.0 0.0 0.0 0.0 0.6 0.0 0.0 -14.684568379501
-1.0 0.0 0.0 0.0 0.0 0.0 0.0 0.0 0.0 1.0 0.0 0.0 -14.651470888228
-0.6 0.0 0.0 0.0 0.0 0.0 0.0 0.0 0.0 -1.0 0.0 0.0 -14.591536030893
-0.6 0.0 0.0 0.0 0.0 0.0 0.0 0.0 0.0 -0.6 0.0 0.0 -14.679411115876
-0.6 0.0 0.0 0.0 0.0 0.0 0.0 0.0 0.0 -0.2 0.0 0.0 -14.714086117013
-0.6 0.0 0.0 0.0 0.0 0.0 0.0 0.0 0.0 0.2 0.0 0.0 -14.715475034745
-0.6 0.0 0.0 0.0 0.0 0.0 0.0 0.0 0.0 0.6 0.0 0.0 -14.695127168468
-0.6 0.0 0.0 0.0 0.0 0.0 0.0 0.0 0.0 1.0 0.0 0.0 -14.659403971507
-0.2 0.0 0.0 0.0 0.0 0.0 0.0 0.0 0.0 -1.0 0.0 0.0 -14.597836120319
-0.2 0.0 0.0 0.0 0.0 0.0 0.0 0.0 0.0 -0.6 0.0 0.0 -14.685414209693
-0.2 0.0 0.0 0.0 0.0 0.0 0.0 0.0 0.0 -0.2 0.0 0.0 -14.71955280852
-0.2 0.0 0.0 0.0 0.0 0.0 0.0 0.0 0.0 0.2 0.0 0.0 -14.720132231252
-0.2 0.0 0.0 0.0 0.0 0.0 0.0 0.0 0.0 0.6 0.0 0.0 -14.698649630259
-0.2 0.0 0.0 0.0 0.0 0.0 0.0 0.0 0.0 1.0 0.0 0.0 -14.661430381891
0.2 0.0 0.0 0.0 0.0 0.0 0.0 0.0 0.0 -1.0 0.0 0.0 -14.597836358842
0.2 0.0 0.0 0.0 0.0 0.0 0.0 0.0 0.0 -0.6 0.0 0.0 -14.685414394619
0.2 0.0 0.0 0.0 0.0 0.0 0.0 0.0 0.0 -0.2 0.0 0.0 -14.719552963713
0.2 0.0 0.0 0.0 0.0 0.0 0.0 0.0 0.0 0.2 0.0 0.0 -14.72013238198
0.2 0.0 0.0 0.0 0.0 0.0 0.0 0.0 0.0 0.6 0.0 0.0 -14.69864981882
0.2 0.0 0.0 0.0 0.0 0.0 0.0 0.0 0.0 1.0 0.0 0.0 -14.66143068236
0.6 0.0 0.0 0.0 0.0 0.0 0.0 0.0 0.0 -1.0 0.0 0.0 -14.591536781777
0.6 0.0 0.0 0.0 0.0 0.0 0.0 0.0 0.0 -0.6 0.0 0.0 -14.679411704262
0.6 0.0 0.0 0.0 0.0 0.0 0.0 0.0 0.0 -0.2 0.0 0.0 -14.714086610817
0.6 0.0 0.0 0.0 0.0 0.0 0.0 0.0 0.0 0.2 0.0 0.0 -14.715475500277
0.6 0.0 0.0 0.0 0.0 0.0 0.0 0.0 0.0 0.6 0.0 0.0 -14.695127713044
0.6 0.0 0.0 0.0 0.0 0.0 0.0 0.0 0.0 1.0 0.0 0.0 -14.659404782556
1.0 0.0 0.0 0.0 0.0 0.0 0.0 0.0 0.0 -1.0 0.0 0.0 -14.57717351678
1.0 0.0 0.0 0.0 0.0 0.0 0.0 0.0 0.0 -0.6 0.0 0.0 -14.665192876886
1.0 0.0 0.0 0.0 0.0 0.0 0.0 0.0 0.0 -0.2 0.0 0.0 -14.700496386235
1.0 0.0 0.0 0.0 0.0 0.0 0.0 0.0 0.0 0.2 0.0 0.0 -14.703068316854
1.0 0.0 0.0 0.0 0.0 0.0 0.0 0.0 0.0 0.6 0.0 0.0 -14.684569248772
1.0 0.0 0.0 0.0 0.0 0.0 0.0 0.0 0.0 1.0 0.0 0.0 -14.651472028621
-1.0 0.0 0.0 0.0 0.0 0.0 0.0 0.0 0.0 0.0 -1.0 0.0 -14.460378981787
-1.0 0.0 0.0 0.0 0.0 0.0 0.0 0.0 0.0 0.0 -0.6 0.0 -14.650971171314
-1.0 0.0 0.0 0.0 0.0 0.0 0.0 0.0 0.0 0.0 -0.2 0.0 -14.703974955139
-1.0 0.0 0.0 0.0 0.0 0.0 0.0 0.0 0.0 0.0 0.2 0.0 -14.696595852735
-1.0 0.0 0.0 0.0 0.0 0.0 0.0 0.0 0.0 0.0 0.6 0.0 -14.66402679386
-1.0 0.0 0.0 0.0 0.0 0.0 0.0 0.0 0.0 0.0 1.0 0.0 -14.622472680366
-0.6 0.0 0.0 0.0 0.0 0.0 0.0 0.0 0.0 0.0 -1.0 0.0 -14.403487584164
-0.6 0.0 0.0 0.0 0.0 0.0 0.0 0.0 0.0 0.0 -0.6 0.0 -14.643522997409
-0.6 0.0 0.0 0.0 0.0 0.0 0.0 0.0 0.0 0.0 -0.2 0.0 -14.713495378214
-0.6 0.0 0.0 0.0 0.0 0.0 0.0 0.0 0.0 0.0 0.2 0.0 -14.711637866074
-0.6 0.0 0.0 0.0 0.0 0.0 0.0 0.0 0.0 0.0 0.6 0.0 -14.680573922204
-0.6 0.0 0.0 0.0 0.0 0.0 0.0 0.0 0.0 0.0 1.0 0.0 -14.639120811347
-0.2 0.0 0.0 0.0 0.0 0.0 0.0 0.0 0.0 0.0 -1.0 0.0 -14.366882797014
-0.2 0.0 0.0 0.0 0.0 0.0 0.0 0.0 0.0 0.0 -0.6 0.0 -14.636582394314
-0.2 0.0 0.0 0.0 0.0 0.0 0.0 0.0 0.0 0.0 -0.2 0.0 -14.71651222869
-0.2 0.0 0.0 0.0 0.0 0.0 0.0 0.0 0.0 0.0 0.2 0.0 -14.717904190811
-0.2 0.0 0.0 0.0 0.0 0.0 0.0 0.0 0.0 0.0 0.6 0.0 -14.687790111374
-0.2 0.0 0.0 0.0 0.0 0.0 0.0 0.0 0.0 0.0 1.0 0.0 -14.646493141574
0.2 0.0 0.0 0.0 0.0 0.0 0.0 0.0 0.0 0.0 -1.0 0.0 -14.366882020649
0.2 0.0 0.0 0.0 0.0 0.0 0.0 0.0 0.0 0.0 -0.6 0.0 -14.636582382889
0.2 0.0 0.0 0.0 0.0 0.0 0.0 0.0 0.0 0.0 -0.2 0.0 -14.716512371417
0.2 0.0 0.0 0.0 0.0 0.0 0.0 0.0 0.0 0.0 0.2 0.0 -14.717904330603
0.2 0.0 0.0 0.0 0.0 0.0 0.0 0.0 0.0 0.0 0.6 0.0 -14.687790220765
0.2 0.0 0.0 0.0 0.0 0.0 0.0 0.0 0.0 0.0 1.0 0.0 -14.646493224912
0.6 0.0 0.0 0.0 0.0 0.0 0.0 0.0 0.0 0.0 -1.0 0.0 -14.40348563909
0.6 0.0 0.0 0.0 0.0 0.0 0.0 0.0 0.0 0.0 -0.6 0.0 -14.643523044973
0.6 0.0 0.0 0.0 0.0 0.0 0.0 0.0 0.0 0.0 -0.2 0.0 -14.71349583321
0.6 0.0 0.0 0.0 0.0 0.0 0.0 0.0 0.0 0.0 0.2 0.0 -14.711638308141
0.6 0.0 0.0 0.0 0.0 0.0 0.0 0.0 0.0 0.0 0.6 0.0 -14.680574276636
0.6 0.0 0.0 0.0 0.0 0.0 0.0 0.0 0.0 0.0 1.0 0.0 -14.639121092162
1.0 0.0 0.0 0.0 0.0 0.0 0.0 0.0 0.0 0.0 -1.0 0.0 -14.46037679373
1.0 0.0 0.0 0.0 0.0 0.0 0.0 0.0 0.0 0.0 -0.6 0.0 -14.650971491559
1.0 0.0 0.0 0.0 0.0 0.0 0.0 0.0 0.0 0.0 -0.2 0.0 -14.703975794218
1.0 0.0 0.0 0.0 0.0 0.0 0.0 0.0 0.0 0.0 0.2 0.0 -14.696596655052
1.0 0.0 0.0 0.0 0.0 0.0 0.0 0.0 0.0 0.0 0.6 0.0 -14.66402745785
1.0 0.0 0.0 0.0 0.0 0.0 0.0 0.0 0.0 0.0 1.0 0.0 -14.622473230487
-1.0 0.0 0.0 0.0 0.0 0.0 0.0 0.0 0.0 0.0 0.0 -1.0 -14.544198880997
-1.0 0.0 0.0 0.0 0.0 0.0 0.0 0.0 0.0 0.0 0.0 -0.6 -14.657472650669
-1.0 0.0 0.0 0.0 0.0 0.0 0.0 0.0 0.0 0.0 0.0 -0.2 -14.700081476468
-1.0 0.0 0.0 0.0 0.0 0.0 0.0 0.0 0.0 0.0 0.0 0.2 -14.700445874465
-1.0 0.0 0.0 0.0 0.0 0.0 0.0 0.0 0.0 0.0 0.0 0.6 -14.657194079362
-1.0 0.0 0.0 0.0 0.0 0.0 0.0 0.0 0.0 0.0 0.0 1.0 -14.538110868517
-0.6 0.0 0.0 0.0 0.0 0.0 0.0 0.0 0.0 0.0 0.0 -1.0 -14.52421868404
-0.6 0.0 0.0 0.0 0.0 0.0 0.0 0.0 0.0 0.0 0.0 -0.6 -14.662375457632
-0.6 0.0 0.0 0.0 0.0 0.0 0.0 0.0 0.0 0.0 0.0 -0.2 -14.712521353935
-0.6 0.0 0.0 0.0 0.0 0.0 0.0 0.0 0.0 0.0 0.0 0.2 -14.712570633139
-0.6 0.0 0.0 0.0 0.0 0.0 0.0 0.0 0.0 0.0 0.0 0.6 -14.661417706513
-0.6 0.0 0.0 0.0 0.0 0.0 0.0 0.0 0.0 0.0 0.0 1.0 -14.517983378946
-0.2 0.0 0.0 0.0 0.0 0.0 0.0 0.0 0.0 0.0 0.0 -1.0 -14.507843463394
-0.2 0.0 0.0 0.0 0.0 0.0 0.0 0.0 0.0 0.0 0.0 -0.6 -14.662283281069
-0.2 0.0 0.0 0.0 0.0 0.0 0.0 0.0 0.0 0.0 0.0 -0.2 -14.717195543861
-0.2 0.0 0.0 0.0 0.0 0.0 0.0 0.0 0.0 0.0 0.0 0.2 -14.717182676608
-0.2 0.0 0.0 0.0 0.0 0.0 0.0 0.0 0.0 0.0 0.0 0.6 -14.661816456897
-0.2 0.0 0.0 0.0 0.0 0.0 0.0 0.0 0.0 0.0 0.0 1.0 -14.50524013321
0.2 0.0 0.0 0.0 0.0 0.0 0.0 0.0 0.0 0.0 0.0 -1.0 -14.505273494976
0.2 0.0 0.0 0.0 0.0 0.0 0.0 0.0 0.0 0.0 0.0 -0.6 -14.661822175547
0.2 0.0 0.0 0.0 0.0 0.0 0.0 0.0 0.0 0.0 0.0 -0.2 -14.717182969877
0.2 0.0 0.0 0.0 0.0 0.0 0.0 0.0 0.0 0.0 0.0 0.2 -14.717195558014
0.2 0.0 0.0 0.0 0.0 0.0 0.0 0.0 0.0 0.0 0.0 0.6 -14.662277984783
0.2 0.0 0.0 0.0 0.0 0.0 0.0 0.0 0.0 0.0 0.0 1.0 -14.507811033044
0.6 0.0 0.0 0.0 0.0 0.0 0.0 0.0 0.0 0.0 0.0 -1.0 -14.51801275351
0.6 0.0 0.0 0.0 0.0 0.0 0.0 0.0 0.0 0.0 0.0 -0.6 -14.661422781257
0.6 0.0 0.0 0.0 0.0 0.0 0.0 0.0 0.0 0.0 0.0 -0.2 -14.71257108662
0.6 0.0 0.0 0.0 0.0 0.0 0.0 0.0 0.0 0.0 0.0 0.2 -14.712521862624
0.6 0.0 0.0 0.0 0.0 0.0 0.0 0.0 0.0 0.0 0.0 0.6 -14.66237163047
0.6 0.0 0.0 0.0 0.0 0.0 0.0 0.0 0.0 0.0 0.0 1.0 -14.524191812522
1.0 0.0 0.0 0.0 0.0 0.0 0.0 0.0 0.0 0.0 0.0 -1.0 -14.538133051862
1.0 0.0 0.0 0.0 0.0 0.0 0.0 0.0 0.0 0.0 0.0 -0.6 -14.657197821842
1.0 0.0 0.0 0.0 0.0 0.0 0.0 0.0 0.0 0.0 0.0 -0.2 -14.700446435549
1.0 0.0 0.0 0.0 0.0 0.0 0.0 0.0 0.0 0.0 0.0 0.2 -14.70008263859
1.0 0.0 0.0 0.0 0.0 0.0 0.0 0.0 0.0 0.0 0.0 0.6 -14.657470952105
1.0 0.0 0.0 0.0 0.0 0.0 0.0 0.0 0.0 0.0 0.0 1.0 -14.544180146179
0.0 -1.0 -1.0 0.0 0.0 0.0 0.0 0.0 0.0 0.0 0.0 0.0 -14.681281352543
0.0 -1.0 -0.6 0.0 0.0 0.0 0.0 0.0 0.0 0.0 0.0 0.0 -14.695916155564
0.0 -1.0 -0.2 0.0 0.0 0.0 0.0 0.0 0.0 0.0 0.0 0.0 -14.704469938537
0.0 -1.0 0.2 0.0 0.0 0.0 0.0 0.0 0.0 0.0 0.0 0.0 -14.706240002884
0.0 -1.0 0.6 0.0 0.0 0.0 0.0 0.0 0.0 0.0 0.0 0.0 -14.700272870328
0.0 -1.0 1.0 0.0 0.0 0.0 0.0 0.0 0.0 0.0 0.0 0.0 -14.685234937765
0.0 -0.6 -1.0 0.0 0.0 0.0 0.0 0.0 0.0 0.0 0.0 0.0 -14.694185512052
0.0 -0.6 -0.6 0.0 0.0 0.0 0.0 0.0 0.0 0.0 0.0 0.0 -14.708592264282
0.0 -0.6 -0.2 0.0 0.0 0.0 0.0 0.0 0.0 0.0 0.0 0.0 -14.716546517661
0.0 -0.6 0.2 0.0 0.0 0.0 0.0 0.0 0.0 0.0 0.0 0.0 -14.717255176158
0.0 -0.6 0.6 0.0 0.0 0.0 0.0 0.0 0.0 0.0 0.0 0.0 -14.709636463
0.0 -0.6 1.0 0.0 0.0 0.0 0.0 0.0 0.0 0.0 0.0 0.0 -14.692168881228
0.0 -0.2 -1.0 0.0 0.0 0.0 0.0 0.0 0.0 0.0 0.0 0.0 -14.70034410877
0.0 -0.2 -0.6 0.0 0.0 0.0 0.0 0.0 0.0 0.0 0.0 0.0 -14.714543260004
0.0 -0.2 -0.2 0.0 0.0 0.0 0.0 0.0 0.0 0.0 0.0 0.0 -14.722084160567
0.0 -0.2 0.2 0.0 0.0 0.0 0.0 0.0 0.0 0.0 0.0 0.0 -14.722125605604
0.0 -0.2 0.6 0.0 0.0 0.0 0.0 0.0 0.0 0.0 0.0 0.0 -14.713516870585
0.0 -0.2 1.0 0.0 0.0 0.0 0.0 0.0 0.0 0.0 0.0 0.0 -14.694634040243
0.0 0.2 -1.0 0.0 0.0 0.0 0.0 0.0 0.0 0.0 0.0 0.0 -14.70034410876
0.0 0.2 -0.6 0.0 0.0 0.0 0.0 0.0 0.0 0.0 0.0 0.0 -14.714543259997
0.0 0.2 -0.2 0.0 0.0 0.0 0.0 0.0 0.0 0.0 0.0 0.0 -14.722084160565
0.0 0.2 0.2 0.0 0.0 0.0 0.0 0.0 0.0 0.0 0.0 0.0 -14.722125605609
0.0 0.2 0.6 0.0 0.0 0.0 0.0 0.0 0.0 0.0 0.0 0.0 -14.713516870599
0.0 0.2 1.0 0.0 0.0 0.0 0.0 0.0 0.0 0.0 0.0 0.0 -14.694634040272
0.0 0.6 -1.0 0.0 0.0 0.0 0.0 0.0 0.0 0.0 0.0 0.0 -14.694185512028
0.0 0.6 -0.6 0.0 0.0 0.0 0.0 0.0 0.0 0.0 0.0 0.0 -14.708592264269
0.0 0.6 -0.2 0.0 0.0 0.0 0.0 0.0 0.0 0.0 0.0 0.0 -14.716546517661
0.0 0.6 0.2 0.0 0.0 0.0 0.0 0.0 0.0 0.0 0.0 0.0 -14.717255176175
0.0 0.6 0.6 0.0 0.0 0.0 0.0 0.0 0.0 0.0 0.0 0.0 -14.709636463044
0.0 0.6 1.0 0.0 0.0 0.0 0.0 0.0 0.0 0.0 0.0 0.0 -14.692168881313
0.0 1.0 -1.0 0.0 0.0 0.0 0.0 0.0 0.0 0.0 0.0 0.0 -14.681281352519
0.0 1.0 -0.6 0.0 0.0 0.0 0.0 0.0 0.0 0.0 0.0 0.0 -14.695916155556
0.0 1.0 -0.2 0.0 0.0 0.0 0.0 0.0 0.0 0.0 0.0 0.0 -14.704469938549
0.0 1.0 0.2 0.0 0.0 0.0 0.0 0.0 0.0 0.0 0.0 0.0 -14.706240002923
0.0 1.0 0.6 0.0 0.0 0.0 0.0 0.0 0.0 0.0 0.0 0.0 -14.700272870406
0.0 1.0 1.0 0.0 0.0 0.0 0.0 0.0 0.0 0.0 0.0 0.0 -14.685234937902
0.0 -1.0 0.0 -1.0 0.0 0.0 0.0 0.0 0.0 0.0 0.0 0.0 -14.648975153369
0.0 -1.0 0.0 -0.6 0.0 0.0 0.0 0.0 0.0 0.0 0.0 0.0 -14.689655024126
0.0 -1.0 0.0 -0.2 0.0 0.0 0.0 0.0 0.0 0.0 0.0 0.0 -14.704813159833
0.0 -1.0 0.0 0.2 0.0 0.0 0.0 0.0 0.0 0.0 0.0 0.0 -14.704804045077
0.0 -1.0 0.0 0.6 0.0 0.0 0.0 0.0 0.0 0.0 0.0 0.0 -14.68961093908
0.0 -1.0 0.0 1.0 0.0 0.0 0.0 0.0 0.0 0.0 0.0 0.0 -14.648881714331
0.0 -0.6 0.0 -1.0 0.0 0.0 0.0 0.0 0.0 0.0 0.0 0.0 -14.661182331958
0.0 -0.6 0.0 -0.6 0.0 0.0 0.0 0.0 0.0 0.0 0.0 0.0 -14.701510289545
0.0 -0.6 0.0 -0.2 0.0 0.0 0.0 0.0 0.0 0.0 0.0 0.0 -14.716452501626
0.0 -0.6 0.0 0.2 0.0 0.0 0.0 0.0 0.0 0.0 0.0 0.0 -14.716446981596
0.0 -0.6 0.0 0.6 0.0 0.0 0.0 0.0 0.0 0.0 0.0 0.0 -14.701483713134
0.0 -0.6 0.0 1.0 0.0 0.0 0.0 0.0 0.0 0.0 0.0 0.0 -14.661126259158
0.0 -0.2 0.0 -1.0 0.0 0.0 0.0 0.0 0.0 0.0 0.0 0.0 -14.667054524113
0.0 -0.2 0.0 -0.6 0.0 0.0 0.0 0.0 0.0 0.0 0.0 0.0 -14.707002700905
0.0 -0.2 0.0 -0.2 0.0 0.0 0.0 0.0 0.0 0.0 0.0 0.0 -14.721721169306
0.0 -0.2 0.0 0.2 0.0 0.0 0.0 0.0 0.0 0.0 0.0 0.0 -14.721719329038
0.0 -0.2 0.0 0.6 0.0 0.0 0.0 0.0 0.0 0.0 0.0 0.0 -14.706993775047
0.0 -0.2 0.0 1.0 0.0 0.0 0.0 0.0 0.0 0.0 0.0 0.0 -14.667035672994
0.0 0.2 0.0 -1.0 0.0 0.0 0.0 0.0 0.0 0.0 0.0 0.0 -14.667036058544
0.0 0.2 0.0 -0.6 0.0 0.0 0.0 0.0 0.0 0.0 0.0 0.0 -14.706993920515
0.0 0.2 0.0 -0.2 0.0 0.0 0.0 0.0 0.0 0.0 0.0 0.0 -14.721719337347
0.0 0.2 0.0 0.2 0.0 0.0 0.0 0.0 0.0 0.0 0.0 0.0 -14.721721160981
0.0 0.2 0.0 0.6 0.0 0.0 0.0 0.0 0.0 0.0 0.0 0.0 -14.707002555256
0.0 0.2 0.0 1.0 0.0 0.0 0.0 0.0 0.0 0.0 0.0 0.0 -14.667054138021
0.0 0.6 0.0 -1.0 0.0 0.0 0.0 0.0 0.0 0.0 0.0 0.0 -14.661126671322
0.0 0.6 0.0 -0.6 0.0 0.0 0.0 0.0 0.0 0.0 0.0 0.0 -14.701483879904
0.0 0.6 0.0 -0.2 0.0 0.0 0.0 0.0 0.0 0.0 0.0 0.0 -14.716446998011
0.0 0.6 0.0 0.2 0.0 0.0 0.0 0.0 0.0 0.0 0.0 0.0 -14.716452485197
0.0 0.6 0.0 0.6 0.0 0.0 0.0 0.0 0.0 0.0 0.0 0.0 -14.701510122416
0.0 0.6 0.0 1.0 0.0 0.0 0.0 0.0 0.0 0.0 0.0 0.0 -14.661181918601
0.0 1.0 0.0 -1.0 0.0 0.0 0.0 0.0 0.0 0.0 0.0 0.0 -14.648882164487
0.0 1.0 0.0 -0.6 0.0 0.0 0.0 0.0 0.0 0.0 0.0 0.0 -14.689611135982
0.0 1.0 0.0 -0.2 0.0 0.0 0.0 0.0 0.0 0.0 0.0 0.0 -14.704804072851
0.0 1.0 0.0 0.2 0.0 0.0 0.0 0.0 0.0 0.0 0.0 0.0 -14.70481313211
0.0 1.0 0.0 0.6 0.0 0.0 0.0 0.0 0.0 0.0 0.0 0.0 -14.689654827098
0.0 1.0 0.0 1.0 0.0 0.0 0.0 0.0 0.0 0.0 0.0 0.0 -14.648974702362
0.0 -1.0 0.0 0.0 -1.0 0.0 0.0 0.0 0.0 0.0 0.0 0.0 -14.64472536458
0.0 -1.0 0.0 0.0 -0.6 0.0 0.0 0.0 0.0 0.0 0.0 0.0 -14.686509857419
0.0 -1.0 0.0 0.0 -0.2 0.0 0.0 0.0 0.0 0.0 0.0 0.0 -14.70429645353
0.0 -1.0 0.0 0.0 0.2 0.0 0.0 0.0 0.0 0.0 0.0 0.0 -14.704408144542
0.0 -1.0 0.0 0.0 0.6 0.0 0.0 0.0 0.0 0.0 0.0 0.0 -14.686843642574
0.0 -1.0 0.0 0.0 1.0 0.0 0.0 0.0 0.0 0.0 0.0 0.0 -14.645967900275
0.0 -0.6 0.0 0.0 -1.0 0.0 0.0 0.0 0.0 0.0 0.0 0.0 -14.657153576794
0.0 -0.6 0.0 0.0 -0.6 0.0 0.0 0.0 0.0 0.0 0.0 0.0 -14.698422073829
0.0 -0.6 0.0 0.0 -0.2 0.0 0.0 0.0 0.0 0.0 0.0 0.0 -14.715967199326
0.0 -0.6 0.0 0.0 0.2 0.0 0.0 0.0 0.0 0.0 0.0 0.0 -14.715999074444
0.0 -0.6 0.0 0.0 0.6 0.0 0.0 0.0 0.0 0.0 0.0 0.0 -14.698499369294
0.0 -0.6 0.0 0.0 1.0 0.0 0.0 0.0 0.0 0.0 0.0 0.0 -14.657644371208
0.0 -0.2 0.0 0.0 -1.0 0.0 0.0 0.0 0.0 0.0 0.0 0.0 -14.662898853794
0.0 -0.2 0.0 0.0 -0.6 0.0 0.0 0.0 0.0 0.0 0.0 0.0 -14.70382662574
0.0 -0.2 0.0 0.0 -0.2 0.0 0.0 0.0 0.0 0.0 0.0 0.0 -14.721237261003
0.0 -0.2 0.0 0.0 0.2 0.0 0.0 0.0 0.0 0.0 0.0 0.0 -14.721235891972
0.0 -0.2 0.0 0.0 0.6 0.0 0.0 0.0 0.0 0.0 0.0 0.0 -14.703812763102
0.0 -0.2 0.0 0.0 1.0 0.0 0.0 0.0 0.0 0.0 0.0 0.0 -14.662986156313
0.0 0.2 0.0 0.0 -1.0 0.0 0.0 0.0 0.0 0.0 0.0 0.0 -14.662986156206
0.0 0.2 0.0 0.0 -0.6 0.0 0.0 0.0 0.0 0.0 0.0 0.0 -14.703812763063
0.0 0.2 0.0 0.0 -0.2 0.0 0.0 0.0 0.0 0.0 0.0 0.0 -14.721235892235
0.0 0.2 0.0 0.0 0.2 0.0 0.0 0.0 0.0 0.0 0.0 0.0 -14.72123726102
0.0 0.2 0.0 0.0 0.6 0.0 0.0 0.0 0.0 0.0 0.0 0.0 -14.703826625857
0.0 0.2 0.0 0.0 1.0 0.0 0.0 0.0 0.0 0.0 0.0 0.0 -14.662898854019
0.0 0.6 0.0 0.0 -1.0 0.0 0.0 0.0 0.0 0.0 0.0 0.0 -14.657644371155
0.0 0.6 0.0 0.0 -0.6 0.0 0.0 0.0 0.0 0.0 0.0 0.0 -14.698499369236
0.0 0.6 0.0 0.0 -0.2 0.0 0.0 0.0 0.0 0.0 0.0 0.0 -14.715999074439
0.0 0.6 0.0 0.0 0.2 0.0 0.0 0.0 0.0 0.0 0.0 0.0 -14.715967199383
0.0 0.6 0.0 0.0 0.6 0.0 0.0 0.0 0.0 0.0 0.0 0.0 -14.698422074068
0.0 0.6 0.0 0.0 1.0 0.0 0.0 0.0 0.0 0.0 0.0 0.0 -14.657153577171
0.0 1.0 0.0 0.0 -1.0 0.0 0.0 0.0 0.0 0.0 0.0 0.0 -14.645967900257
0.0 1.0 0.0 0.0 -0.6 0.0 0.0 0.0 0.0 0.0 0.0 0.0 -14.68684364258
0.0 1.0 0.0 0.0 -0.2 0.0 0.0 0.0 0.0 0.0 0.0 0.0 -14.704408144532
0.0 1.0 0.0 0.0 0.2 0.0 0.0 0.0 0.0 0.0 0.0 0.0 -14.704296453645
0.0 1.0 0.0 0.0 0.6 0.0 0.0 0.0 0.0 0.0 0.0 0.0 -14.686509857798
0.0 1.0 0.0 0.0 1.0 0.0 0.0 0.0 0.0 0.0 0.0 0.0 -14.644725365092
0.0 -1.0 0.0 0.0 0.0 -1.0 0.0 0.0 0.0 0.0 0.0 0.0 -14.668030844643
0.0 -1.0 0.0 0.0 0.0 -0.6 0.0 0.0 0.0 0.0 0.0 0.0 -14.697925394965
0.0 -1.0 0.0 0.0 0.0 -0.2 0.0 0.0 0.0 0.0 0.0 0.0 -14.707412031282
0.0 -1.0 0.0 0.0 0.0 0.2 0.0 0.0 0.0 0.0 0.0 0.0 -14.701881253268
0.0 -1.0 0.0 0.0 0.0 0.6 0.0 0.0 0.0 0.0 0.0 0.0 -14.685109792602
0.0 -1.0 0.0 0.0 0.0 1.0 0.0 0.0 0.0 0.0 0.0 0.0 -14.659692104153
0.0 -0.6 0.0 0.0 0.0 -1.0 0.0 0.0 0.0 0.0 0.0 0.0 -14.660112847638
0.0 -0.6 0.0 0.0 0.0 -0.6 0.0 0.0 0.0 0.0 0.0 0.0 -14.701166954075
0.0 -0.6 0.0 0.0 0.0 -0.2 0.0 0.0 0.0 0.0 0.0 0.0 -14.71705787865
0.0 -0.6 0.0 0.0 0.0 0.2 0.0 0.0 0.0 0.0 0.0 0.0 -14.714845449671
0.0 -0.6 0.0 0.0 0.0 0.6 0.0 0.0 0.0 0.0 0.0 0.0 -14.699419988398
0.0 -0.6 0.0 0.0 0.0 1.0 0.0 0.0 0.0 0.0 0.0 0.0 -14.674113064709
0.0 -0.2 0.0 0.0 0.0 -1.0 0.0 0.0 0.0 0.0 0.0 0.0 -14.653039582022
0.0 -0.2 0.0 0.0 0.0 -0.6 0.0 0.0 0.0 0.0 0.0 0.0 -14.701100991978
0.0 -0.2 0.0 0.0 0.0 -0.2 0.0 0.0 0.0 0.0 0.0 0.0 -14.721036771206
0.0 -0.2 0.0 0.0 0.0 0.2 0.0 0.0 0.0 0.0 0.0 0.0 -14.720972534411
0.0 -0.2 0.0 0.0 0.0 0.6 0.0 0.0 0.0 0.0 0.0 0.0 -14.706496745612
0.0 -0.2 0.0 0.0 0.0 1.0 0.0 0.0 0.0 0.0 0.0 0.0 -14.68139459656
0.0 0.2 0.0 0.0 0.0 -1.0 0.0 0.0 0.0 0.0 0.0 0.0 -14.653039582002
0.0 0.2 0.0 0.0 0.0 -0.6 0.0 0.0 0.0 0.0 0.0 0.0 -14.701100991971
0.0 0.2 0.0 0.0 0.0 -0.2 0.0 0.0 0.0 0.0 0.0 0.0 -14.721036771217
0.0 0.2 0.0 0.0 0.0 0.2 0.0 0.0 0.0 0.0 0.0 0.0 -14.720972534413
0.0 0.2 0.0 0.0 0.0 0.6 0.0 0.0 0.0 0.0 0.0 0.0 -14.706496745614
0.0 0.2 0.0 0.0 0.0 1.0 0.0 0.0 0.0 0.0 0.0 0.0 -14.681394596563
0.0 0.6 0.0 0.0 0.0 -1.0 0.0 0.0 0.0 0.0 0.0 0.0 -14.660112847606
0.0 0.6 0.0 0.0 0.0 -0.6 0.0 0.0 0.0 0.0 0.0 0.0 -14.701166954117
0.0 0.6 0.0 0.0 0.0 -0.2 0.0 0.0 0.0 0.0 0.0 0.0 -14.717057878657
0.0 0.6 0.0 0.0 0.0 0.2 0.0 0.0 0.0 0.0 0.0 0.0 -14.714845449679
0.0 0.6 0.0 0.0 0.0 0.6 0.0 0.0 0.0 0.0 0.0 0.0 -14.699419988405
0.0 0.6 0.0 0.0 0.0 1.0 0.0 0.0 0.0 0.0 0.0 0.0 -14.674113064717
0.0 1.0 0.0 0.0 0.0 -1.0 0.0 0.0 0.0 0.0 0.0 0.0 -14.668030844658
0.0 1.0 0.0 0.0 0.0 -0.6 0.0 0.0 0.0 0.0 0.0 0.0 -14.697925394996
0.0 1.0 0.0 0.0 0.0 -0.2 0.0 0.0 0.0 0.0 0.0 0.0 -14.707412031311
0.0 1.0 0.0 0.0 0.0 0.2 0.0 0.0 0.0 0.0 0.0 0.0 -14.701881253287
0.0 1.0 0.0 0.0 0.0 0.6 0.0 0.0 0.0 0.0 0.0 0.0 -14.685109792613
0.0 1.0 0.0 0.0 0.0 1.0 0.0 0.0 0.0 0.0 0.0 0.0 -14.659692104161
0.0 -1.0 0.0 0.0 0.0 0.0 -1.0 0.0 0.0 0.0 0.0 0.0 -14.662747207168
0.0 -1.0 0.0 0.0 0.0 0.0 -0.6 0.0 0.0 0.0 0.0 0.0 -14.691286587133
0.0 -1.0 0.0 0.0 0.0 0.0 -0.2 0.0 0.0 0.0 0.0 0.0 -14.704630868334
0.0 -1.0 0.0 0.0 0.0 0.0 0.2 0.0 0.0 0.0 0.0 0.0 -14.704629571737
0.0 -1.0 0.0 0.0 0.0 0.0 0.6 0.0 0.0 0.0 0.0 0.0 -14.691284881246
0.0 -1.0 0.0 0.0 0.0 0.0 1.0 0.0 0.0 0.0 0.0 0.0 -14.662752061148
0.0 -0.6 0.0 0.0 0.0 0.0 -1.0 0.0 0.0 0.0 0.0 0.0 -14.664980467723
0.0 -0.6 0.0 0.0 0.0 0.0 -0.6 0.0 0.0 0.0 0.0 0.0 -14.699761709369
0.0 -0.6 0.0 0.0 0.0 0.0 -0.2 0.0 0.0 0.0 0.0 0.0 -14.715905439439
0.0 -0.6 0.0 0.0 0.0 0.0 0.2 0.0 0.0 0.0 0.0 0.0 -14.715905299216
0.0 -0.6 0.0 0.0 0.0 0.0 0.6 0.0 0.0 0.0 0.0 0.0 -14.699763806021
0.0 -0.6 0.0 0.0 0.0 0.0 1.0 0.0 0.0 0.0 0.0 0.0 -14.664992904339
0.0 -0.2 0.0 0.0 0.0 0.0 -1.0 0.0 0.0 0.0 0.0 0.0 -14.664438849662
0.0 -0.2 0.0 0.0 0.0 0.0 -0.6 0.0 0.0 0.0 0.0 0.0 -14.70308006921
0.0 -0.2 0.0 0.0 0.0 0.0 -0.2 0.0 0.0 0.0 0.0 0.0 -14.720939787065
0.0 -0.2 0.0 0.0 0.0 0.0 0.2 0.0 0.0 0.0 0.0 0.0 -14.720940092524
0.0 -0.2 0.0 0.0 0.0 0.0 0.6 0.0 0.0 0.0 0.0 0.0 -14.703083657426
0.0 -0.2 0.0 0.0 0.0 0.0 1.0 0.0 0.0 0.0 0.0 0.0 -14.664454363491
0.0 0.2 0.0 0.0 0.0 0.0 -1.0 0.0 0.0 0.0 0.0 0.0 -14.66443886561
0.0 0.2 0.0 0.0 0.0 0.0 -0.6 0.0 0.0 0.0 0.0 0.0 -14.703080077226
0.0 0.2 0.0 0.0 0.0 0.0 -0.2 0.0 0.0 0.0 0.0 0.0 -14.720939789551
0.0 0.2 0.0 0.0 0.0 0.0 0.2 0.0 0.0 0.0 0.0 0.0 -14.720940090041
0.0 0.2 0.0 0.0 0.0 0.0 0.6 0.0 0.0 0.0 0.0 0.0 -14.703083649438
0.0 0.2 0.0 0.0 0.0 0.0 1.0 0.0 0.0 0.0 0.0 0.0 -14.664454347708
0.0 0.6 0.0 0.0 0.0 0.0 -1.0 0.0 0.0 0.0 0.0 0.0 -14.664980497156
0.0 0.6 0.0 0.0 0.0 0.0 -0.6 0.0 0.0 0.0 0.0 0.0 -14.699761724638
0.0 0.6 0.0 0.0 0.0 0.0 -0.2 0.0 0.0 0.0 0.0 0.0 -14.715905444306
0.0 0.6 0.0 0.0 0.0 0.0 0.2 0.0 0.0 0.0 0.0 0.0 -14.715905294363
0.0 0.6 0.0 0.0 0.0 0.0 0.6 0.0 0.0 0.0 0.0 0.0 -14.699763790782
0.0 0.6 0.0 0.0 0.0 0.0 1.0 0.0 0.0 0.0 0.0 0.0 -14.664992875184
0.0 1.0 0.0 0.0 0.0 0.0 -1.0 0.0 0.0 0.0 0.0 0.0 -14.662747210118
0.0 1.0 0.0 0.0 0.0 0.0 -0.6 0.0 0.0 0.0 0.0 0.0 -14.691286590213
0.0 1.0 0.0 0.0 0.0 0.0 -0.2 0.0 0.0 0.0 0.0 0.0 -14.704630869776
0.0 1.0 0.0 0.0 0.0 0.0 0.2 0.0 0.0 0.0 0.0 0.0 -14.704629570324
0.0 1.0 0.0 0.0 0.0 0.0 0.6 0.0 0.0 0.0 0.0 0.0 -14.691284878077
0.0 1.0 0.0 0.0 0.0 0.0 1.0 0.0 0.0 0.0 0.0 0.0 -14.662752058112
0.0 -1.0 0.0 0.0 0.0 0.0 0.0 -1.0 0.0 0.0 0.0 0.0 -14.649276398122
0.0 -1.0 0.0 0.0 0.0 0.0 0.0 -0.6 0.0 0.0 0.0 0.0 -14.687154466955
0.0 -1.0 0.0 0.0 0.0 0.0 0.0 -0.2 0.0 0.0 0.0 0.0 -14.704257495412
0.0 -1.0 0.0 0.0 0.0 0.0 0.0 0.2 0.0 0.0 0.0 0.0 -14.704255021373
0.0 -1.0 0.0 0.0 0.0 0.0 0.0 0.6 0.0 0.0 0.0 0.0 -14.687146883652
0.0 -1.0 0.0 0.0 0.0 0.0 0.0 1.0 0.0 0.0 0.0 0.0 -14.649263141606
0.0 -0.6 0.0 0.0 0.0 0.0 0.0 -1.0 0.0 0.0 0.0 0.0 -14.655951470475
0.0 -0.6 0.0 0.0 0.0 0.0 0.0 -0.6 0.0 0.0 0.0 0.0 -14.697014685738
0.0 -0.6 0.0 0.0 0.0 0.0 0.0 -0.2 0.0 0.0 0.0 0.0 -14.715674699646
0.0 -0.6 0.0 0.0 0.0 0.0 0.0 0.2 0.0 0.0 0.0 0.0 -14.715673416261
0.0 -0.6 0.0 0.0 0.0 0.0 0.0 0.6 0.0 0.0 0.0 0.0 -14.697010669164
0.0 -0.6 0.0 0.0 0.0 0.0 0.0 1.0 0.0 0.0 0.0 0.0 -14.655944148609
0.0 -0.2 0.0 0.0 0.0 0.0 0.0 -1.0 0.0 0.0 0.0 0.0 -14.658257450837
0.0 -0.2 0.0 0.0 0.0 0.0 0.0 -0.6 0.0 0.0 0.0 0.0 -14.701217476018
0.0 -0.2 0.0 0.0 0.0 0.0 0.0 -0.2 0.0 0.0 0.0 0.0 -14.72079983521
0.0 -0.2 0.0 0.0 0.0 0.0 0.0 0.2 0.0 0.0 0.0 0.0 -14.720799387593
0.0 -0.2 0.0 0.0 0.0 0.0 0.0 0.6 0.0 0.0 0.0 0.0 -14.701216001904
0.0 -0.2 0.0 0.0 0.0 0.0 0.0 1.0 0.0 0.0 0.0 0.0 -14.658254483198
0.0 0.2 0.0 0.0 0.0 0.0 0.0 -1.0 0.0 0.0 0.0 0.0 -14.658257383616
0.0 0.2 0.0 0.0 0.0 0.0 0.0 -0.6 0.0 0.0 0.0 0.0 -14.701217441702
0.0 0.2 0.0 0.0 0.0 0.0 0.0 -0.2 0.0 0.0 0.0 0.0 -14.720799825399
0.0 0.2 0.0 0.0 0.0 0.0 0.0 0.2 0.0 0.0 0.0 0.0 -14.720799397424
0.0 0.2 0.0 0.0 0.0 0.0 0.0 0.6 0.0 0.0 0.0 0.0 -14.701216036386
0.0 0.2 0.0 0.0 0.0 0.0 0.0 1.0 0.0 0.0 0.0 0.0 -14.658254550867
0.0 0.6 0.0 0.0 0.0 0.0 0.0 -1.0 0.0 0.0 0.0 0.0 -14.655951283665
0.0 0.6 0.0 0.0 0.0 0.0 0.0 -0.6 0.0 0.0 0.0 0.0 -14.697014590201
0.0 0.6 0.0 0.0 0.0 0.0 0.0 -0.2 0.0 0.0 0.0 0.0 -14.715674672464
0.0 0.6 0.0 0.0 0.0 0.0 0.0 0.2 0.0 0.0 0.0 0.0 -14.715673443508
0.0 0.6 0.0 0.0 0.0 0.0 0.0 0.6 0.0 0.0 0.0 0.0 -14.697010765163
0.0 0.6 0.0 0.0 0.0 0.0 0.0 1.0 0.0 0.0 0.0 0.0 -14.655944336644
0.0 1.0 0.0 0.0 0.0 0.0 0.0 -1.0 0.0 0.0 0.0 0.0 -14.649276124959
0.0 1.0 0.0 0.0 0.0 0.0 0.0 -0.6 0.0 0.0 0.0 0.0 -14.687154326845
0.0 1.0 0.0 0.0 0.0 0.0 0.0 -0.2 0.0 0.0 0.0 0.0 -14.704257455925
0.0 1.0 0.0 0.0 0.0 0.0 0.0 0.2 0.0 0.0 0.0 0.0 -14.70425506098
0.0 1.0 0.0 0.0 0.0 0.0 0.0 0.6 0.0 0.0 0.0 0.0 -14.687147024438
0.0 1.0 0.0 0.0 0.0 0.0 0.0 1.0 0.0 0.0 0.0 0.0 -14.649263416474
0.0 -1.0 0.0 0.0 0.0 0.0 0.0 0.0 -1.0 0.0 0.0 0.0 -14.649198958294
0.0 -1.0 0.0 0.0 0.0 0.0 0.0 0.0 -0.6 0.0 0.0 0.0 -14.685940197262
0.0 -1.0 0.0 0.0 0.0 0.0 0.0 0.0 -0.2 0.0 0.0 0.0 -14.703913856865
0.0 -1.0 0.0 0.0 0.0 0.0 0.0 0.0 0.2 0.0 0.0 0.0 -14.704066051148
0.0 -1.0 0.0 0.0 0.0 0.0 0.0 0.0 0.6 0.0 0.0 0.0 -14.683956273656
0.0 -1.0 0.0 0.0 0.0 0.0 0.0 0.0 1.0 0.0 0.0 0.0 -14.638703040572
0.0 -0.6 0.0 0.0 0.0 0.0 0.0 0.0 -1.0 0.0 0.0 0.0 -14.659663779667
0.0 -0.6 0.0 0.0 0.0 0.0 0.0 0.0 -0.6 0.0 0.0 0.0 -14.697155629732
0.0 -0.6 0.0 0.0 0.0 0.0 0.0 0.0 -0.2 0.0 0.0 0.0 -14.715507271615
0.0 -0.6 0.0 0.0 0.0 0.0 0.0 0.0 0.2 0.0 0.0 0.0 -14.715573410053
0.0 -0.6 0.0 0.0 0.0 0.0 0.0 0.0 0.6 0.0 0.0 0.0 -14.694907586988
0.0 -0.6 0.0 0.0 0.0 0.0 0.0 0.0 1.0 0.0 0.0 0.0 -14.648696841787
0.0 -0.2 0.0 0.0 0.0 0.0 0.0 0.0 -1.0 0.0 0.0 0.0 -14.664500427195
0.0 -0.2 0.0 0.0 0.0 0.0 0.0 0.0 -0.6 0.0 0.0 0.0 -14.702319606116
0.0 -0.2 0.0 0.0 0.0 0.0 0.0 0.0 -0.2 0.0 0.0 0.0 -14.720786316966
0.0 -0.2 0.0 0.0 0.0 0.0 0.0 0.0 0.2 0.0 0.0 0.0 -14.720705360013
0.0 -0.2 0.0 0.0 0.0 0.0 0.0 0.0 0.6 0.0 0.0 0.0 -14.699626526375
0.0 -0.2 0.0 0.0 0.0 0.0 0.0 0.0 1.0 0.0 0.0 0.0 -14.652775042055
0.0 0.2 0.0 0.0 0.0 0.0 0.0 0.0 -1.0 0.0 0.0 0.0 -14.664500427226
0.0 0.2 0.0 0.0 0.0 0.0 0.0 0.0 -0.6 0.0 0.0 0.0 -14.702319606135
0.0 0.2 0.0 0.0 0.0 0.0 0.0 0.0 -0.2 0.0 0.0 0.0 -14.720786316955
0.0 0.2 0.0 0.0 0.0 0.0 0.0 0.0 0.2 0.0 0.0 0.0 -14.720705360011
0.0 0.2 0.0 0.0 0.0 0.0 0.0 0.0 0.6 0.0 0.0 0.0 -14.699626526369
0.0 0.2 0.0 0.0 0.0 0.0 0.0 0.0 1.0 0.0 0.0 0.0 -14.652775042042
0.0 0.6 0.0 0.0 0.0 0.0 0.0 0.0 -1.0 0.0 0.0 0.0 -14.659663779759
0.0 0.6 0.0 0.0 0.0 0.0 0.0 0.0 -0.6 0.0 0.0 0.0 -14.697155629792
0.0 0.6 0.0 0.0 0.0 0.0 0.0 0.0 -0.2 0.0 0.0 0.0 -14.715507271638
0.0 0.6 0.0 0.0 0.0 0.0 0.0 0.0 0.2 0.0 0.0 0.0 -14.715573410051
0.0 0.6 0.0 0.0 0.0 0.0 0.0 0.0 0.6 0.0 0.0 0.0 -14.694907586978
0.0 0.6 0.0 0.0 0.0 0.0 0.0 0.0 1.0 0.0 0.0 0.0 -14.648696841758
0.0 1.0 0.0 0.0 0.0 0.0 0.0 0.0 -1.0 0.0 0.0 0.0 -14.649198958448
0.0 1.0 0.0 0.0 0.0 0.0 0.0 0.0 -0.6 0.0 0.0 0.0 -14.685940197367
0.0 1.0 0.0 0.0 0.0 0.0 0.0 0.0 -0.2 0.0 0.0 0.0 -14.703913856912
0.0 1.0 0.0 0.0 0.0 0.0 0.0 0.0 0.2 0.0 0.0 0.0 -14.704066051158
0.0 1.0 0.0 0.0 0.0 0.0 0.0 0.0 0.6 0.0 0.0 0.0 -14.683956273657
0.0 1.0 0.0 0.0 0.0 0.0 0.0 0.0 1.0 0.0 0.0 0.0 -14.638703040546
0.0 -1.0 0.0 0.0 0.0 0.0 0.0 0.0 0.0 -1.0 0.0 0.0 -14.577225656556
0.0 -1.0 0.0 0.0 0.0 0.0 0.0 0.0 0.0 -0.6 0.0 0.0 -14.664916052306
0.0 -1.0 0.0 0.0 0.0 0.0 0.0 0.0 0.0 -0.2 0.0 0.0 -14.700977002133
0.0 -1.0 0.0 0.0 0.0 0.0 0.0 0.0 0.0 0.2 0.0 0.0 -14.705374638717
0.0 -1.0 0.0 0.0 0.0 0.0 0.0 0.0 0.0 0.6 0.0 0.0 -14.689772632917
0.0 -1.0 0.0 0.0 0.0 0.0 0.0 0.0 0.0 1.0 0.0 0.0 -14.660763838512
0.0 -0.6 0.0 0.0 0.0 0.0 0.0 0.0 0.0 -1.0 0.0 0.0 -14.590832965171
0.0 -0.6 0.0 0.0 0.0 0.0 0.0 0.0 0.0 -0.6 0.0 0.0 -14.678576774401
0.0 -0.6 0.0 0.0 0.0 0.0 0.0 0.0 0.0 -0.2 0.0 0.0 -14.713560869111
0.0 -0.6 0.0 0.0 0.0 0.0 0.0 0.0 0.0 0.2 0.0 0.0 -14.715710768046
0.0 -0.6 0.0 0.0 0.0 0.0 0.0 0.0 0.0 0.6 0.0 0.0 -14.696603171927
0.0 -0.6 0.0 0.0 0.0 0.0 0.0 0.0 0.0 1.0 0.0 0.0 -14.662687557262
0.0 -0.2 0.0 0.0 0.0 0.0 0.0 0.0 0.0 -1.0 0.0 0.0 -14.597714971343
0.0 -0.2 0.0 0.0 0.0 0.0 0.0 0.0 0.0 -0.6 0.0 0.0 -14.685277377941
0.0 -0.2 0.0 0.0 0.0 0.0 0.0 0.0 0.0 -0.2 0.0 0.0 -14.719452387858
0.0 -0.2 0.0 0.0 0.0 0.0 0.0 0.0 0.0 0.2 0.0 0.0 -14.720122963701
0.0 -0.2 0.0 0.0 0.0 0.0 0.0 0.0 0.0 0.6 0.0 0.0 -14.698791278719
0.0 -0.2 0.0 0.0 0.0 0.0 0.0 0.0 0.0 1.0 0.0 0.0 -14.661795836127
0.0 0.2 0.0 0.0 0.0 0.0 0.0 0.0 0.0 -1.0 0.0 0.0 -14.597714971477
0.0 0.2 0.0 0.0 0.0 0.0 0.0 0.0 0.0 -0.6 0.0 0.0 -14.685277377997
0.0 0.2 0.0 0.0 0.0 0.0 0.0 0.0 0.0 -0.2 0.0 0.0 -14.71945238787
0.0 0.2 0.0 0.0 0.0 0.0 0.0 0.0 0.0 0.2 0.0 0.0 -14.720122963692
0.0 0.2 0.0 0.0 0.0 0.0 0.0 0.0 0.0 0.6 0.0 0.0 -14.698791278698
0.0 0.2 0.0 0.0 0.0 0.0 0.0 0.0 0.0 1.0 0.0 0.0 -14.661795836097
0.0 0.6 0.0 0.0 0.0 0.0 0.0 0.0 0.0 -1.0 0.0 0.0 -14.590832965572
0.0 0.6 0.0 0.0 0.0 0.0 0.0 0.0 0.0 -0.6 0.0 0.0 -14.67857677457
0.0 0.6 0.0 0.0 0.0 0.0 0.0 0.0 0.0 -0.2 0.0 0.0 -14.713560869156
0.0 0.6 0.0 0.0 0.0 0.0 0.0 0.0 0.0 0.2 0.0 0.0 -14.715710768027
0.0 0.6 0.0 0.0 0.0 0.0 0.0 0.0 0.0 0.6 0.0 0.0 -14.696603171875
0.0 0.6 0.0 0.0 0.0 0.0 0.0 0.0 0.0 1.0 0.0 0.0 -14.662687557191
0.0 1.0 0.0 0.0 0.0 0.0 0.0 0.0 0.0 -1.0 0.0 0.0 -14.577225657221
0.0 1.0 0.0 0.0 0.0 0.0 0.0 0.0 0.0 -0.6 0.0 0.0 -14.664916052593
0.0 1.0 0.0 0.0 0.0 0.0 0.0 0.0 0.0 -0.2 0.0 0.0 -14.700977002216
0.0 1.0 0.0 0.0 0.0 0.0 0.0 0.0 0.0 0.2 0.0 0.0 -14.705374638701
0.0 1.0 0.0 0.0 0.0 0.0 0.0 0.0 0.0 0.6 0.0 0.0 -14.689772632859
0.0 1.0 0.0 0.0 0.0 0.0 0.0 0.0 0.0 1.0 0.0 0.0 -14.660763838441
0.0 -1.0 0.0 0.0 0.0 0.0 0.0 0.0 0.0 0.0 -1.0 0.0 -14.346099976585
0.0 -1.0 0.0 0.0 0.0 0.0 0.0 0.0 0.0 0.0 -0.6 0.0 -14.618882604907
0.0 -1.0 0.0 0.0 0.0 0.0 0.0 0.0 0.0 0.0 -0.2 0.0 -14.699545974775
0.0 -1.0 0.0 0.0 0.0 0.0 0.0 0.0 0.0 0.0 0.2 0.0 -14.700960915687
0.0 -1.0 0.0 0.0 0.0 0.0 0.0 0.0 0.0 0.0 0.6 0.0 -14.67067960643
0.0 -1.0 0.0 0.0 0.0 0.0 0.0 0.0 0.0 0.0 1.0 0.0 -14.629175837713
0.0 -0.6 0.0 0.0 0.0 0.0 0.0 0.0 0.0 0.0 -1.0 0.0 -14.35664135665
0.0 -0.6 0.0 0.0 0.0 0.0 0.0 0.0 0.0 0.0 -0.6 0.0 -14.629984373197
0.0 -0.6 0.0 0.0 0.0 0.0 0.0 0.0 0.0 0.0 -0.2 0.0 -14.711017132695
0.0 -0.6 0.0 0.0 0.0 0.0 0.0 0.0 0.0 0.0 0.2 0.0 -14.712689094221
0.0 -0.6 0.0 0.0 0.0 0.0 0.0 0.0 0.0 0.0 0.6 0.0 -14.682595436224
0.0 -0.6 0.0 0.0 0.0 0.0 0.0 0.0 0.0 0.0 1.0 0.0 -14.641240143114
0.0 -0.2 0.0 0.0 0.0 0.0 0.0 0.0 0.0 0.0 -1.0 0.0 -14.361319062699
0.0 -0.2 0.0 0.0 0.0 0.0 0.0 0.0 0.0 0.0 -0.6 0.0 -14.634956252312
0.0 -0.2 0.0 0.0 0.0 0.0 0.0 0.0 0.0 0.0 -0.2 0.0 -14.71618341729
0.0 -0.2 0.0 0.0 0.0 0.0 0.0 0.0 0.0 0.0 0.2 0.0 -14.717990022351
0.0 -0.2 0.0 0.0 0.0 0.0 0.0 0.0 0.0 0.0 0.6 0.0 -14.68799293017
0.0 -0.2 0.0 0.0 0.0 0.0 0.0 0.0 0.0 0.0 1.0 0.0 -14.646711772526
0.0 0.2 0.0 0.0 0.0 0.0 0.0 0.0 0.0 0.0 -1.0 0.0 -14.361319061981
0.0 0.2 0.0 0.0 0.0 0.0 0.0 0.0 0.0 0.0 -0.6 0.0 -14.6349562521
0.0 0.2 0.0 0.0 0.0 0.0 0.0 0.0 0.0 0.0 -0.2 0.0 -14.716183417253
0.0 0.2 0.0 0.0 0.0 0.0 0.0 0.0 0.0 0.0 0.2 0.0 -14.717990022375
0.0 0.2 0.0 0.0 0.0 0.0 0.0 0.0 0.0 0.0 0.6 0.0 -14.687992930214
0.0 0.2 0.0 0.0 0.0 0.0 0.0 0.0 0.0 0.0 1.0 0.0 -14.646711772576
0.0 0.6 0.0 0.0 0.0 0.0 0.0 0.0 0.0 0.0 -1.0 0.0 -14.356641354493
0.0 0.6 0.0 0.0 0.0 0.0 0.0 0.0 0.0 0.0 -0.6 0.0 -14.629984372565
0.0 0.6 0.0 0.0 0.0 0.0 0.0 0.0 0.0 0.0 -0.2 0.0 -14.711017132589
0.0 0.6 0.0 0.0 0.0 0.0 0.0 0.0 0.0 0.0 0.2 0.0 -14.712689094295
0.0 0.6 0.0 0.0 0.0 0.0 0.0 0.0 0.0 0.0 0.6 0.0 -14.682595436359
0.0 0.6 0.0 0.0 0.0 0.0 0.0 0.0 0.0 0.0 1.0 0.0 -14.641240143267
0.0 1.0 0.0 0.0 0.0 0.0 0.0 0.0 0.0 0.0 -1.0 0.0 -14.346099972975
0.0 1.0 0.0 0.0 0.0 0.0 0.0 0.0 0.0 0.0 -0.6 0.0 -14.618882603859
0.0 1.0 0.0 0.0 0.0 0.0 0.0 0.0 0.0 0.0 -0.2 0.0 -14.699545974607
0.0 1.0 0.0 0.0 0.0 0.0 0.0 0.0 0.0 0.0 0.2 0.0 -14.700960915824
0.0 1.0 0.0 0.0 0.0 0.0 0.0 0.0 0.0 0.0 0.6 0.0 -14.670679606668
0.0 1.0 0.0 0.0 0.0 0.0 0.0 0.0 0.0 0.0 1.0 0.0 -14.629175837979
0.0 -1.0 0.0 0.0 0.0 0.0 0.0 0.0 0.0 0.0 0.0 -1.0 -14.487657377301
0.0 -1.0 0.0 0.0 0.0 0.0 0.0 0.0 0.0 0.0 0.0 -0.6 -14.644700059474
0.0 -1.0 0.0 0.0 0.0 0.0 0.0 0.0 0.0 0.0 0.0 -0.2 -14.700240440458
0.0 -1.0 0.0 0.0 0.0 0.0 0.0 0.0 0.0 0.0 0.0 0.2 -14.70023941854
0.0 -1.0 0.0 0.0 0.0 0.0 0.0 0.0 0.0 0.0 0.0 0.6 -14.644690826405
0.0 -1.0 0.0 0.0 0.0 0.0 0.0 0.0 0.0 0.0 0.0 1.0 -14.487613233067
0.0 -0.6 0.0 0.0 0.0 0.0 0.0 0.0 0.0 0.0 0.0 -1.0 -14.498871524012
0.0 -0.6 0.0 0.0 0.0 0.0 0.0 0.0 0.0 0.0 0.0 -0.6 -14.656177279739
0.0 -0.6 0.0 0.0 0.0 0.0 0.0 0.0 0.0 0.0 0.0 -0.2 -14.711836473855
0.0 -0.6 0.0 0.0 0.0 0.0 0.0 0.0 0.0 0.0 0.0 0.2 -14.711836001965
0.0 -0.6 0.0 0.0 0.0 0.0 0.0 0.0 0.0 0.0 0.0 0.6 -14.6561703588
0.0 -0.6 0.0 0.0 0.0 0.0 0.0 0.0 0.0 0.0 0.0 1.0 -14.498834277035
0.0 -0.2 0.0 0.0 0.0 0.0 0.0 0.0 0.0 0.0 0.0 -1.0 -14.503900335771
0.0 -0.2 0.0 0.0 0.0 0.0 0.0 0.0 0.0 0.0 0.0 -0.6 -14.661345534124
0.0 -0.2 0.0 0.0 0.0 0.0 0.0 0.0 0.0 0.0 0.0 -0.2 -14.717068181882
0.0 -0.2 0.0 0.0 0.0 0.0 0.0 0.0 0.0 0.0 0.0 0.2 -14.717067998985
0.0 -0.2 0.0 0.0 0.0 0.0 0.0 0.0 0.0 0.0 0.0 0.6 -14.661339796203
0.0 -0.2 0.0 0.0 0.0 0.0 0.0 0.0 0.0 0.0 0.0 1.0 -14.503866518492
0.0 0.2 0.0 0.0 0.0 0.0 0.0 0.0 0.0 0.0 0.0 -1.0 -14.503900558979
0.0 0.2 0.0 0.0 0.0 0.0 0.0 0.0 0.0 0.0 0.0 -0.6 -14.66134562244
0.0 0.2 0.0 0.0 0.0 0.0 0.0 0.0 0.0 0.0 0.0 -0.2 -14.717068205128
0.0 0.2 0.0 0.0 0.0 0.0 0.0 0.0 0.0 0.0 0.0 0.2 -14.717067975724
0.0 0.2 0.0 0.0 0.0 0.0 0.0 0.0 0.0 0.0 0.0 0.6 -14.66133970772
0.0 0.2 0.0 0.0 0.0 0.0 0.0 0.0 0.0 0.0 0.0 1.0 -14.503866294639
0.0 0.6 0.0 0.0 0.0 0.0 0.0 0.0 0.0 0.0 0.0 -1.0 -14.498872193979
0.0 0.6 0.0 0.0 0.0 0.0 0.0 0.0 0.0 0.0 0.0 -0.6 -14.656177544843
0.0 0.6 0.0 0.0 0.0 0.0 0.0 0.0 0.0 0.0 0.0 -0.2 -14.711836543643
0.0 0.6 0.0 0.0 0.0 0.0 0.0 0.0 0.0 0.0 0.0 0.2 -14.711835932145
0.0 0.6 0.0 0.0 0.0 0.0 0.0 0.0 0.0 0.0 0.0 0.6 -14.656170093202
0.0 0.6 0.0 0.0 0.0 0.0 0.0 0.0 0.0 0.0 0.0 1.0 -14.498833605135
0.0 1.0 0.0 0.0 0.0 0.0 0.0 0.0 0.0 0.0 0.0 -1.0 -14.487658495079
0.0 1.0 0.0 0.0 0.0 0.0 0.0 0.0 0.0 0.0 0.0 -0.6 -14.644700501873
0.0 1.0 0.0 0.0 0.0 0.0 0.0 0.0 0.0 0.0 0.0 -0.2 -14.700240556938
0.0 1.0 0.0 0.0 0.0 0.0 0.0 0.0 0.0 0.0 0.0 0.2 -14.700239302027
0.0 1.0 0.0 0.0 0.0 0.0 0.0 0.0 0.0 0.0 0.0 0.6 -14.644690383198
0.0 1.0 0.0 0.0 0.0 0.0 0.0 0.0 0.0 0.0 0.0 1.0 -14.487612112062
0.0 0.0 -1.0 -1.0 0.0 0.0 0.0 0.0 0.0 0.0 0.0 0.0 -14.642289193787
0.0 0.0 -1.0 -0.6 0.0 0.0 0.0 0.0 0.0 0.0 0.0 0.0 -14.683523353443
0.0 0.0 -1.0 -0.2 0.0 0.0 0.0 0.0 0.0 0.0 0.0 0.0 -14.699507442372
0.0 0.0 -1.0 0.2 0.0 0.0 0.0 0.0 0.0 0.0 0.0 0.0 -14.699507429746
0.0 0.0 -1.0 0.6 0.0 0.0 0.0 0.0 0.0 0.0 0.0 0.0 -14.683523172371
0.0 0.0 -1.0 1.0 0.0 0.0 0.0 0.0 0.0 0.0 0.0 0.0 -14.642288720193
0.0 0.0 -0.6 -1.0 0.0 0.0 0.0 0.0 0.0 0.0 0.0 0.0 -14.657461420022
0.0 0.0 -0.6 -0.6 0.0 0.0 0.0 0.0 0.0 0.0 0.0 0.0 -14.698249256556
0.0 0.0 -0.6 -0.2 0.0 0.0 0.0 0.0 0.0 0.0 0.0 0.0 -14.713754484686
0.0 0.0 -0.6 0.2 0.0 0.0 0.0 0.0 0.0 0.0 0.0 0.0 -14.713754474205
0.0 0.0 -0.6 0.6 0.0 0.0 0.0 0.0 0.0 0.0 0.0 0.0 -14.698249090213
0.0 0.0 -0.6 1.0 0.0 0.0 0.0 0.0 0.0 0.0 0.0 0.0 -14.65746098182
0.0 0.0 -0.2 -1.0 0.0 0.0 0.0 0.0 0.0 0.0 0.0 0.0 -14.666146058691
0.0 0.0 -0.2 -0.6 0.0 0.0 0.0 0.0 0.0 0.0 0.0 0.0 -14.706356781303
0.0 0.0 -0.2 -0.2 0.0 0.0 0.0 0.0 0.0 0.0 0.0 0.0 -14.721323218963
0.0 0.0 -0.2 0.2 0.0 0.0 0.0 0.0 0.0 0.0 0.0 0.0 -14.721323210557
0.0 0.0 -0.2 0.6 0.0 0.0 0.0 0.0 0.0 0.0 0.0 0.0 -14.706356630267
0.0 0.0 -0.2 1.0 0.0 0.0 0.0 0.0 0.0 0.0 0.0 0.0 -14.66614565704
0.0 0.0 0.2 -1.0 0.0 0.0 0.0 0.0 0.0 0.0 0.0 0.0 -14.667395130705
0.0 0.0 0.2 -0.6 0.0 0.0 0.0 0.0 0.0 0.0 0.0 0.0 -14.706957494991
0.0 0.0 0.2 -0.2 0.0 0.0 0.0 0.0 0.0 0.0 0.0 0.0 -14.721361378601
0.0 0.0 0.2 0.2 0.0 0.0 0.0 0.0 0.0 0.0 0.0 0.0 -14.721361372897
0.0 0.0 0.2 0.6 0.0 0.0 0.0 0.0 0.0 0.0 0.0 0.0 -14.706957361767
0.0 0.0 0.2 1.0 0.0 0.0 0.0 0.0 0.0 0.0 0.0 0.0 -14.667394769561
0.0 0.0 0.6 -1.0 0.0 0.0 0.0 0.0 0.0 0.0 0.0 0.0 -14.659974596855
0.0 0.0 0.6 -0.6 0.0 0.0 0.0 0.0 0.0 0.0 0.0 0.0 -14.698860662151
0.0 0.0 0.6 -0.2 0.0 0.0 0.0 0.0 0.0 0.0 0.0 0.0 -14.712705634829
0.0 0.0 0.6 0.2 0.0 0.0 0.0 0.0 0.0 0.0 0.0 0.0 -14.712705632809
0.0 0.0 0.6 0.6 0.0 0.0 0.0 0.0 0.0 0.0 0.0 0.0 -14.698860550159
0.0 0.0 0.6 1.0 0.0 0.0 0.0 0.0 0.0 0.0 0.0 0.0 -14.659974281434
0.0 0.0 1.0 -1.0 0.0 0.0 0.0 0.0 0.0 0.0 0.0 0.0 -14.642218988255
0.0 0.0 1.0 -0.6 0.0 0.0 0.0 0.0 0.0 0.0 0.0 0.0 -14.680415542869
0.0 0.0 1.0 -0.2 0.0 0.0 0.0 0.0 0.0 0.0 0.0 0.0 -14.693717130439
0.0 0.0 1.0 0.2 0.0 0.0 0.0 0.0 0.0 0.0 0.0 0.0 -14.693717132942
0.0 0.0 1.0 0.6 0.0 0.0 0.0 0.0 0.0 0.0 0.0 0.0 -14.680415455038
0.0 0.0 1.0 1.0 0.0 0.0 0.0 0.0 0.0 0.0 0.0 0.0 -14.642218722946
0.0 0.0 -1.0 0.0 -1.0 0.0 0.0 0.0 0.0 0.0 0.0 0.0 -14.639848066343
0.0 0.0 -1.0 0.0 -0.6 0.0 0.0 0.0 0.0 0.0 0.0 0.0 -14.681024593883
0.0 0.0 -1.0 0.0 -0.2 0.0 0.0 0.0 0.0 0.0 0.0 0.0 -14.699105712482
0.0 0.0 -1.0 0.0 0.2 0.0 0.0 0.0 0.0 0.0 0.0 0.0 -14.699105712469
0.0 0.0 -1.0 0.0 0.6 0.0 0.0 0.0 0.0 0.0 0.0 0.0 -14.681024593881
0.0 0.0 -1.0 0.0 1.0 0.0 0.0 0.0 0.0 0.0 0.0 0.0 -14.639848066359
0.0 0.0 -0.6 0.0 -1.0 0.0 0.0 0.0 0.0 0.0 0.0 0.0 -14.654293284551
0.0 0.0 -0.6 0.0 -0.6 0.0 0.0 0.0 0.0 0.0 0.0 0.0 -14.695444009256
0.0 0.0 -0.6 0.0 -0.2 0.0 0.0 0.0 0.0 0.0 0.0 0.0 -14.713315382617
0.0 0.0 -0.6 0.0 0.2 0.0 0.0 0.0 0.0 0.0 0.0 0.0 -14.713315382612
0.0 0.0 -0.6 0.0 0.6 0.0 0.0 0.0 0.0 0.0 0.0 0.0 -14.695444009285
0.0 0.0 -0.6 0.0 1.0 0.0 0.0 0.0 0.0 0.0 0.0 0.0 -14.654293284626
0.0 0.0 -0.2 0.0 -1.0 0.0 0.0 0.0 0.0 0.0 0.0 0.0 -14.662283072998
0.0 0.0 -0.2 0.0 -0.6 0.0 0.0 0.0 0.0 0.0 0.0 0.0 -14.703270927383
0.0 0.0 -0.2 0.0 -0.2 0.0 0.0 0.0 0.0 0.0 0.0 0.0 -14.720850502668
0.0 0.0 -0.2 0.0 0.2 0.0 0.0 0.0 0.0 0.0 0.0 0.0 -14.720850502672
0.0 0.0 -0.2 0.0 0.6 0.0 0.0 0.0 0.0 0.0 0.0 0.0 -14.703270927441
0.0 0.0 -0.2 0.0 1.0 0.0 0.0 0.0 0.0 0.0 0.0 0.0 -14.662283073129
0.0 0.0 0.2 0.0 -1.0 0.0 0.0 0.0 0.0 0.0 0.0 0.0 -14.662985918889
0.0 0.0 0.2 0.0 -0.6 0.0 0.0 0.0 0.0 0.0 0.0 0.0 -14.703661163957
0.0 0.0 0.2 0.0 -0.2 0.0 0.0 0.0 0.0 0.0 0.0 0.0 -14.720863853152
0.0 0.0 0.2 0.0 0.2 0.0 0.0 0.0 0.0 0.0 0.0 0.0 -14.720863852876
0.0 0.0 0.2 0.0 0.6 0.0 0.0 0.0 0.0 0.0 0.0 0.0 -14.703661164041
0.0 0.0 0.2 0.0 1.0 0.0 0.0 0.0 0.0 0.0 0.0 0.0 -14.662985919074
0.0 0.0 0.6 0.0 -1.0 0.0 0.0 0.0 0.0 0.0 0.0 0.0 -14.655271033114
0.0 0.0 0.6 0.0 -0.6 0.0 0.0 0.0 0.0 0.0 0.0 0.0 -14.695462907786
0.0 0.0 0.6 0.0 -0.2 0.0 0.0 0.0 0.0 0.0 0.0 0.0 -14.712196513723
0.0 0.0 0.6 0.0 0.2 0.0 0.0 0.0 0.0 0.0 0.0 0.0 -14.712196513506
0.0 0.0 0.6 0.0 0.6 0.0 0.0 0.0 0.0 0.0 0.0 0.0 -14.695462907892
0.0 0.0 0.6 0.0 1.0 0.0 0.0 0.0 0.0 0.0 0.0 0.0 -14.655271033347
0.0 0.0 1.0 0.0 -1.0 0.0 0.0 0.0 0.0 0.0 0.0 0.0 -14.637549322531
0.0 0.0 1.0 0.0 -0.6 0.0 0.0 0.0 0.0 0.0 0.0 0.0 -14.677053809274
0.0 0.0 1.0 0.0 -0.2 0.0 0.0 0.0 0.0 0.0 0.0 0.0 -14.693212802882
0.0 0.0 1.0 0.0 0.2 0.0 0.0 0.0 0.0 0.0 0.0 0.0 -14.693212802903
0.0 0.0 1.0 0.0 0.6 0.0 0.0 0.0 0.0 0.0 0.0 0.0 -14.677053809397
0.0 0.0 1.0 0.0 1.0 0.0 0.0 0.0 0.0 0.0 0.0 0.0 -14.637549322803
0.0 0.0 -1.0 0.0 0.0 -1.0 0.0 0.0 0.0 0.0 0.0 0.0 -14.63584215964
0.0 0.0 -1.0 0.0 0.0 -0.6 0.0 0.0 0.0 0.0 0.0 0.0 -14.678941990082
0.0 0.0 -1.0 0.0 0.0 -0.2 0.0 0.0 0.0 0.0 0.0 0.0 -14.698234638793
0.0 0.0 -1.0 0.0 0.0 0.2 0.0 0.0 0.0 0.0 0.0 0.0 -14.700333189371
0.0 0.0 -1.0 0.0 0.0 0.6 0.0 0.0 0.0 0.0 0.0 0.0 -14.690012512616
0.0 0.0 -1.0 0.0 0.0 1.0 0.0 0.0 0.0 0.0 0.0 0.0 -14.670584630286
0.0 0.0 -0.6 0.0 0.0 -1.0 0.0 0.0 0.0 0.0 0.0 0.0 -14.649431301766
0.0 0.0 -0.6 0.0 0.0 -0.6 0.0 0.0 0.0 0.0 0.0 0.0 -14.693867214078
0.0 0.0 -0.6 0.0 0.0 -0.2 0.0 0.0 0.0 0.0 0.0 0.0 -14.712916846849
0.0 0.0 -0.6 0.0 0.0 0.2 0.0 0.0 0.0 0.0 0.0 0.0 -14.713790120231
0.0 0.0 -0.6 0.0 0.0 0.6 0.0 0.0 0.0 0.0 0.0 0.0 -14.701570750519
0.0 0.0 -0.6 0.0 0.0 1.0 0.0 0.0 0.0 0.0 0.0 0.0 -14.679725506273
0.0 0.0 -0.2 0.0 0.0 -1.0 0.0 0.0 0.0 0.0 0.0 0.0 -14.653667200316
0.0 0.0 -0.2 0.0 0.0 -0.6 0.0 0.0 0.0 0.0 0.0 0.0 -14.700791832127
0.0 0.0 -0.2 0.0 0.0 -0.2 0.0 0.0 0.0 0.0 0.0 0.0 -14.720556558105
0.0 0.0 -0.2 0.0 0.0 0.2 0.0 0.0 0.0 0.0 0.0 0.0 -14.720849226717
0.0 0.0 -0.2 0.0 0.0 0.6 0.0 0.0 0.0 0.0 0.0 0.0 -14.707127347361
0.0 0.0 -0.2 0.0 0.0 1.0 0.0 0.0 0.0 0.0 0.0 0.0 -14.683084555329
0.0 0.0 0.2 0.0 0.0 -1.0 0.0 0.0 0.0 0.0 0.0 0.0 -14.64760419971
0.0 0.0 0.2 0.0 0.0 -0.6 0.0 0.0 0.0 0.0 0.0 0.0 -14.698882107542
0.0 0.0 0.2 0.0 0.0 -0.2 0.0 0.0 0.0 0.0 0.0 0.0 -14.720327057694
0.0 0.0 0.2 0.0 0.0 0.2 0.0 0.0 0.0 0.0 0.0 0.0 -14.720634702012
0.0 0.0 0.2 0.0 0.0 0.6 0.0 0.0 0.0 0.0 0.0 0.0 -14.705749437462
0.0 0.0 0.2 0.0 0.0 1.0 0.0 0.0 0.0 0.0 0.0 0.0 -14.679702935453
0.0 0.0 0.6 0.0 0.0 -1.0 0.0 0.0 0.0 0.0 0.0 0.0 -14.630258661494
0.0 0.0 0.6 0.0 0.0 -0.6 0.0 0.0 0.0 0.0 0.0 0.0 -14.687122236696
0.0 0.0 0.6 0.0 0.0 -0.2 0.0 0.0 0.0 0.0 0.0 0.0 -14.711119907234
0.0 0.0 0.6 0.0 0.0 0.2 0.0 0.0 0.0 0.0 0.0 0.0 -14.711941282666
0.0 0.0 0.6 0.0 0.0 0.6 0.0 0.0 0.0 0.0 0.0 0.0 -14.696176754645
0.0 0.0 0.6 0.0 0.0 1.0 0.0 0.0 0.0 0.0 0.0 0.0 -14.668334187288
0.0 0.0 1.0 0.0 0.0 -1.0 0.0 0.0 0.0 0.0 0.0 0.0 -14.600401388618
0.0 0.0 1.0 0.0 0.0 -0.6 0.0 0.0 0.0 0.0 0.0 0.0 -14.664100335002
0.0 0.0 1.0 0.0 0.0 -0.2 0.0 0.0 0.0 0.0 0.0 0.0 -14.691358177772
0.0 0.0 1.0 0.0 0.0 0.2 0.0 0.0 0.0 0.0 0.0 0.0 -14.693092710955
0.0 0.0 1.0 0.0 0.0 0.6 0.0 0.0 0.0 0.0 0.0 0.0 -14.676727371922
0.0 0.0 1.0 0.0 0.0 1.0 0.0 0.0 0.0 0.0 0.0 0.0 -14.647388146405
0.0 0.0 -1.0 0.0 0.0 0.0 -1.0 0.0 0.0 0.0 0.0 0.0 -14.650754201174
0.0 0.0 -1.0 0.0 0.0 0.0 -0.6 0.0 0.0 0.0 0.0 0.0 -14.683816248452
0.0 0.0 -1.0 0.0 0.0 0.0 -0.2 0.0 0.0 0.0 0.0 0.0 -14.699222263284
0.0 0.0 -1.0 0.0 0.0 0.0 0.2 0.0 0.0 0.0 0.0 0.0 -14.699222805949
0.0 0.0 -1.0 0.0 0.0 0.0 0.6 0.0 0.0 0.0 0.0 0.0 -14.683820121828
0.0 0.0 -1.0 0.0 0.0 0.0 1.0 0.0 0.0 0.0 0.0 0.0 -14.650768516162
0.0 0.0 -0.6 0.0 0.0 0.0 -1.0 0.0 0.0 0.0 0.0 0.0 -14.661756732294
0.0 0.0 -0.6 0.0 0.0 0.0 -0.6 0.0 0.0 0.0 0.0 0.0 -14.696947704355
0.0 0.0 -0.6 0.0 0.0 0.0 -0.2 0.0 0.0 0.0 0.0 0.0 -14.713280657002
0.0 0.0 -0.6 0.0 0.0 0.0 0.2 0.0 0.0 0.0 0.0 0.0 -14.713281067273
0.0 0.0 -0.6 0.0 0.0 0.0 0.6 0.0 0.0 0.0 0.0 0.0 -14.696951342233
0.0 0.0 -0.6 0.0 0.0 0.0 1.0 0.0 0.0 0.0 0.0 0.0 -14.661771287057
0.0 0.0 -0.2 0.0 0.0 0.0 -1.0 0.0 0.0 0.0 0.0 0.0 -14.665437021079
0.0 0.0 -0.2 0.0 0.0 0.0 -0.6 0.0 0.0 0.0 0.0 0.0 -14.703174031128
0.0 0.0 -0.2 0.0 0.0 0.0 -0.2 0.0 0.0 0.0 0.0 0.0 -14.720630032557
0.0 0.0 -0.2 0.0 0.0 0.0 0.2 0.0 0.0 0.0 0.0 0.0 -14.72063038604
0.0 0.0 -0.2 0.0 0.0 0.0 0.6 0.0 0.0 0.0 0.0 0.0 -14.703177681583
0.0 0.0 -0.2 0.0 0.0 0.0 1.0 0.0 0.0 0.0 0.0 0.0 -14.665452315248
0.0 0.0 0.2 0.0 0.0 0.0 -1.0 0.0 0.0 0.0 0.0 0.0 -14.660955391371
0.0 0.0 0.2 0.0 0.0 0.0 -0.6 0.0 0.0 0.0 0.0 0.0 -14.701646888688
0.0 0.0 0.2 0.0 0.0 0.0 -0.2 0.0 0.0 0.0 0.0 0.0 -14.720422731561
0.0 0.0 0.2 0.0 0.0 0.0 0.2 0.0 0.0 0.0 0.0 0.0 -14.720423092367
0.0 0.0 0.2 0.0 0.0 0.0 0.6 0.0 0.0 0.0 0.0 0.0 -14.701650764772
0.0 0.0 0.2 0.0 0.0 0.0 1.0 0.0 0.0 0.0 0.0 0.0 -14.660971863456
0.0 0.0 0.6 0.0 0.0 0.0 -1.0 0.0 0.0 0.0 0.0 0.0 -14.647207981395
0.0 0.0 0.6 0.0 0.0 0.0 -0.6 0.0 0.0 0.0 0.0 0.0 -14.691220600641
0.0 0.0 0.6 0.0 0.0 0.0 -0.2 0.0 0.0 0.0 0.0 0.0 -14.711500367498
0.0 0.0 0.6 0.0 0.0 0.0 0.2 0.0 0.0 0.0 0.0 0.0 -14.711500782283
0.0 0.0 0.6 0.0 0.0 0.0 0.6 0.0 0.0 0.0 0.0 0.0 -14.691224860496
0.0 0.0 0.6 0.0 0.0 0.0 1.0 0.0 0.0 0.0 0.0 0.0 -14.647225964552
0.0 0.0 1.0 0.0 0.0 0.0 -1.0 0.0 0.0 0.0 0.0 0.0 -14.622669429434
0.0 0.0 1.0 0.0 0.0 0.0 -0.6 0.0 0.0 0.0 0.0 0.0 -14.670291700279
0.0 0.0 1.0 0.0 0.0 0.0 -0.2 0.0 0.0 0.0 0.0 0.0 -14.692229166302
0.0 0.0 1.0 0.0 0.0 0.0 0.2 0.0 0.0 0.0 0.0 0.0 -14.692229665192
0.0 0.0 1.0 0.0 0.0 0.0 0.6 0.0 0.0 0.0 0.0 0.0 -14.670296447457
0.0 0.0 1.0 0.0 0.0 0.0 1.0 0.0 0.0 0.0 0.0 0.0 -14.622689139512
0.0 0.0 -1.0 0.0 0.0 0.0 0.0 -1.0 0.0 0.0 0.0 0.0 -14.638627173316
0.0 0.0 -1.0 0.0 0.0 0.0 0.0 -0.6 0.0 0.0 0.0 0.0 -14.679734785214
0.0 0.0 -1.0 0.0 0.0 0.0 0.0 -0.2 0.0 0.0 0.0 0.0 -14.698824733894
0.0 0.0 -1.0 0.0 0.0 0.0 0.0 0.2 0.0 0.0 0.0 0.0 -14.698824365666
0.0 0.0 -1.0 0.0 0.0 0.0 0.0 0.6 0.0 0.0 0.0 0.0 -14.679733215368
0.0 0.0 -1.0 0.0 0.0 0.0 0.0 1.0 0.0 0.0 0.0 0.0 -14.638623845411
0.0 0.0 -0.6 0.0 0.0 0.0 0.0 -1.0 0.0 0.0 0.0 0.0 -14.651905908735
0.0 0.0 -0.6 0.0 0.0 0.0 0.0 -0.6 0.0 0.0 0.0 0.0 -14.693746101081
0.0 0.0 -0.6 0.0 0.0 0.0 0.0 -0.2 0.0 0.0 0.0 0.0 -14.712987708759
0.0 0.0 -0.6 0.0 0.0 0.0 0.0 0.2 0.0 0.0 0.0 0.0 -14.712987365402
0.0 0.0 -0.6 0.0 0.0 0.0 0.0 0.6 0.0 0.0 0.0 0.0 -14.693744726826
0.0 0.0 -0.6 0.0 0.0 0.0 0.0 1.0 0.0 0.0 0.0 0.0 -14.651902976111
0.0 0.0 -0.2 0.0 0.0 0.0 0.0 -1.0 0.0 0.0 0.0 0.0 -14.658217205942
0.0 0.0 -0.2 0.0 0.0 0.0 0.0 -0.6 0.0 0.0 0.0 0.0 -14.700931789761
0.0 0.0 -0.2 0.0 0.0 0.0 0.0 -0.2 0.0 0.0 0.0 0.0 -14.720446817962
0.0 0.0 -0.2 0.0 0.0 0.0 0.0 0.2 0.0 0.0 0.0 0.0 -14.720446490605
0.0 0.0 -0.2 0.0 0.0 0.0 0.0 0.6 0.0 0.0 0.0 0.0 -14.700930607442
0.0 0.0 -0.2 0.0 0.0 0.0 0.0 1.0 0.0 0.0 0.0 0.0 -14.65821469434
0.0 0.0 0.2 0.0 0.0 0.0 0.0 -1.0 0.0 0.0 0.0 0.0 -14.6566554614
0.0 0.0 0.2 0.0 0.0 0.0 0.0 -0.6 0.0 0.0 0.0 0.0 -14.700414531982
0.0 0.0 0.2 0.0 0.0 0.0 0.0 -0.2 0.0 0.0 0.0 0.0 -14.720350706692
0.0 0.0 0.2 0.0 0.0 0.0 0.0 0.2 0.0 0.0 0.0 0.0 -14.720350388646
0.0 0.0 0.2 0.0 0.0 0.0 0.0 0.6 0.0 0.0 0.0 0.0 -14.700413539912
0.0 0.0 0.2 0.0 0.0 0.0 0.0 1.0 0.0 0.0 0.0 0.0 -14.656653390894
0.0 0.0 0.6 0.0 0.0 0.0 0.0 -1.0 0.0 0.0 0.0 0.0 -14.646014308138
0.0 0.0 0.6 0.0 0.0 0.0 0.0 -0.6 0.0 0.0 0.0 0.0 -14.691009562845
0.0 0.0 0.6 0.0 0.0 0.0 0.0 -0.2 0.0 0.0 0.0 0.0 -14.711536303904
0.0 0.0 0.6 0.0 0.0 0.0 0.0 0.2 0.0 0.0 0.0 0.0 -14.711535990658
0.0 0.0 0.6 0.0 0.0 0.0 0.0 0.6 0.0 0.0 0.0 0.0 -14.691008759349
0.0 0.0 0.6 0.0 0.0 0.0 0.0 1.0 0.0 0.0 0.0 0.0 -14.646012689719
0.0 0.0 1.0 0.0 0.0 0.0 0.0 -1.0 0.0 0.0 0.0 0.0 -14.624623866026
0.0 0.0 1.0 0.0 0.0 0.0 0.0 -0.6 0.0 0.0 0.0 0.0 -14.671063807957
0.0 0.0 1.0 0.0 0.0 0.0 0.0 -0.2 0.0 0.0 0.0 0.0 -14.692364257172
0.0 0.0 1.0 0.0 0.0 0.0 0.0 0.2 0.0 0.0 0.0 0.0 -14.692363947211
0.0 0.0 1.0 0.0 0.0 0.0 0.0 0.6 0.0 0.0 0.0 0.0 -14.671063192424
0.0 0.0 1.0 0.0 0.0 0.0 0.0 1.0 0.0 0.0 0.0 0.0 -14.62462270593
0.0 0.0 -1.0 0.0 0.0 0.0 0.0 0.0 -1.0 0.0 0.0 0.0 -14.636396812688
0.0 0.0 -1.0 0.0 0.0 0.0 0.0 0.0 -0.6 0.0 0.0 0.0 -14.677706198906
0.0 0.0 -1.0 0.0 0.0 0.0 0.0 0.0 -0.2 0.0 0.0 0.0 -14.698461362181
0.0 0.0 -1.0 0.0 0.0 0.0 0.0 0.0 0.2 0.0 0.0 0.0 -14.698539582648
0.0 0.0 -1.0 0.0 0.0 0.0 0.0 0.0 0.6 0.0 0.0 0.0 -14.676217842008
0.0 0.0 -1.0 0.0 0.0 0.0 0.0 0.0 1.0 0.0 0.0 0.0 -14.626511189604
0.0 0.0 -0.6 0.0 0.0 0.0 0.0 0.0 -1.0 0.0 0.0 0.0 -14.653085027054
0.0 0.0 -0.6 0.0 0.0 0.0 0.0 0.0 -0.6 0.0 0.0 0.0 -14.693003470411
0.0 0.0 -0.6 0.0 0.0 0.0 0.0 0.0 -0.2 0.0 0.0 0.0 -14.712782346751
0.0 0.0 -0.6 0.0 0.0 0.0 0.0 0.0 0.2 0.0 0.0 0.0 -14.71276275267
0.0 0.0 -0.6 0.0 0.0 0.0 0.0 0.0 0.6 0.0 0.0 0.0 -14.690992672936
0.0 0.0 -0.6 0.0 0.0 0.0 0.0 0.0 1.0 0.0 0.0 0.0 -14.642541002384
0.0 0.0 -0.2 0.0 0.0 0.0 0.0 0.0 -1.0 0.0 0.0 0.0 -14.662974989702
0.0 0.0 -0.2 0.0 0.0 0.0 0.0 0.0 -0.6 0.0 0.0 0.0 -14.701507681765
0.0 0.0 -0.2 0.0 0.0 0.0 0.0 0.0 -0.2 0.0 0.0 0.0 -14.720388979145
0.0 0.0 -0.2 0.0 0.0 0.0 0.0 0.0 0.2 0.0 0.0 0.0 -14.720302142253
0.0 0.0 -0.2 0.0 0.0 0.0 0.0 0.0 0.6 0.0 0.0 0.0 -14.698987784292
0.0 0.0 -0.2 0.0 0.0 0.0 0.0 0.0 1.0 0.0 0.0 0.0 -14.651618969406
0.0 0.0 0.2 0.0 0.0 0.0 0.0 0.0 -1.0 0.0 0.0 0.0 -14.665112146857
0.0 0.0 0.2 0.0 0.0 0.0 0.0 0.0 -0.6 0.0 0.0 0.0 -14.702311662205
0.0 0.0 0.2 0.0 0.0 0.0 0.0 0.0 -0.2 0.0 0.0 0.0 -14.720421090874
0.0 0.0 0.2 0.0 0.0 0.0 0.0 0.0 0.2 0.0 0.0 0.0 -14.720311510054
0.0 0.0 0.2 0.0 0.0 0.0 0.0 0.0 0.6 0.0 0.0 0.0 -14.699313312527
0.0 0.0 0.2 0.0 0.0 0.0 0.0 0.0 1.0 0.0 0.0 0.0 -14.652709572181
0.0 0.0 0.6 0.0 0.0 0.0 0.0 0.0 -1.0 0.0 0.0 0.0 -14.658271149718
0.0 0.0 0.6 0.0 0.0 0.0 0.0 0.0 -0.6 0.0 0.0 0.0 -14.694209996852
0.0 0.0 0.6 0.0 0.0 0.0 0.0 0.0 -0.2 0.0 0.0 0.0 -14.711706559196
0.0 0.0 0.6 0.0 0.0 0.0 0.0 0.0 0.2 0.0 0.0 0.0 -14.711638449209
0.0 0.0 0.6 0.0 0.0 0.0 0.0 0.0 0.6 0.0 0.0 0.0 -14.690815536398
0.0 0.0 0.6 0.0 0.0 0.0 0.0 0.0 1.0 0.0 0.0 0.0 -14.644584130849
0.0 0.0 1.0 0.0 0.0 0.0 0.0 0.0 -1.0 0.0 0.0 0.0 -14.640872599704
0.0 0.0 1.0 0.0 0.0 0.0 0.0 0.0 -0.6 0.0 0.0 0.0 -14.675583117771
0.0 0.0 1.0 0.0 0.0 0.0 0.0 0.0 -0.2 0.0 0.0 0.0 -14.692611913116
0.0 0.0 1.0 0.0 0.0 0.0 0.0 0.0 0.2 0.0 0.0 0.0 -14.692645467947
0.0 0.0 1.0 0.0 0.0 0.0 0.0 0.0 0.6 0.0 0.0 0.0 -14.671865606003
0.0 0.0 1.0 0.0 0.0 0.0 0.0 0.0 1.0 0.0 0.0 0.0 -14.625576783833
0.0 0.0 -1.0 0.0 0.0 0.0 0.0 0.0 0.0 -1.0 0.0 0.0 -14.605741483973
0.0 0.0 -1.0 0.0 0.0 0.0 0.0 0.0 0.0 -0.6 0.0 0.0 -14.674263724111
0.0 0.0 -1.0 0.0 0.0 0.0 0.0 0.0 0.0 -0.2 0.0 0.0 -14.699232398597
0.0 0.0 -1.0 0.0 0.0 0.0 0.0 0.0 0.0 0.2 0.0 0.0 -14.697821667656
0.0 0.0 -1.0 0.0 0.0 0.0 0.0 0.0 0.0 0.6 0.0 0.0 -14.679496250523
0.0 0.0 -1.0 0.0 0.0 0.0 0.0 0.0 0.0 1.0 0.0 0.0 -14.649096958507
0.0 0.0 -0.6 0.0 0.0 0.0 0.0 0.0 0.0 -1.0 0.0 0.0 -14.604384074848
0.0 0.0 -0.6 0.0 0.0 0.0 0.0 0.0 0.0 -0.6 0.0 0.0 -14.682853653903
0.0 0.0 -0.6 0.0 0.0 0.0 0.0 0.0 0.0 -0.2 0.0 0.0 -14.712482148622
0.0 0.0 -0.6 0.0 0.0 0.0 0.0 0.0 0.0 0.2 0.0 0.0 -14.712184880988
0.0 0.0 -0.6 0.0 0.0 0.0 0.0 0.0 0.0 0.6 0.0 0.0 -14.692548573711
0.0 0.0 -0.6 0.0 0.0 0.0 0.0 0.0 0.0 1.0 0.0 0.0 -14.659139477672
0.0 0.0 -0.2 0.0 0.0 0.0 0.0 0.0 0.0 -1.0 0.0 0.0 -14.600876843354
0.0 0.0 -0.2 0.0 0.0 0.0 0.0 0.0 0.0 -0.6 0.0 0.0 -14.686332727562
0.0 0.0 -0.2 0.0 0.0 0.0 0.0 0.0 0.0 -0.2 0.0 0.0 -14.719341827191
0.0 0.0 -0.2 0.0 0.0 0.0 0.0 0.0 0.0 0.2 0.0 0.0 -14.719712507397
0.0 0.0 -0.2 0.0 0.0 0.0 0.0 0.0 0.0 0.6 0.0 0.0 -14.698757257675
0.0 0.0 -0.2 0.0 0.0 0.0 0.0 0.0 0.0 1.0 0.0 0.0 -14.662601333151
0.0 0.0 0.2 0.0 0.0 0.0 0.0 0.0 0.0 -1.0 0.0 0.0 -14.595925932358
0.0 0.0 0.2 0.0 0.0 0.0 0.0 0.0 0.0 -0.6 0.0 0.0 -14.684474512669
0.0 0.0 0.2 0.0 0.0 0.0 0.0 0.0 0.0 -0.2 0.0 0.0 -14.719097944568
0.0 0.0 0.2 0.0 0.0 0.0 0.0 0.0 0.0 0.2 0.0 0.0 -14.719475212264
0.0 0.0 0.2 0.0 0.0 0.0 0.0 0.0 0.0 0.6 0.0 0.0 -14.69714223582
0.0 0.0 0.2 0.0 0.0 0.0 0.0 0.0 0.0 1.0 0.0 0.0 -14.658556192241
0.0 0.0 0.6 0.0 0.0 0.0 0.0 0.0 0.0 -1.0 0.0 0.0 -14.589092382455
0.0 0.0 0.6 0.0 0.0 0.0 0.0 0.0 0.0 -0.6 0.0 0.0 -14.676437343355
0.0 0.0 0.6 0.0 0.0 0.0 0.0 0.0 0.0 -0.2 0.0 0.0 -14.710659537858
0.0 0.0 0.6 0.0 0.0 0.0 0.0 0.0 0.0 0.2 0.0 0.0 -14.710276619086
0.0 0.0 0.6 0.0 0.0 0.0 0.0 0.0 0.0 0.6 0.0 0.0 -14.686511191136
0.0 0.0 0.6 0.0 0.0 0.0 0.0 0.0 0.0 1.0 0.0 0.0 -14.645894120529
0.0 0.0 1.0 0.0 0.0 0.0 0.0 0.0 0.0 -1.0 0.0 0.0 -14.57838051384
0.0 0.0 1.0 0.0 0.0 0.0 0.0 0.0 0.0 -0.6 0.0 0.0 -14.660483428113
0.0 0.0 1.0 0.0 0.0 0.0 0.0 0.0 0.0 -0.2 0.0 0.0 -14.692363360923
0.0 0.0 1.0 0.0 0.0 0.0 0.0 0.0 0.0 0.2 0.0 0.0 -14.690510641069
0.0 0.0 1.0 0.0 0.0 0.0 0.0 0.0 0.0 0.6 0.0 0.0 -14.665347414922
0.0 0.0 1.0 0.0 0.0 0.0 0.0 0.0 0.0 1.0 0.0 0.0 -14.62322697802
0.0 0.0 -1.0 0.0 0.0 0.0 0.0 0.0 0.0 0.0 -1.0 0.0 -14.360582507615
0.0 0.0 -1.0 0.0 0.0 0.0 0.0 0.0 0.0 0.0 -0.6 0.0 -14.618497957655
0.0 0.0 -1.0 0.0 0.0 0.0 0.0 0.0 0.0 0.0 -0.2 0.0 -14.694799024251
0.0 0.0 -1.0 0.0 0.0 0.0 0.0 0.0 0.0 0.0 0.2 0.0 -14.696007502176
0.0 0.0 -1.0 0.0 0.0 0.0 0.0 0.0 0.0 0.0 0.6 0.0 -14.667171845216
0.0 0.0 -1.0 0.0 0.0 0.0 0.0 0.0 0.0 0.0 1.0 0.0 -14.627860136066
0.0 0.0 -0.6 0.0 0.0 0.0 0.0 0.0 0.0 0.0 -1.0 0.0 -14.36458560744
0.0 0.0 -0.6 0.0 0.0 0.0 0.0 0.0 0.0 0.0 -0.6 0.0 -14.629943339481
0.0 0.0 -0.6 0.0 0.0 0.0 0.0 0.0 0.0 0.0 -0.2 0.0 -14.708621526275
0.0 0.0 -0.6 0.0 0.0 0.0 0.0 0.0 0.0 0.0 0.2 0.0 -14.710227679789
0.0 0.0 -0.6 0.0 0.0 0.0 0.0 0.0 0.0 0.0 0.6 0.0 -14.681008655288
0.0 0.0 -0.6 0.0 0.0 0.0 0.0 0.0 0.0 0.0 1.0 0.0 -14.640980144561
0.0 0.0 -0.2 0.0 0.0 0.0 0.0 0.0 0.0 0.0 -1.0 0.0 -14.364068857392
0.0 0.0 -0.2 0.0 0.0 0.0 0.0 0.0 0.0 0.0 -0.6 0.0 -14.63536298658
0.0 0.0 -0.2 0.0 0.0 0.0 0.0 0.0 0.0 0.0 -0.2 0.0 -14.715885701188
0.0 0.0 -0.2 0.0 0.0 0.0 0.0 0.0 0.0 0.0 0.2 0.0 -14.717678391188
0.0 0.0 -0.2 0.0 0.0 0.0 0.0 0.0 0.0 0.0 0.6 0.0 -14.68796296357
0.0 0.0 -0.2 0.0 0.0 0.0 0.0 0.0 0.0 0.0 1.0 0.0 -14.647115621017
0.0 0.0 0.2 0.0 0.0 0.0 0.0 0.0 0.0 0.0 -1.0 0.0 -14.358206341258
0.0 0.0 0.2 0.0 0.0 0.0 0.0 0.0 0.0 0.0 -0.6 0.0 -14.633861156063
0.0 0.0 0.2 0.0 0.0 0.0 0.0 0.0 0.0 0.0 -0.2 0.0 -14.715718831929
0.0 0.0 0.2 0.0 0.0 0.0 0.0 0.0 0.0 0.0 0.2 0.0 -14.717542506062
0.0 0.0 0.2 0.0 0.0 0.0 0.0 0.0 0.0 0.0 0.6 0.0 -14.687286816582
0.0 0.0 0.2 0.0 0.0 0.0 0.0 0.0 0.0 0.0 1.0 0.0 -14.645594449797
0.0 0.0 0.6 0.0 0.0 0.0 0.0 0.0 0.0 0.0 -1.0 0.0 -14.345817280621
0.0 0.0 0.6 0.0 0.0 0.0 0.0 0.0 0.0 0.0 -0.6 0.0 -14.624214779876
0.0 0.0 0.6 0.0 0.0 0.0 0.0 0.0 0.0 0.0 -0.2 0.0 -14.706931741471
0.0 0.0 0.6 0.0 0.0 0.0 0.0 0.0 0.0 0.0 0.2 0.0 -14.708695131536
0.0 0.0 0.6 0.0 0.0 0.0 0.0 0.0 0.0 0.0 0.6 0.0 -14.677935237069
0.0 0.0 0.6 0.0 0.0 0.0 0.0 0.0 0.0 0.0 1.0 0.0 -14.635459886044
0.0 0.0 1.0 0.0 0.0 0.0 0.0 0.0 0.0 0.0 -1.0 0.0 -14.32523116659
0.0 0.0 1.0 0.0 0.0 0.0 0.0 0.0 0.0 0.0 -0.6 0.0 -14.604727628357
0.0 0.0 1.0 0.0 0.0 0.0 0.0 0.0 0.0 0.0 -0.2 0.0 -14.687859791624
0.0 0.0 1.0 0.0 0.0 0.0 0.0 0.0 0.0 0.0 0.2 0.0 -14.68953211699
0.0 0.0 1.0 0.0 0.0 0.0 0.0 0.0 0.0 0.0 0.6 0.0 -14.658382741365
0.0 0.0 1.0 0.0 0.0 0.0 0.0 0.0 0.0 0.0 1.0 0.0 -14.615271865467
0.0 0.0 -1.0 0.0 0.0 0.0 0.0 0.0 0.0 0.0 0.0 -1.0 -14.494024649476
0.0 0.0 -1.0 0.0 0.0 0.0 0.0 0.0 0.0 0.0 0.0 -0.6 -14.642610344382
0.0 0.0 -1.0 0.0 0.0 0.0 0.0 0.0 0.0 0.0 0.0 -0.2 -14.695371338644
0.0 0.0 -1.0 0.0 0.0 0.0 0.0 0.0 0.0 0.0 0.0 0.2 -14.695371199609
0.0 0.0 -1.0 0.0 0.0 0.0 0.0 0.0 0.0 0.0 0.0 0.6 -14.642605042082
0.0 0.0 -1.0 0.0 0.0 0.0 0.0 0.0 0.0 0.0 0.0 1.0 -14.493993058153
0.0 0.0 -0.6 0.0 0.0 0.0 0.0 0.0 0.0 0.0 0.0 -1.0 -14.502554121737
0.0 0.0 -0.6 0.0 0.0 0.0 0.0 0.0 0.0 0.0 0.0 -0.6 -14.655264254141
0.0 0.0 -0.6 0.0 0.0 0.0 0.0 0.0 0.0 0.0 0.0 -0.2 -14.70939512879
0.0 0.0 -0.6 0.0 0.0 0.0 0.0 0.0 0.0 0.0 0.0 0.2 -14.709394974649
0.0 0.0 -0.6 0.0 0.0 0.0 0.0 0.0 0.0 0.0 0.0 0.6 -14.655258777338
0.0 0.0 -0.6 0.0 0.0 0.0 0.0 0.0 0.0 0.0 0.0 1.0 -14.502521588884
0.0 0.0 -0.2 0.0 0.0 0.0 0.0 0.0 0.0 0.0 0.0 -1.0 -14.505416767096
0.0 0.0 -0.2 0.0 0.0 0.0 0.0 0.0 0.0 0.0 0.0 -0.6 -14.661497662174
0.0 0.0 -0.2 0.0 0.0 0.0 0.0 0.0 0.0 0.0 0.0 -0.2 -14.716758870775
0.0 0.0 -0.2 0.0 0.0 0.0 0.0 0.0 0.0 0.0 0.0 0.2 -14.716758709689
0.0 0.0 -0.2 0.0 0.0 0.0 0.0 0.0 0.0 0.0 0.0 0.6 -14.661492058814
0.0 0.0 -0.2 0.0 0.0 0.0 0.0 0.0 0.0 0.0 0.0 1.0 -14.505383505251
0.0 0.0 0.2 0.0 0.0 0.0 0.0 0.0 0.0 0.0 0.0 -1.0 -14.501849395762
0.0 0.0 0.2 0.0 0.0 0.0 0.0 0.0 0.0 0.0 0.0 -0.6 -14.660483003393
0.0 0.0 0.2 0.0 0.0 0.0 0.0 0.0 0.0 0.0 0.0 -0.2 -14.716616979033
0.0 0.0 0.2 0.0 0.0 0.0 0.0 0.0 0.0 0.0 0.0 0.2 -14.716616817145
0.0 0.0 0.2 0.0 0.0 0.0 0.0 0.0 0.0 0.0 0.0 0.6 -14.66047731737
0.0 0.0 0.2 0.0 0.0 0.0 0.0 0.0 0.0 0.0 0.0 1.0 -14.501815622618
0.0 0.0 0.6 0.0 0.0 0.0 0.0 0.0 0.0 0.0 0.0 -1.0 -14.49075887278
0.0 0.0 0.6 0.0 0.0 0.0 0.0 0.0 0.0 0.0 0.0 -0.6 -14.651076685664
0.0 0.0 0.6 0.0 0.0 0.0 0.0 0.0 0.0 0.0 0.0 -0.2 -14.707811321625
0.0 0.0 0.6 0.0 0.0 0.0 0.0 0.0 0.0 0.0 0.0 0.2 -14.707811162989
0.0 0.0 0.6 0.0 0.0 0.0 0.0 0.0 0.0 0.0 0.0 0.6 -14.651070956183
0.0 0.0 0.6 0.0 0.0 0.0 0.0 0.0 0.0 0.0 0.0 1.0 -14.490724807027
0.0 0.0 1.0 0.0 0.0 0.0 0.0 0.0 0.0 0.0 0.0 -1.0 -14.470559794284
0.0 0.0 1.0 0.0 0.0 0.0 0.0 0.0 0.0 0.0 0.0 -0.6 -14.631656090285
0.0 0.0 1.0 0.0 0.0 0.0 0.0 0.0 0.0 0.0 0.0 -0.2 -14.688706160363
0.0 0.0 1.0 0.0 0.0 0.0 0.0 0.0 0.0 0.0 0.0 0.2 -14.688706007223
0.0 0.0 1.0 0.0 0.0 0.0 0.0 0.0 0.0 0.0 0.0 0.6 -14.631650352297
0.0 0.0 1.0 0.0 0.0 0.0 0.0 0.0 0.0 0.0 0.0 1.0 -14.470525654181
0.0 0.0 0.0 -1.0 -1.0 0.0 0.0 0.0 0.0 0.0 0.0 0.0 -14.608442766152
0.0 0.0 0.0 -1.0 -0.6 0.0 0.0 0.0 0.0 0.0 0.0 0.0 -14.642533953422
0.0 0.0 0.0 -1.0 -0.2 0.0 0.0 0.0 0.0 0.0 0.0 0.0 -14.664681450417
0.0 0.0 0.0 -1.0 0.2 0.0 0.0 0.0 0.0 0.0 0.0 0.0 -14.664687947834
0.0 0.0 0.0 -1.0 0.6 0.0 0.0 0.0 0.0 0.0 0.0 0.0 -14.642549428119
0.0 0.0 0.0 -1.0 1.0 0.0 0.0 0.0 0.0 0.0 0.0 0.0 -14.608457018493
0.0 0.0 0.0 -0.6 -1.0 0.0 0.0 0.0 0.0 0.0 0.0 0.0 -14.64102129581
0.0 0.0 0.0 -0.6 -0.6 0.0 0.0 0.0 0.0 0.0 0.0 0.0 -14.680126511201
0.0 0.0 0.0 -0.6 -0.2 0.0 0.0 0.0 0.0 0.0 0.0 0.0 -14.704295518891
0.0 0.0 0.0 -0.6 0.2 0.0 0.0 0.0 0.0 0.0 0.0 0.0 -14.704301220684
0.0 0.0 0.0 -0.6 0.6 0.0 0.0 0.0 0.0 0.0 0.0 0.0 -14.680136080528
0.0 0.0 0.0 -0.6 1.0 0.0 0.0 0.0 0.0 0.0 0.0 0.0 -14.641030588744
0.0 0.0 0.0 -0.2 -1.0 0.0 0.0 0.0 0.0 0.0 0.0 0.0 -14.660883365567
0.0 0.0 0.0 -0.2 -0.6 0.0 0.0 0.0 0.0 0.0 0.0 0.0 -14.701544814948
0.0 0.0 0.0 -0.2 -0.2 0.0 0.0 0.0 0.0 0.0 0.0 0.0 -14.720192070105
0.0 0.0 0.0 -0.2 0.2 0.0 0.0 0.0 0.0 0.0 0.0 0.0 -14.720193111426
0.0 0.0 0.0 -0.2 0.6 0.0 0.0 0.0 0.0 0.0 0.0 0.0 -14.701546036239
0.0 0.0 0.0 -0.2 1.0 0.0 0.0 0.0 0.0 0.0 0.0 0.0 -14.6608867867
0.0 0.0 0.0 0.2 -1.0 0.0 0.0 0.0 0.0 0.0 0.0 0.0 -14.660886687191
0.0 0.0 0.0 0.2 -0.6 0.0 0.0 0.0 0.0 0.0 0.0 0.0 -14.701545962642
0.0 0.0 0.0 0.2 -0.2 0.0 0.0 0.0 0.0 0.0 0.0 0.0 -14.720193093448
0.0 0.0 0.0 0.2 0.2 0.0 0.0 0.0 0.0 0.0 0.0 0.0 -14.720192052145
0.0 0.0 0.0 0.2 0.6 0.0 0.0 0.0 0.0 0.0 0.0 0.0 -14.701544741479
0.0 0.0 0.0 0.2 1.0 0.0 0.0 0.0 0.0 0.0 0.0 0.0 -14.660883266349
0.0 0.0 0.0 0.6 -1.0 0.0 0.0 0.0 0.0 0.0 0.0 0.0 -14.641030364389
0.0 0.0 0.0 0.6 -0.6 0.0 0.0 0.0 0.0 0.0 0.0 0.0 -14.680135897267
0.0 0.0 0.0 0.6 -0.2 0.0 0.0 0.0 0.0 0.0 0.0 0.0 -14.704301073327
0.0 0.0 0.0 0.6 0.2 0.0 0.0 0.0 0.0 0.0 0.0 0.0 -14.704295371591
0.0 0.0 0.0 0.6 0.6 0.0 0.0 0.0 0.0 0.0 0.0 0.0 -14.680126328016
0.0 0.0 0.0 0.6 1.0 0.0 0.0 0.0 0.0 0.0 0.0 0.0 -14.641021071513
0.0 0.0 0.0 1.0 -1.0 0.0 0.0 0.0 0.0 0.0 0.0 0.0 -14.60845677223
0.0 0.0 0.0 1.0 -0.6 0.0 0.0 0.0 0.0 0.0 0.0 0.0 -14.642549137458
0.0 0.0 0.0 1.0 -0.2 0.0 0.0 0.0 0.0 0.0 0.0 0.0 -14.66468757964
0.0 0.0 0.0 1.0 0.2 0.0 0.0 0.0 0.0 0.0 0.0 0.0 -14.664681082268
0.0 0.0 0.0 1.0 0.6 0.0 0.0 0.0 0.0 0.0 0.0 0.0 -14.64253366273
0.0 0.0 0.0 1.0 1.0 0.0 0.0 0.0 0.0 0.0 0.0 0.0 -14.608442519499
0.0 0.0 0.0 -1.0 0.0 -1.0 0.0 0.0 0.0 0.0 0.0 0.0 -14.605223229582
0.0 0.0 0.0 -1.0 0.0 -0.6 0.0 0.0 0.0 0.0 0.0 0.0 -14.648737540911
0.0 0.0 0.0 -1.0 0.0 -0.2 0.0 0.0 0.0 0.0 0.0 0.0 -14.66636619213
0.0 0.0 0.0 -1.0 0.0 0.2 0.0 0.0 0.0 0.0 0.0 0.0 -14.665171899211
0.0 0.0 0.0 -1.0 0.0 0.6 0.0 0.0 0.0 0.0 0.0 0.0 -14.650144195399
0.0 0.0 0.0 -1.0 0.0 1.0 0.0 0.0 0.0 0.0 0.0 0.0 -14.624795793671
0.0 0.0 0.0 -0.6 0.0 -1.0 0.0 0.0 0.0 0.0 0.0 0.0 -14.638483353595
0.0 0.0 0.0 -0.6 0.0 -0.6 0.0 0.0 0.0 0.0 0.0 0.0 -14.68590254682
0.0 0.0 0.0 -0.6 0.0 -0.2 0.0 0.0 0.0 0.0 0.0 0.0 -14.705636641163
0.0 0.0 0.0 -0.6 0.0 0.2 0.0 0.0 0.0 0.0 0.0 0.0 -14.705486000637
0.0 0.0 0.0 -0.6 0.0 0.6 0.0 0.0 0.0 0.0 0.0 0.0 -14.690871181425
0.0 0.0 0.0 -0.6 0.0 1.0 0.0 0.0 0.0 0.0 0.0 0.0 -14.665527360505
0.0 0.0 0.0 -0.2 0.0 -1.0 0.0 0.0 0.0 0.0 0.0 0.0 -14.650817424866
0.0 0.0 0.0 -0.2 0.0 -0.6 0.0 0.0 0.0 0.0 0.0 0.0 -14.699692676793
0.0 0.0 0.0 -0.2 0.0 -0.2 0.0 0.0 0.0 0.0 0.0 0.0 -14.720122337427
0.0 0.0 0.0 -0.2 0.0 0.2 0.0 0.0 0.0 0.0 0.0 0.0 -14.72032278135
0.0 0.0 0.0 -0.2 0.0 0.6 0.0 0.0 0.0 0.0 0.0 0.0 -14.705947214471
0.0 0.0 0.0 -0.2 0.0 1.0 0.0 0.0 0.0 0.0 0.0 0.0 -14.680830715122
0.0 0.0 0.0 0.2 0.0 -1.0 0.0 0.0 0.0 0.0 0.0 0.0 -14.650817476685
0.0 0.0 0.0 0.2 0.0 -0.6 0.0 0.0 0.0 0.0 0.0 0.0 -14.699692687552
0.0 0.0 0.0 0.2 0.0 -0.2 0.0 0.0 0.0 0.0 0.0 0.0 -14.720122332284
0.0 0.0 0.0 0.2 0.0 0.2 0.0 0.0 0.0 0.0 0.0 0.0 -14.72032277475
0.0 0.0 0.0 0.2 0.0 0.6 0.0 0.0 0.0 0.0 0.0 0.0 -14.705947213941
0.0 0.0 0.0 0.2 0.0 1.0 0.0 0.0 0.0 0.0 0.0 0.0 -14.68083072413
0.0 0.0 0.0 0.6 0.0 -1.0 0.0 0.0 0.0 0.0 0.0 0.0 -14.638483375326
0.0 0.0 0.0 0.6 0.0 -0.6 0.0 0.0 0.0 0.0 0.0 0.0 -14.685902447181
0.0 0.0 0.0 0.6 0.0 -0.2 0.0 0.0 0.0 0.0 0.0 0.0 -14.705636499852
0.0 0.0 0.0 0.6 0.0 0.2 0.0 0.0 0.0 0.0 0.0 0.0 -14.705485865862
0.0 0.0 0.0 0.6 0.0 0.6 0.0 0.0 0.0 0.0 0.0 0.0 -14.690871080065
0.0 0.0 0.0 0.6 0.0 1.0 0.0 0.0 0.0 0.0 0.0 0.0 -14.665527305744
0.0 0.0 0.0 1.0 0.0 -1.0 0.0 0.0 0.0 0.0 0.0 0.0 -14.605223111136
0.0 0.0 0.0 1.0 0.0 -0.6 0.0 0.0 0.0 0.0 0.0 0.0 -14.648737222783
0.0 0.0 0.0 1.0 0.0 -0.2 0.0 0.0 0.0 0.0 0.0 0.0 -14.666365808576
0.0 0.0 0.0 1.0 0.0 0.2 0.0 0.0 0.0 0.0 0.0 0.0 -14.665171534969
0.0 0.0 0.0 1.0 0.0 0.6 0.0 0.0 0.0 0.0 0.0 0.0 -14.650143900332
0.0 0.0 0.0 1.0 0.0 1.0 0.0 0.0 0.0 0.0 0.0 0.0 -14.624795593754
0.0 0.0 0.0 -1.0 0.0 0.0 -1.0 0.0 0.0 0.0 0.0 0.0 -14.610456701996
0.0 0.0 0.0 -1.0 0.0 0.0 -0.6 0.0 0.0 0.0 0.0 0.0 -14.648009970715
0.0 0.0 0.0 -1.0 0.0 0.0 -0.2 0.0 0.0 0.0 0.0 0.0 -14.665620603334
0.0 0.0 0.0 -1.0 0.0 0.0 0.2 0.0 0.0 0.0 0.0 0.0 -14.665621198348
0.0 0.0 0.0 -1.0 0.0 0.0 0.6 0.0 0.0 0.0 0.0 0.0 -14.648013633849
0.0 0.0 0.0 -1.0 0.0 0.0 1.0 0.0 0.0 0.0 0.0 0.0 -14.610469483229
0.0 0.0 0.0 -0.6 0.0 0.0 -1.0 0.0 0.0 0.0 0.0 0.0 -14.648145342862
0.0 0.0 0.0 -0.6 0.0 0.0 -0.6 0.0 0.0 0.0 0.0 0.0 -14.687240159178
0.0 0.0 0.0 -0.6 0.0 0.0 -0.2 0.0 0.0 0.0 0.0 0.0 -14.705446481289
0.0 0.0 0.0 -0.6 0.0 0.0 0.2 0.0 0.0 0.0 0.0 0.0 -14.705447046537
0.0 0.0 0.0 -0.6 0.0 0.0 0.6 0.0 0.0 0.0 0.0 0.0 -14.68724422995
0.0 0.0 0.0 -0.6 0.0 0.0 1.0 0.0 0.0 0.0 0.0 0.0 -14.648160601582
0.0 0.0 0.0 -0.2 0.0 0.0 -1.0 0.0 0.0 0.0 0.0 0.0 -14.662811236398
0.0 0.0 0.0 -0.2 0.0 0.0 -0.6 0.0 0.0 0.0 0.0 0.0 -14.702016551783
0.0 0.0 0.0 -0.2 0.0 0.0 -0.2 0.0 0.0 0.0 0.0 0.0 -14.720148197938
0.0 0.0 0.0 -0.2 0.0 0.0 0.2 0.0 0.0 0.0 0.0 0.0 -14.720148584182
0.0 0.0 0.0 -0.2 0.0 0.0 0.6 0.0 0.0 0.0 0.0 0.0 -14.70202036282
0.0 0.0 0.0 -0.2 0.0 0.0 1.0 0.0 0.0 0.0 0.0 0.0 -14.662827057498
0.0 0.0 0.0 0.2 0.0 0.0 -1.0 0.0 0.0 0.0 0.0 0.0 -14.66281124428
0.0 0.0 0.0 0.2 0.0 0.0 -0.6 0.0 0.0 0.0 0.0 0.0 -14.702016546733
0.0 0.0 0.0 0.2 0.0 0.0 -0.2 0.0 0.0 0.0 0.0 0.0 -14.720148191022
0.0 0.0 0.0 0.2 0.0 0.0 0.2 0.0 0.0 0.0 0.0 0.0 -14.720148576587
0.0 0.0 0.0 0.2 0.0 0.0 0.6 0.0 0.0 0.0 0.0 0.0 -14.702020355533
0.0 0.0 0.0 0.2 0.0 0.0 1.0 0.0 0.0 0.0 0.0 0.0 -14.662827060878
0.0 0.0 0.0 0.6 0.0 0.0 -1.0 0.0 0.0 0.0 0.0 0.0 -14.648145283471
0.0 0.0 0.0 0.6 0.0 0.0 -0.6 0.0 0.0 0.0 0.0 0.0 -14.687240037528
0.0 0.0 0.0 0.6 0.0 0.0 -0.2 0.0 0.0 0.0 0.0 0.0 -14.705446340913
0.0 0.0 0.0 0.6 0.0 0.0 0.2 0.0 0.0 0.0 0.0 0.0 -14.705446905004
0.0 0.0 0.0 0.6 0.0 0.0 0.6 0.0 0.0 0.0 0.0 0.0 -14.687244104093
0.0 0.0 0.0 0.6 0.0 0.0 1.0 0.0 0.0 0.0 0.0 0.0 -14.648160532457
0.0 0.0 0.0 1.0 0.0 0.0 -1.0 0.0 0.0 0.0 0.0 0.0 -14.610456515538
0.0 0.0 0.0 1.0 0.0 0.0 -0.6 0.0 0.0 0.0 0.0 0.0 -14.648009645653
0.0 0.0 0.0 1.0 0.0 0.0 -0.2 0.0 0.0 0.0 0.0 0.0 -14.665620227105
0.0 0.0 0.0 1.0 0.0 0.0 0.2 0.0 0.0 0.0 0.0 0.0 -14.665620821372
0.0 0.0 0.0 1.0 0.0 0.0 0.6 0.0 0.0 0.0 0.0 0.0 -14.648013305178
0.0 0.0 0.0 1.0 0.0 0.0 1.0 0.0 0.0 0.0 0.0 0.0 -14.610469285853
0.0 0.0 0.0 -1.0 0.0 0.0 0.0 -1.0 0.0 0.0 0.0 0.0 -14.59986418993
0.0 0.0 0.0 -1.0 0.0 0.0 0.0 -0.6 0.0 0.0 0.0 0.0 -14.642999615499
0.0 0.0 0.0 -1.0 0.0 0.0 0.0 -0.2 0.0 0.0 0.0 0.0 -14.665005686205
0.0 0.0 0.0 -1.0 0.0 0.0 0.0 0.2 0.0 0.0 0.0 0.0 -14.665007552263
0.0 0.0 0.0 -1.0 0.0 0.0 0.0 0.6 0.0 0.0 0.0 0.0 -14.643005114653
0.0 0.0 0.0 -1.0 0.0 0.0 0.0 1.0 0.0 0.0 0.0 0.0 -14.599873000738
0.0 0.0 0.0 -0.6 0.0 0.0 0.0 -1.0 0.0 0.0 0.0 0.0 -14.638558372718
0.0 0.0 0.0 -0.6 0.0 0.0 0.0 -0.6 0.0 0.0 0.0 0.0 -14.683232192914
0.0 0.0 0.0 -0.6 0.0 0.0 0.0 -0.2 0.0 0.0 0.0 0.0 -14.704994931075
0.0 0.0 0.0 -0.6 0.0 0.0 0.0 0.2 0.0 0.0 0.0 0.0 -14.704995446447
0.0 0.0 0.0 -0.6 0.0 0.0 0.0 0.6 0.0 0.0 0.0 0.0 -14.683233660922
0.0 0.0 0.0 -0.6 0.0 0.0 0.0 1.0 0.0 0.0 0.0 0.0 -14.63856047277
0.0 0.0 0.0 -0.2 0.0 0.0 0.0 -1.0 0.0 0.0 0.0 0.0 -14.65640735705
0.0 0.0 0.0 -0.2 0.0 0.0 0.0 -0.6 0.0 0.0 0.0 0.0 -14.699921299183
0.0 0.0 0.0 -0.2 0.0 0.0 0.0 -0.2 0.0 0.0 0.0 0.0 -14.719970677124
0.0 0.0 0.0 -0.2 0.0 0.0 0.0 0.2 0.0 0.0 0.0 0.0 -14.719970448515
0.0 0.0 0.0 -0.2 0.0 0.0 0.0 0.6 0.0 0.0 0.0 0.0 -14.699920501338
0.0 0.0 0.0 -0.2 0.0 0.0 0.0 1.0 0.0 0.0 0.0 0.0 -14.656405570873
0.0 0.0 0.0 0.2 0.0 0.0 0.0 -1.0 0.0 0.0 0.0 0.0 -14.656407351143
0.0 0.0 0.0 0.2 0.0 0.0 0.0 -0.6 0.0 0.0 0.0 0.0 -14.699921282884
0.0 0.0 0.0 0.2 0.0 0.0 0.0 -0.2 0.0 0.0 0.0 0.0 -14.719970668026
0.0 0.0 0.0 0.2 0.0 0.0 0.0 0.2 0.0 0.0 0.0 0.0 -14.719970439976
0.0 0.0 0.0 0.2 0.0 0.0 0.0 0.6 0.0 0.0 0.0 0.0 -14.699920486653
0.0 0.0 0.0 0.2 0.0 0.0 0.0 1.0 0.0 0.0 0.0 0.0 -14.656405567704
0.0 0.0 0.0 0.6 0.0 0.0 0.0 -1.0 0.0 0.0 0.0 0.0 -14.63855831385
0.0 0.0 0.0 0.6 0.0 0.0 0.0 -0.6 0.0 0.0 0.0 0.0 -14.683232064312
0.0 0.0 0.0 0.6 0.0 0.0 0.0 -0.2 0.0 0.0 0.0 0.0 -14.704994788476
0.0 0.0 0.0 0.6 0.0 0.0 0.0 0.2 0.0 0.0 0.0 0.0 -14.704995305096
0.0 0.0 0.0 0.6 0.0 0.0 0.0 0.6 0.0 0.0 0.0 0.0 -14.683233536144
0.0 0.0 0.0 0.6 0.0 0.0 0.0 1.0 0.0 0.0 0.0 0.0 -14.638560420948
0.0 0.0 0.0 1.0 0.0 0.0 0.0 -1.0 0.0 0.0 0.0 0.0 -14.599864050315
0.0 0.0 0.0 1.0 0.0 0.0 0.0 -0.6 0.0 0.0 0.0 0.0 -14.642999311685
0.0 0.0 0.0 1.0 0.0 0.0 0.0 -0.2 0.0 0.0 0.0 0.0 -14.665005311806
0.0 0.0 0.0 1.0 0.0 0.0 0.0 0.2 0.0 0.0 0.0 0.0 -14.66500717927
0.0 0.0 0.0 1.0 0.0 0.0 0.0 0.6 0.0 0.0 0.0 0.0 -14.643004815535
0.0 0.0 0.0 1.0 0.0 0.0 0.0 1.0 0.0 0.0 0.0 0.0 -14.599872870773
0.0 0.0 0.0 -1.0 0.0 0.0 0.0 0.0 -1.0 0.0 0.0 0.0 -14.606097943827
0.0 0.0 0.0 -1.0 0.0 0.0 0.0 0.0 -0.6 0.0 0.0 0.0 -14.644966354734
0.0 0.0 0.0 -1.0 0.0 0.0 0.0 0.0 -0.2 0.0 0.0 0.0 -14.665372561226
0.0 0.0 0.0 -1.0 0.0 0.0 0.0 0.0 0.2 0.0 0.0 0.0 -14.664650264055
0.0 0.0 0.0 -1.0 0.0 0.0 0.0 0.0 0.6 0.0 0.0 0.0 -14.641394699838
0.0 0.0 0.0 -1.0 0.0 0.0 0.0 0.0 1.0 0.0 0.0 0.0 -14.59612253648
0.0 0.0 0.0 -0.6 0.0 0.0 0.0 0.0 -1.0 0.0 0.0 0.0 -14.645516797972
0.0 0.0 0.0 -0.6 0.0 0.0 0.0 0.0 -0.6 0.0 0.0 0.0 -14.685087248027
0.0 0.0 0.0 -0.6 0.0 0.0 0.0 0.0 -0.2 0.0 0.0 0.0 -14.705251301395
0.0 0.0 0.0 -0.6 0.0 0.0 0.0 0.0 0.2 0.0 0.0 0.0 -14.704706969646
0.0 0.0 0.0 -0.6 0.0 0.0 0.0 0.0 0.6 0.0 0.0 0.0 -14.681443763498
0.0 0.0 0.0 -0.6 0.0 0.0 0.0 0.0 1.0 0.0 0.0 0.0 -14.633502590347
0.0 0.0 0.0 -0.2 0.0 0.0 0.0 0.0 -1.0 0.0 0.0 0.0 -14.663081105215
0.0 0.0 0.0 -0.2 0.0 0.0 0.0 0.0 -0.6 0.0 0.0 0.0 -14.7012556594
0.0 0.0 0.0 -0.2 0.0 0.0 0.0 0.0 -0.2 0.0 0.0 0.0 -14.720016578647
0.0 0.0 0.0 -0.2 0.0 0.0 0.0 0.0 0.2 0.0 0.0 0.0 -14.719846440739
0.0 0.0 0.0 -0.2 0.0 0.0 0.0 0.0 0.6 0.0 0.0 0.0 -14.698349062969
0.0 0.0 0.0 -0.2 0.0 0.0 0.0 0.0 1.0 0.0 0.0 0.0 -14.651153883819
0.0 0.0 0.0 0.2 0.0 0.0 0.0 0.0 -1.0 0.0 0.0 0.0 -14.663080960595
0.0 0.0 0.0 0.2 0.0 0.0 0.0 0.0 -0.6 0.0 0.0 0.0 -14.701255568903
0.0 0.0 0.0 0.2 0.0 0.0 0.0 0.0 -0.2 0.0 0.0 0.0 -14.720016546916
0.0 0.0 0.0 0.2 0.0 0.0 0.0 0.0 0.2 0.0 0.0 0.0 -14.719846454335
0.0 0.0 0.0 0.2 0.0 0.0 0.0 0.0 0.6 0.0 0.0 0.0 -14.698349115538
0.0 0.0 0.0 0.2 0.0 0.0 0.0 0.0 1.0 0.0 0.0 0.0 -14.65115399092
0.0 0.0 0.0 0.6 0.0 0.0 0.0 0.0 -1.0 0.0 0.0 0.0 -14.645516333591
0.0 0.0 0.0 0.6 0.0 0.0 0.0 0.0 -0.6 0.0 0.0 0.0 -14.685086894205
0.0 0.0 0.0 0.6 0.0 0.0 0.0 0.0 -0.2 0.0 0.0 0.0 -14.705251088409
0.0 0.0 0.0 0.6 0.0 0.0 0.0 0.0 0.2 0.0 0.0 0.0 -14.704706896331
0.0 0.0 0.0 0.6 0.0 0.0 0.0 0.0 0.6 0.0 0.0 0.0 -14.681443838488
0.0 0.0 0.0 0.6 0.0 0.0 0.0 0.0 1.0 0.0 0.0 0.0 -14.633502856348
0.0 0.0 0.0 1.0 0.0 0.0 0.0 0.0 -1.0 0.0 0.0 0.0 -14.606097185804
0.0 0.0 0.0 1.0 0.0 0.0 0.0 0.0 -0.6 0.0 0.0 0.0 -14.64496569505
0.0 0.0 0.0 1.0 0.0 0.0 0.0 0.0 -0.2 0.0 0.0 0.0 -14.66537207327
0.0 0.0 0.0 1.0 0.0 0.0 0.0 0.0 0.2 0.0 0.0 0.0 -14.664649999761
0.0 0.0 0.0 1.0 0.0 0.0 0.0 0.0 0.6 0.0 0.0 0.0 -14.641394710126
0.0 0.0 0.0 1.0 0.0 0.0 0.0 0.0 1.0 0.0 0.0 0.0 -14.596122882858
0.0 0.0 0.0 -1.0 0.0 0.0 0.0 0.0 0.0 -1.0 0.0 0.0 -14.568848862996
0.0 0.0 0.0 -1.0 0.0 0.0 0.0 0.0 0.0 -0.6 0.0 0.0 -14.637797086984
0.0 0.0 0.0 -1.0 0.0 0.0 0.0 0.0 0.0 -0.2 0.0 0.0 -14.664979114716
0.0 0.0 0.0 -1.0 0.0 0.0 0.0 0.0 0.0 0.2 0.0 0.0 -14.665128194165
0.0 0.0 0.0 -1.0 0.0 0.0 0.0 0.0 0.0 0.6 0.0 0.0 -14.647132573103
0.0 0.0 0.0 -1.0 0.0 0.0 0.0 0.0 0.0 1.0 0.0 0.0 -14.616135837194
0.0 0.0 0.0 -0.6 0.0 0.0 0.0 0.0 0.0 -1.0 0.0 0.0 -14.592471027879
0.0 0.0 0.0 -0.6 0.0 0.0 0.0 0.0 0.0 -0.6 0.0 0.0 -14.6729358049
0.0 0.0 0.0 -0.6 0.0 0.0 0.0 0.0 0.0 -0.2 0.0 0.0 -14.70440091261
0.0 0.0 0.0 -0.6 0.0 0.0 0.0 0.0 0.0 0.2 0.0 0.0 -14.704714567914
0.0 0.0 0.0 -0.6 0.0 0.0 0.0 0.0 0.0 0.6 0.0 0.0 -14.684380643387
0.0 0.0 0.0 -0.6 0.0 0.0 0.0 0.0 0.0 1.0 0.0 0.0 -14.649313932311
0.0 0.0 0.0 -0.2 0.0 0.0 0.0 0.0 0.0 -1.0 0.0 0.0 -14.598333684163
0.0 0.0 0.0 -0.2 0.0 0.0 0.0 0.0 0.0 -0.6 0.0 0.0 -14.685058561909
0.0 0.0 0.0 -0.2 0.0 0.0 0.0 0.0 0.0 -0.2 0.0 0.0 -14.718821850912
0.0 0.0 0.0 -0.2 0.0 0.0 0.0 0.0 0.0 0.2 0.0 0.0 -14.719264179796
0.0 0.0 0.0 -0.2 0.0 0.0 0.0 0.0 0.0 0.6 0.0 0.0 -14.697765375143
0.0 0.0 0.0 -0.2 0.0 0.0 0.0 0.0 0.0 1.0 0.0 0.0 -14.660605851285
0.0 0.0 0.0 0.2 0.0 0.0 0.0 0.0 0.0 -1.0 0.0 0.0 -14.598333286006
0.0 0.0 0.0 0.2 0.0 0.0 0.0 0.0 0.0 -0.6 0.0 0.0 -14.685058386015
0.0 0.0 0.0 0.2 0.0 0.0 0.0 0.0 0.0 -0.2 0.0 0.0 -14.718821801252
0.0 0.0 0.0 0.2 0.0 0.0 0.0 0.0 0.0 0.2 0.0 0.0 -14.719264206849
0.0 0.0 0.0 0.2 0.0 0.0 0.0 0.0 0.0 0.6 0.0 0.0 -14.697765457162
0.0 0.0 0.0 0.2 0.0 0.0 0.0 0.0 0.0 1.0 0.0 0.0 -14.660605984335
0.0 0.0 0.0 0.6 0.0 0.0 0.0 0.0 0.0 -1.0 0.0 0.0 -14.592469844836
0.0 0.0 0.0 0.6 0.0 0.0 0.0 0.0 0.0 -0.6 0.0 0.0 -14.67293521361
0.0 0.0 0.0 0.6 0.0 0.0 0.0 0.0 0.0 -0.2 0.0 0.0 -14.704400657001
0.0 0.0 0.0 0.6 0.0 0.0 0.0 0.0 0.0 0.2 0.0 0.0 -14.704714516714
0.0 0.0 0.0 0.6 0.0 0.0 0.0 0.0 0.0 0.6 0.0 0.0 -14.684380740283
0.0 0.0 0.0 0.6 0.0 0.0 0.0 0.0 0.0 1.0 0.0 0.0 -14.649314168325
0.0 0.0 0.0 1.0 0.0 0.0 0.0 0.0 0.0 -1.0 0.0 0.0 -14.56884709346
0.0 0.0 0.0 1.0 0.0 0.0 0.0 0.0 0.0 -0.6 0.0 0.0 -14.637796107226
0.0 0.0 0.0 1.0 0.0 0.0 0.0 0.0 0.0 -0.2 0.0 0.0 -14.664978582309
0.0 0.0 0.0 1.0 0.0 0.0 0.0 0.0 0.0 0.2 0.0 0.0 -14.665127933709
0.0 0.0 0.0 1.0 0.0 0.0 0.0 0.0 0.0 0.6 0.0 0.0 -14.647132511078
0.0 0.0 0.0 1.0 0.0 0.0 0.0 0.0 0.0 1.0 0.0 0.0 -14.616135964245
0.0 0.0 0.0 -1.0 0.0 0.0 0.0 0.0 0.0 0.0 -1.0 0.0 -14.648470995191
0.0 0.0 0.0 -1.0 0.0 0.0 0.0 0.0 0.0 0.0 -0.6 0.0 -14.679973891436
0.0 0.0 0.0 -1.0 0.0 0.0 0.0 0.0 0.0 0.0 -0.2 0.0 -14.677106360387
0.0 0.0 0.0 -1.0 0.0 0.0 0.0 0.0 0.0 0.0 0.2 0.0 -14.655076881035
0.0 0.0 0.0 -1.0 0.0 0.0 0.0 0.0 0.0 0.0 0.6 0.0 -14.6237995242
0.0 0.0 0.0 -1.0 0.0 0.0 0.0 0.0 0.0 0.0 1.0 0.0 -14.588683133538
0.0 0.0 0.0 -0.6 0.0 0.0 0.0 0.0 0.0 0.0 -1.0 0.0 -14.553995943907
0.0 0.0 0.0 -0.6 0.0 0.0 0.0 0.0 0.0 0.0 -0.6 0.0 -14.679320390501
0.0 0.0 0.0 -0.6 0.0 0.0 0.0 0.0 0.0 0.0 -0.2 0.0 -14.710590550314
0.0 0.0 0.0 -0.6 0.0 0.0 0.0 0.0 0.0 0.0 0.2 0.0 -14.697589325453
0.0 0.0 0.0 -0.6 0.0 0.0 0.0 0.0 0.0 0.0 0.6 0.0 -14.665193277583
0.0 0.0 0.0 -0.6 0.0 0.0 0.0 0.0 0.0 0.0 1.0 0.0 -14.625827831297
0.0 0.0 0.0 -0.2 0.0 0.0 0.0 0.0 0.0 0.0 -1.0 0.0 -14.392822106
0.0 0.0 0.0 -0.2 0.0 0.0 0.0 0.0 0.0 0.0 -0.6 0.0 -14.643180610641
0.0 0.0 0.0 -0.2 0.0 0.0 0.0 0.0 0.0 0.0 -0.2 0.0 -14.716892455274
0.0 0.0 0.0 -0.2 0.0 0.0 0.0 0.0 0.0 0.0 0.2 0.0 -14.716481258852
0.0 0.0 0.0 -0.2 0.0 0.0 0.0 0.0 0.0 0.0 0.6 0.0 -14.686055442519
0.0 0.0 0.0 -0.2 0.0 0.0 0.0 0.0 0.0 0.0 1.0 0.0 -14.644958215154
0.0 0.0 0.0 0.2 0.0 0.0 0.0 0.0 0.0 0.0 -1.0 0.0 -14.392823920447
0.0 0.0 0.0 0.2 0.0 0.0 0.0 0.0 0.0 0.0 -0.6 0.0 -14.643181150731
0.0 0.0 0.0 0.2 0.0 0.0 0.0 0.0 0.0 0.0 -0.2 0.0 -14.716892546814
0.0 0.0 0.0 0.2 0.0 0.0 0.0 0.0 0.0 0.0 0.2 0.0 -14.71648119381
0.0 0.0 0.0 0.2 0.0 0.0 0.0 0.0 0.0 0.0 0.6 0.0 -14.686055325434
0.0 0.0 0.0 0.2 0.0 0.0 0.0 0.0 0.0 0.0 1.0 0.0 -14.644958084877
0.0 0.0 0.0 0.6 0.0 0.0 0.0 0.0 0.0 0.0 -1.0 0.0 -14.553998599027
0.0 0.0 0.0 0.6 0.0 0.0 0.0 0.0 0.0 0.0 -0.6 0.0 -14.679321165772
0.0 0.0 0.0 0.6 0.0 0.0 0.0 0.0 0.0 0.0 -0.2 0.0 -14.710590582518
0.0 0.0 0.0 0.6 0.0 0.0 0.0 0.0 0.0 0.0 0.2 0.0 -14.697589077583
0.0 0.0 0.0 0.6 0.0 0.0 0.0 0.0 0.0 0.0 0.6 0.0 -14.665192934573
0.0 0.0 0.0 0.6 0.0 0.0 0.0 0.0 0.0 0.0 1.0 0.0 -14.625827464702
0.0 0.0 0.0 1.0 0.0 0.0 0.0 0.0 0.0 0.0 -1.0 0.0 -14.648472109232
0.0 0.0 0.0 1.0 0.0 0.0 0.0 0.0 0.0 0.0 -0.6 0.0 -14.679974060459
0.0 0.0 0.0 1.0 0.0 0.0 0.0 0.0 0.0 0.0 -0.2 0.0 -14.677106091327
0.0 0.0 0.0 1.0 0.0 0.0 0.0 0.0 0.0 0.0 0.2 0.0 -14.655076429273
0.0 0.0 0.0 1.0 0.0 0.0 0.0 0.0 0.0 0.0 0.6 0.0 -14.623799015285
0.0 0.0 0.0 1.0 0.0 0.0 0.0 0.0 0.0 0.0 1.0 0.0 -14.588682613629
0.0 0.0 0.0 -1.0 0.0 0.0 0.0 0.0 0.0 0.0 0.0 -1.0 -14.617295584796
0.0 0.0 0.0 -1.0 0.0 0.0 0.0 0.0 0.0 0.0 0.0 -0.6 -14.65139222485
0.0 0.0 0.0 -1.0 0.0 0.0 0.0 0.0 0.0 0.0 0.0 -0.2 -14.666035387195
0.0 0.0 0.0 -1.0 0.0 0.0 0.0 0.0 0.0 0.0 0.0 0.2 -14.666032624077
0.0 0.0 0.0 -1.0 0.0 0.0 0.0 0.0 0.0 0.0 0.0 0.6 -14.651376567373
0.0 0.0 0.0 -1.0 0.0 0.0 0.0 0.0 0.0 0.0 0.0 1.0 -14.617240849086
0.0 0.0 0.0 -0.6 0.0 0.0 0.0 0.0 0.0 0.0 0.0 -1.0 -14.589101594246
0.0 0.0 0.0 -0.6 0.0 0.0 0.0 0.0 0.0 0.0 0.0 -0.6 -14.671920162879
0.0 0.0 0.0 -0.6 0.0 0.0 0.0 0.0 0.0 0.0 0.0 -0.2 -14.704051325778
0.0 0.0 0.0 -0.6 0.0 0.0 0.0 0.0 0.0 0.0 0.0 0.2 -14.704046173822
0.0 0.0 0.0 -0.6 0.0 0.0 0.0 0.0 0.0 0.0 0.0 0.6 -14.671894064419
0.0 0.0 0.0 -0.6 0.0 0.0 0.0 0.0 0.0 0.0 0.0 1.0 -14.589013248208
0.0 0.0 0.0 -0.2 0.0 0.0 0.0 0.0 0.0 0.0 0.0 -1.0 -14.518669317666
0.0 0.0 0.0 -0.2 0.0 0.0 0.0 0.0 0.0 0.0 0.0 -0.6 -14.664458479168
0.0 0.0 0.0 -0.2 0.0 0.0 0.0 0.0 0.0 0.0 0.0 -0.2 -14.716665505509
0.0 0.0 0.0 -0.2 0.0 0.0 0.0 0.0 0.0 0.0 0.0 0.2 -14.716664264593
0.0 0.0 0.0 -0.2 0.0 0.0 0.0 0.0 0.0 0.0 0.0 0.6 -14.664448201437
0.0 0.0 0.0 -0.2 0.0 0.0 0.0 0.0 0.0 0.0 0.0 1.0 -14.518622009636
0.0 0.0 0.0 0.2 0.0 0.0 0.0 0.0 0.0 0.0 0.0 -1.0 -14.51867005761
0.0 0.0 0.0 0.2 0.0 0.0 0.0 0.0 0.0 0.0 0.0 -0.6 -14.664458671732
0.0 0.0 0.0 0.2 0.0 0.0 0.0 0.0 0.0 0.0 0.0 -0.2 -14.71666551738
0.0 0.0 0.0 0.2 0.0 0.0 0.0 0.0 0.0 0.0 0.0 0.2 -14.716664276442
0.0 0.0 0.0 0.2 0.0 0.0 0.0 0.0 0.0 0.0 0.0 0.6 -14.664448393966
0.0 0.0 0.0 0.2 0.0 0.0 0.0 0.0 0.0 0.0 0.0 1.0 -14.518622749664
0.0 0.0 0.0 0.6 0.0 0.0 0.0 0.0 0.0 0.0 0.0 -1.0 -14.589102587906
0.0 0.0 0.0 0.6 0.0 0.0 0.0 0.0 0.0 0.0 0.0 -0.6 -14.671920349194
0.0 0.0 0.0 0.6 0.0 0.0 0.0 0.0 0.0 0.0 0.0 -0.2 -14.704051215714
0.0 0.0 0.0 0.6 0.0 0.0 0.0 0.0 0.0 0.0 0.0 0.2 -14.704046063712
0.0 0.0 0.0 0.6 0.0 0.0 0.0 0.0 0.0 0.0 0.0 0.6 -14.671894250723
0.0 0.0 0.0 0.6 0.0 0.0 0.0 0.0 0.0 0.0 0.0 1.0 -14.589014242376
0.0 0.0 0.0 1.0 0.0 0.0 0.0 0.0 0.0 0.0 0.0 -1.0 -14.61729581169
0.0 0.0 0.0 1.0 0.0 0.0 0.0 0.0 0.0 0.0 0.0 -0.6 -14.651392040325
0.0 0.0 0.0 1.0 0.0 0.0 0.0 0.0 0.0 0.0 0.0 -0.2 -14.666035025723
0.0 0.0 0.0 1.0 0.0 0.0 0.0 0.0 0.0 0.0 0.0 0.2 -14.666032262454
0.0 0.0 0.0 1.0 0.0 0.0 0.0 0.0 0.0 0.0 0.0 0.6 -14.65137638249
0.0 0.0 0.0 1.0 0.0 0.0 0.0 0.0 0.0 0.0 0.0 1.0 -14.617241075806
0.0 0.0 0.0 0.0 -1.0 -1.0 0.0 0.0 0.0 0.0 0.0 0.0 -14.591739291702
0.0 0.0 0.0 0.0 -1.0 -0.6 0.0 0.0 0.0 0.0 0.0 0.0 -14.639577396786
0.0 0.0 0.0 0.0 -1.0 -0.2 0.0 0.0 0.0 0.0 0.0 0.0 -14.660707211771
0.0 0.0 0.0 0.0 -1.0 0.2 0.0 0.0 0.0 0.0 0.0 0.0 -14.662354457229
0.0 0.0 0.0 0.0 -1.0 0.6 0.0 0.0 0.0 0.0 0.0 0.0 -14.649573078015
0.0 0.0 0.0 0.0 -1.0 1.0 0.0 0.0 0.0 0.0 0.0 0.0 -14.62588632731
0.0 0.0 0.0 0.0 -0.6 -1.0 0.0 0.0 0.0 0.0 0.0 0.0 -14.631551694013
0.0 0.0 0.0 0.0 -0.6 -0.6 0.0 0.0 0.0 0.0 0.0 0.0 -14.680672370182
0.0 0.0 0.0 0.0 -0.6 -0.2 0.0 0.0 0.0 0.0 0.0 0.0 -14.70181947225
0.0 0.0 0.0 0.0 -0.6 0.2 0.0 0.0 0.0 0.0 0.0 0.0 -14.702841274206
0.0 0.0 0.0 0.0 -0.6 0.6 0.0 0.0 0.0 0.0 0.0 0.0 -14.689174084816
0.0 0.0 0.0 0.0 -0.6 1.0 0.0 0.0 0.0 0.0 0.0 0.0 -14.664549892944
0.0 0.0 0.0 0.0 -0.2 -1.0 0.0 0.0 0.0 0.0 0.0 0.0 -14.649894631638
0.0 0.0 0.0 0.0 -0.2 -0.6 0.0 0.0 0.0 0.0 0.0 0.0 -14.698967283829
0.0 0.0 0.0 0.0 -0.2 -0.2 0.0 0.0 0.0 0.0 0.0 0.0 -14.719562951344
0.0 0.0 0.0 0.0 -0.2 0.2 0.0 0.0 0.0 0.0 0.0 0.0 -14.719902770741
0.0 0.0 0.0 0.0 -0.2 0.6 0.0 0.0 0.0 0.0 0.0 0.0 -14.705641274338
0.0 0.0 0.0 0.0 -0.2 1.0 0.0 0.0 0.0 0.0 0.0 0.0 -14.680612711058
0.0 0.0 0.0 0.0 0.2 -1.0 0.0 0.0 0.0 0.0 0.0 0.0 -14.649894631518
0.0 0.0 0.0 0.0 0.2 -0.6 0.0 0.0 0.0 0.0 0.0 0.0 -14.698967283798
0.0 0.0 0.0 0.0 0.2 -0.2 0.0 0.0 0.0 0.0 0.0 0.0 -14.71956295165
0.0 0.0 0.0 0.0 0.2 0.2 0.0 0.0 0.0 0.0 0.0 0.0 -14.719902770748
0.0 0.0 0.0 0.0 0.2 0.6 0.0 0.0 0.0 0.0 0.0 0.0 -14.705641274335
0.0 0.0 0.0 0.0 0.2 1.0 0.0 0.0 0.0 0.0 0.0 0.0 -14.680612711036
0.0 0.0 0.0 0.0 0.6 -1.0 0.0 0.0 0.0 0.0 0.0 0.0 -14.63155169373
0.0 0.0 0.0 0.0 0.6 -0.6 0.0 0.0 0.0 0.0 0.0 0.0 -14.680672370157
0.0 0.0 0.0 0.0 0.6 -0.2 0.0 0.0 0.0 0.0 0.0 0.0 -14.701819472315
0.0 0.0 0.0 0.0 0.6 0.2 0.0 0.0 0.0 0.0 0.0 0.0 -14.702841274267
0.0 0.0 0.0 0.0 0.6 0.6 0.0 0.0 0.0 0.0 0.0 0.0 -14.689174084824
0.0 0.0 0.0 0.0 0.6 1.0 0.0 0.0 0.0 0.0 0.0 0.0 -14.664549892874
0.0 0.0 0.0 0.0 1.0 -1.0 0.0 0.0 0.0 0.0 0.0 0.0 -14.591739291271
0.0 0.0 0.0 0.0 1.0 -0.6 0.0 0.0 0.0 0.0 0.0 0.0 -14.63957739679
0.0 0.0 0.0 0.0 1.0 -0.2 0.0 0.0 0.0 0.0 0.0 0.0 -14.660707211922
0.0 0.0 0.0 0.0 1.0 0.2 0.0 0.0 0.0 0.0 0.0 0.0 -14.662354457366
0.0 0.0 0.0 0.0 1.0 0.6 0.0 0.0 0.0 0.0 0.0 0.0 -14.64957307805
0.0 0.0 0.0 0.0 1.0 1.0 0.0 0.0 0.0 0.0 0.0 0.0 -14.625886327201
0.0 0.0 0.0 0.0 -1.0 0.0 -1.0 0.0 0.0 0.0 0.0 0.0 -14.605136001102
0.0 0.0 0.0 0.0 -1.0 0.0 -0.6 0.0 0.0 0.0 0.0 0.0 -14.643496991736
0.0 0.0 0.0 0.0 -1.0 0.0 -0.2 0.0 0.0 0.0 0.0 0.0 -14.661423571054
0.0 0.0 0.0 0.0 -1.0 0.0 0.2 0.0 0.0 0.0 0.0 0.0 -14.661423688047
0.0 0.0 0.0 0.0 -1.0 0.0 0.6 0.0 0.0 0.0 0.0 0.0 -14.6435000053
0.0 0.0 0.0 0.0 -1.0 0.0 1.0 0.0 0.0 0.0 0.0 0.0 -14.605150530796
0.0 0.0 0.0 0.0 -0.6 0.0 -1.0 0.0 0.0 0.0 0.0 0.0 -14.644584857548
0.0 0.0 0.0 0.0 -0.6 0.0 -0.6 0.0 0.0 0.0 0.0 0.0 -14.68393396312
0.0 0.0 0.0 0.0 -0.6 0.0 -0.2 0.0 0.0 0.0 0.0 0.0 -14.702233897683
0.0 0.0 0.0 0.0 -0.6 0.0 0.2 0.0 0.0 0.0 0.0 0.0 -14.70223414351
0.0 0.0 0.0 0.0 -0.6 0.0 0.6 0.0 0.0 0.0 0.0 0.0 -14.683937393413
0.0 0.0 0.0 0.0 -0.6 0.0 1.0 0.0 0.0 0.0 0.0 0.0 -14.644600194917
0.0 0.0 0.0 0.0 -0.2 0.0 -1.0 0.0 0.0 0.0 0.0 0.0 -14.662290212028
0.0 0.0 0.0 0.0 -0.2 0.0 -0.6 0.0 0.0 0.0 0.0 0.0 -14.701520572122
0.0 0.0 0.0 0.0 -0.2 0.0 -0.2 0.0 0.0 0.0 0.0 0.0 -14.719660793587
0.0 0.0 0.0 0.0 -0.2 0.0 0.2 0.0 0.0 0.0 0.0 0.0 -14.719661144412
0.0 0.0 0.0 0.0 -0.2 0.0 0.6 0.0 0.0 0.0 0.0 0.0 -14.701524320863
0.0 0.0 0.0 0.0 -0.2 0.0 1.0 0.0 0.0 0.0 0.0 0.0 -14.66230609041
0.0 0.0 0.0 0.0 0.2 0.0 -1.0 0.0 0.0 0.0 0.0 0.0 -14.662290364202
0.0 0.0 0.0 0.0 0.2 0.0 -0.6 0.0 0.0 0.0 0.0 0.0 -14.701520636511
0.0 0.0 0.0 0.0 0.2 0.0 -0.2 0.0 0.0 0.0 0.0 0.0 -14.719660811332
0.0 0.0 0.0 0.0 0.2 0.0 0.2 0.0 0.0 0.0 0.0 0.0 -14.719661126674
0.0 0.0 0.0 0.0 0.2 0.0 0.6 0.0 0.0 0.0 0.0 0.0 -14.701524256425
0.0 0.0 0.0 0.0 0.2 0.0 1.0 0.0 0.0 0.0 0.0 0.0 -14.662305938144
0.0 0.0 0.0 0.0 0.6 0.0 -1.0 0.0 0.0 0.0 0.0 0.0 -14.644585153981
0.0 0.0 0.0 0.0 0.6 0.0 -0.6 0.0 0.0 0.0 0.0 0.0 -14.683934039396
0.0 0.0 0.0 0.0 0.6 0.0 -0.2 0.0 0.0 0.0 0.0 0.0 -14.702233908021
0.0 0.0 0.0 0.0 0.6 0.0 0.2 0.0 0.0 0.0 0.0 0.0 -14.702234133296
0.0 0.0 0.0 0.0 0.6 0.0 0.6 0.0 0.0 0.0 0.0 0.0 -14.68393731715
0.0 0.0 0.0 0.0 0.6 0.0 1.0 0.0 0.0 0.0 0.0 0.0 -14.644599898453
0.0 0.0 0.0 0.0 1.0 0.0 -1.0 0.0 0.0 0.0 0.0 0.0 -14.605136381326
0.0 0.0 0.0 0.0 1.0 0.0 -0.6 0.0 0.0 0.0 0.0 0.0 -14.643497022476
0.0 0.0 0.0 0.0 1.0 0.0 -0.2 0.0 0.0 0.0 0.0 0.0 -14.661423550732
0.0 0.0 0.0 0.0 1.0 0.0 0.2 0.0 0.0 0.0 0.0 0.0 -14.661423708673
0.0 0.0 0.0 0.0 1.0 0.0 0.6 0.0 0.0 0.0 0.0 0.0 -14.643499974792
0.0 0.0 0.0 0.0 1.0 0.0 1.0 0.0 0.0 0.0 0.0 0.0 -14.605150150927
0.0 0.0 0.0 0.0 -1.0 0.0 0.0 -1.0 0.0 0.0 0.0 0.0 -14.596041380073
0.0 0.0 0.0 0.0 -1.0 0.0 0.0 -0.6 0.0 0.0 0.0 0.0 -14.639048489158
0.0 0.0 0.0 0.0 -1.0 0.0 0.0 -0.2 0.0 0.0 0.0 0.0 -14.660873625487
0.0 0.0 0.0 0.0 -1.0 0.0 0.0 0.2 0.0 0.0 0.0 0.0 -14.660872801066
0.0 0.0 0.0 0.0 -1.0 0.0 0.0 0.6 0.0 0.0 0.0 0.0 -14.639045781997
0.0 0.0 0.0 0.0 -1.0 0.0 0.0 1.0 0.0 0.0 0.0 0.0 -14.596036120731
0.0 0.0 0.0 0.0 -0.6 0.0 0.0 -1.0 0.0 0.0 0.0 0.0 -14.63582361462
0.0 0.0 0.0 0.0 -0.6 0.0 0.0 -0.6 0.0 0.0 0.0 0.0 -14.68025035396
0.0 0.0 0.0 0.0 -0.6 0.0 0.0 -0.2 0.0 0.0 0.0 0.0 -14.701820680712
0.0 0.0 0.0 0.0 -0.6 0.0 0.0 0.2 0.0 0.0 0.0 0.0 -14.701820145191
0.0 0.0 0.0 0.0 -0.6 0.0 0.0 0.6 0.0 0.0 0.0 0.0 -14.680248566836
0.0 0.0 0.0 0.0 -0.6 0.0 0.0 1.0 0.0 0.0 0.0 0.0 -14.635820013385
0.0 0.0 0.0 0.0 -0.2 0.0 0.0 -1.0 0.0 0.0 0.0 0.0 -14.656004362715
0.0 0.0 0.0 0.0 -0.2 0.0 0.0 -0.6 0.0 0.0 0.0 0.0 -14.699473060771
0.0 0.0 0.0 0.0 -0.2 0.0 0.0 -0.2 0.0 0.0 0.0 0.0 -14.719489010723
0.0 0.0 0.0 0.0 -0.2 0.0 0.0 0.2 0.0 0.0 0.0 0.0 -14.719488646579
0.0 0.0 0.0 0.0 -0.2 0.0 0.0 0.6 0.0 0.0 0.0 0.0 -14.699471843911
0.0 0.0 0.0 0.0 -0.2 0.0 0.0 1.0 0.0 0.0 0.0 0.0 -14.656001834906
0.0 0.0 0.0 0.0 0.2 0.0 0.0 -1.0 0.0 0.0 0.0 0.0 -14.656004239587
0.0 0.0 0.0 0.0 0.2 0.0 0.0 -0.6 0.0 0.0 0.0 0.0 -14.699472988181
0.0 0.0 0.0 0.0 0.2 0.0 0.0 -0.2 0.0 0.0 0.0 0.0 -14.719488984382
0.0 0.0 0.0 0.0 0.2 0.0 0.0 0.2 0.0 0.0 0.0 0.0 -14.719488672941
0.0 0.0 0.0 0.0 0.2 0.0 0.0 0.6 0.0 0.0 0.0 0.0 -14.699471916578
0.0 0.0 0.0 0.0 0.2 0.0 0.0 1.0 0.0 0.0 0.0 0.0 -14.656001958226
0.0 0.0 0.0 0.0 0.6 0.0 0.0 -1.0 0.0 0.0 0.0 0.0 -14.635823256916
0.0 0.0 0.0 0.0 0.6 0.0 0.0 -0.6 0.0 0.0 0.0 0.0 -14.680250167418
0.0 0.0 0.0 0.0 0.6 0.0 0.0 -0.2 0.0 0.0 0.0 0.0 -14.701820619199
0.0 0.0 0.0 0.0 0.6 0.0 0.0 0.2 0.0 0.0 0.0 0.0 -14.701820206863
0.0 0.0 0.0 0.0 0.6 0.0 0.0 0.6 0.0 0.0 0.0 0.0 -14.68024875367
0.0 0.0 0.0 0.0 0.6 0.0 0.0 1.0 0.0 0.0 0.0 0.0 -14.635820371674
0.0 0.0 0.0 0.0 1.0 0.0 0.0 -1.0 0.0 0.0 0.0 0.0 -14.596040747215
0.0 0.0 0.0 0.0 1.0 0.0 0.0 -0.6 0.0 0.0 0.0 0.0 -14.639048191428
0.0 0.0 0.0 0.0 1.0 0.0 0.0 -0.2 0.0 0.0 0.0 0.0 -14.660873537599
0.0 0.0 0.0 0.0 1.0 0.0 0.0 0.2 0.0 0.0 0.0 0.0 -14.660872889294
0.0 0.0 0.0 0.0 1.0 0.0 0.0 0.6 0.0 0.0 0.0 0.0 -14.639046080243
0.0 0.0 0.0 0.0 1.0 0.0 0.0 1.0 0.0 0.0 0.0 0.0 -14.596036754504
0.0 0.0 0.0 0.0 -1.0 0.0 0.0 0.0 -1.0 0.0 0.0 0.0 -14.605094143586
0.0 0.0 0.0 0.0 -1.0 0.0 0.0 0.0 -0.6 0.0 0.0 0.0 -14.642377697886
0.0 0.0 0.0 0.0 -1.0 0.0 0.0 0.0 -0.2 0.0 0.0 0.0 -14.66157268582
0.0 0.0 0.0 0.0 -1.0 0.0 0.0 0.0 0.2 0.0 0.0 0.0 -14.660326256924
0.0 0.0 0.0 0.0 -1.0 0.0 0.0 0.0 0.6 0.0 0.0 0.0 -14.637366057307
0.0 0.0 0.0 0.0 -1.0 0.0 0.0 0.0 1.0 0.0 0.0 0.0 -14.593038388118
0.0 0.0 0.0 0.0 -0.6 0.0 0.0 0.0 -1.0 0.0 0.0 0.0 -14.643757126109
0.0 0.0 0.0 0.0 -0.6 0.0 0.0 0.0 -0.6 0.0 0.0 0.0 -14.682587173407
0.0 0.0 0.0 0.0 -0.6 0.0 0.0 0.0 -0.2 0.0 0.0 0.0 -14.702197976037
0.0 0.0 0.0 0.0 -0.6 0.0 0.0 0.0 0.2 0.0 0.0 0.0 -14.701460280469
0.0 0.0 0.0 0.0 -0.6 0.0 0.0 0.0 0.6 0.0 0.0 0.0 -14.67843263014
0.0 0.0 0.0 0.0 -0.6 0.0 0.0 0.0 1.0 0.0 0.0 0.0 -14.631084259939
0.0 0.0 0.0 0.0 -0.2 0.0 0.0 0.0 -1.0 0.0 0.0 0.0 -14.662781177461
0.0 0.0 0.0 0.0 -0.2 0.0 0.0 0.0 -0.6 0.0 0.0 0.0 -14.700859334409
0.0 0.0 0.0 0.0 -0.2 0.0 0.0 0.0 -0.2 0.0 0.0 0.0 -14.719548316813
0.0 0.0 0.0 0.0 -0.2 0.0 0.0 0.0 0.2 0.0 0.0 0.0 -14.719356339627
0.0 0.0 0.0 0.0 -0.2 0.0 0.0 0.0 0.6 0.0 0.0 0.0 -14.697896153738
0.0 0.0 0.0 0.0 -0.2 0.0 0.0 0.0 1.0 0.0 0.0 0.0 -14.650785828709
0.0 0.0 0.0 0.0 0.2 0.0 0.0 0.0 -1.0 0.0 0.0 0.0 -14.662781177501
0.0 0.0 0.0 0.0 0.2 0.0 0.0 0.0 -0.6 0.0 0.0 0.0 -14.700859334433
0.0 0.0 0.0 0.0 0.2 0.0 0.0 0.0 -0.2 0.0 0.0 0.0 -14.719548316479
0.0 0.0 0.0 0.0 0.2 0.0 0.0 0.0 0.2 0.0 0.0 0.0 -14.719356339632
0.0 0.0 0.0 0.0 0.2 0.0 0.0 0.0 0.6 0.0 0.0 0.0 -14.697896153741
0.0 0.0 0.0 0.0 0.2 0.0 0.0 0.0 1.0 0.0 0.0 0.0 -14.650785828708
0.0 0.0 0.0 0.0 0.6 0.0 0.0 0.0 -1.0 0.0 0.0 0.0 -14.643757126246
0.0 0.0 0.0 0.0 0.6 0.0 0.0 0.0 -0.6 0.0 0.0 0.0 -14.682587173518
0.0 0.0 0.0 0.0 0.6 0.0 0.0 0.0 -0.2 0.0 0.0 0.0 -14.702197976121
0.0 0.0 0.0 0.0 0.6 0.0 0.0 0.0 0.2 0.0 0.0 0.0 -14.701460280529
0.0 0.0 0.0 0.0 0.6 0.0 0.0 0.0 0.6 0.0 0.0 0.0 -14.678432630182
0.0 0.0 0.0 0.0 0.6 0.0 0.0 0.0 1.0 0.0 0.0 0.0 -14.631084259966
0.0 0.0 0.0 0.0 1.0 0.0 0.0 0.0 -1.0 0.0 0.0 0.0 -14.605094143796
0.0 0.0 0.0 0.0 1.0 0.0 0.0 0.0 -0.6 0.0 0.0 0.0 -14.642377698081
0.0 0.0 0.0 0.0 1.0 0.0 0.0 0.0 -0.2 0.0 0.0 0.0 -14.661572685993
0.0 0.0 0.0 0.0 1.0 0.0 0.0 0.0 0.2 0.0 0.0 0.0 -14.66032625707
0.0 0.0 0.0 0.0 1.0 0.0 0.0 0.0 0.6 0.0 0.0 0.0 -14.63736605743
0.0 0.0 0.0 0.0 1.0 0.0 0.0 0.0 1.0 0.0 0.0 0.0 -14.593038388228
0.0 0.0 0.0 0.0 -1.0 0.0 0.0 0.0 0.0 -1.0 0.0 0.0 -14.533581886621
0.0 0.0 0.0 0.0 -1.0 0.0 0.0 0.0 0.0 -0.6 0.0 0.0 -14.622828668182
0.0 0.0 0.0 0.0 -1.0 0.0 0.0 0.0 0.0 -0.2 0.0 0.0 -14.658938076742
0.0 0.0 0.0 0.0 -1.0 0.0 0.0 0.0 0.0 0.2 0.0 0.0 -14.661664830206
0.0 0.0 0.0 0.0 -1.0 0.0 0.0 0.0 0.0 0.6 0.0 0.0 -14.642500766212
0.0 0.0 0.0 0.0 -1.0 0.0 0.0 0.0 0.0 1.0 0.0 0.0 -14.607892639416
0.0 0.0 0.0 0.0 -0.6 0.0 0.0 0.0 0.0 -1.0 0.0 0.0 -14.576844232214
0.0 0.0 0.0 0.0 -0.6 0.0 0.0 0.0 0.0 -0.6 0.0 0.0 -14.66541125054
0.0 0.0 0.0 0.0 -0.6 0.0 0.0 0.0 0.0 -0.2 0.0 0.0 -14.700445769607
0.0 0.0 0.0 0.0 -0.6 0.0 0.0 0.0 0.0 0.2 0.0 0.0 -14.701789370634
0.0 0.0 0.0 0.0 -0.6 0.0 0.0 0.0 0.0 0.6 0.0 0.0 -14.680962714985
0.0 0.0 0.0 0.0 -0.6 0.0 0.0 0.0 0.0 1.0 0.0 0.0 -14.644376706828
0.0 0.0 0.0 0.0 -0.2 0.0 0.0 0.0 0.0 -1.0 0.0 0.0 -14.596395734354
0.0 0.0 0.0 0.0 -0.2 0.0 0.0 0.0 0.0 -0.6 0.0 0.0 -14.684068172875
0.0 0.0 0.0 0.0 -0.2 0.0 0.0 0.0 0.0 -0.2 0.0 0.0 -14.718248078247
0.0 0.0 0.0 0.0 -0.2 0.0 0.0 0.0 0.0 0.2 0.0 0.0 -14.718808848518
0.0 0.0 0.0 0.0 -0.2 0.0 0.0 0.0 0.0 0.6 0.0 0.0 -14.697247593313
0.0 0.0 0.0 0.0 -0.2 0.0 0.0 0.0 0.0 1.0 0.0 0.0 -14.659900549815
0.0 0.0 0.0 0.0 0.2 0.0 0.0 0.0 0.0 -1.0 0.0 0.0 -14.596395734448
0.0 0.0 0.0 0.0 0.2 0.0 0.0 0.0 0.0 -0.6 0.0 0.0 -14.684068172922
0.0 0.0 0.0 0.0 0.2 0.0 0.0 0.0 0.0 -0.2 0.0 0.0 -14.718248078225
0.0 0.0 0.0 0.0 0.2 0.0 0.0 0.0 0.0 0.2 0.0 0.0 -14.718808848519
0.0 0.0 0.0 0.0 0.2 0.0 0.0 0.0 0.0 0.6 0.0 0.0 -14.697247593304
0.0 0.0 0.0 0.0 0.2 0.0 0.0 0.0 0.0 1.0 0.0 0.0 -14.6599005498
0.0 0.0 0.0 0.0 0.6 0.0 0.0 0.0 0.0 -1.0 0.0 0.0 -14.576844232538
0.0 0.0 0.0 0.0 0.6 0.0 0.0 0.0 0.0 -0.6 0.0 0.0 -14.66541125074
0.0 0.0 0.0 0.0 0.6 0.0 0.0 0.0 0.0 -0.2 0.0 0.0 -14.700445769703
0.0 0.0 0.0 0.0 0.6 0.0 0.0 0.0 0.0 0.2 0.0 0.0 -14.701789370686
0.0 0.0 0.0 0.0 0.6 0.0 0.0 0.0 0.0 0.6 0.0 0.0 -14.68096271501
0.0 0.0 0.0 0.0 0.6 0.0 0.0 0.0 0.0 1.0 0.0 0.0 -14.644376706833
0.0 0.0 0.0 0.0 1.0 0.0 0.0 0.0 0.0 -1.0 0.0 0.0 -14.533581887192
0.0 0.0 0.0 0.0 1.0 0.0 0.0 0.0 0.0 -0.6 0.0 0.0 -14.62282866821
0.0 0.0 0.0 0.0 1.0 0.0 0.0 0.0 0.0 -0.2 0.0 0.0 -14.658938076941
0.0 0.0 0.0 0.0 1.0 0.0 0.0 0.0 0.0 0.2 0.0 0.0 -14.661664830336
0.0 0.0 0.0 0.0 1.0 0.0 0.0 0.0 0.0 0.6 0.0 0.0 -14.642500766305
0.0 0.0 0.0 0.0 1.0 0.0 0.0 0.0 0.0 1.0 0.0 0.0 -14.607892639488
0.0 0.0 0.0 0.0 -1.0 0.0 0.0 0.0 0.0 0.0 -1.0 0.0 -14.640514404075
0.0 0.0 0.0 0.0 -1.0 0.0 0.0 0.0 0.0 0.0 -0.6 0.0 -14.674101883692
0.0 0.0 0.0 0.0 -1.0 0.0 0.0 0.0 0.0 0.0 -0.2 0.0 -14.672456907041
0.0 0.0 0.0 0.0 -1.0 0.0 0.0 0.0 0.0 0.0 0.2 0.0 -14.651372066817
0.0 0.0 0.0 0.0 -1.0 0.0 0.0 0.0 0.0 0.0 0.6 0.0 -14.620969149869
0.0 0.0 0.0 0.0 -1.0 0.0 0.0 0.0 0.0 0.0 1.0 0.0 -14.586765707661
0.0 0.0 0.0 0.0 -0.6 0.0 0.0 0.0 0.0 0.0 -1.0 0.0 -14.544847055892
0.0 0.0 0.0 0.0 -0.6 0.0 0.0 0.0 0.0 0.0 -0.6 0.0 -14.67391029848
0.0 0.0 0.0 0.0 -0.6 0.0 0.0 0.0 0.0 0.0 -0.2 0.0 -14.70687322514
0.0 0.0 0.0 0.0 -0.6 0.0 0.0 0.0 0.0 0.0 0.2 0.0 -14.694790150109
0.0 0.0 0.0 0.0 -0.6 0.0 0.0 0.0 0.0 0.0 0.6 0.0 -14.66301474383
0.0 0.0 0.0 0.0 -0.6 0.0 0.0 0.0 0.0 0.0 1.0 0.0 -14.624141611109
0.0 0.0 0.0 0.0 -0.2 0.0 0.0 0.0 0.0 0.0 -1.0 0.0 -14.391026809738
0.0 0.0 0.0 0.0 -0.2 0.0 0.0 0.0 0.0 0.0 -0.6 0.0 -14.642256527529
0.0 0.0 0.0 0.0 -0.2 0.0 0.0 0.0 0.0 0.0 -0.2 0.0 -14.716312139295
0.0 0.0 0.0 0.0 -0.2 0.0 0.0 0.0 0.0 0.0 0.2 0.0 -14.716063355962
0.0 0.0 0.0 0.0 -0.2 0.0 0.0 0.0 0.0 0.0 0.6 0.0 -14.685734270086
0.0 0.0 0.0 0.0 -0.2 0.0 0.0 0.0 0.0 0.0 1.0 0.0 -14.644705677704
0.0 0.0 0.0 0.0 0.2 0.0 0.0 0.0 0.0 0.0 -1.0 0.0 -14.391026809343
0.0 0.0 0.0 0.0 0.2 0.0 0.0 0.0 0.0 0.0 -0.6 0.0 -14.642256527404
0.0 0.0 0.0 0.0 0.2 0.0 0.0 0.0 0.0 0.0 -0.2 0.0 -14.716312139277
0.0 0.0 0.0 0.0 0.2 0.0 0.0 0.0 0.0 0.0 0.2 0.0 -14.716063355985
0.0 0.0 0.0 0.0 0.2 0.0 0.0 0.0 0.0 0.0 0.6 0.0 -14.685734270121
0.0 0.0 0.0 0.0 0.2 0.0 0.0 0.0 0.0 0.0 1.0 0.0 -14.644705677742
0.0 0.0 0.0 0.0 0.6 0.0 0.0 0.0 0.0 0.0 -1.0 0.0 -14.544847055717
0.0 0.0 0.0 0.0 0.6 0.0 0.0 0.0 0.0 0.0 -0.6 0.0 -14.673910298428
0.0 0.0 0.0 0.0 0.6 0.0 0.0 0.0 0.0 0.0 -0.2 0.0 -14.706873225183
0.0 0.0 0.0 0.0 0.6 0.0 0.0 0.0 0.0 0.0 0.2 0.0 -14.694790150199
0.0 0.0 0.0 0.0 0.6 0.0 0.0 0.0 0.0 0.0 0.6 0.0 -14.663014743938
0.0 0.0 0.0 0.0 0.6 0.0 0.0 0.0 0.0 0.0 1.0 0.0 -14.62414161122
0.0 0.0 0.0 0.0 1.0 0.0 0.0 0.0 0.0 0.0 -1.0 0.0 -14.640514404417
0.0 0.0 0.0 0.0 1.0 0.0 0.0 0.0 0.0 0.0 -0.6 0.0 -14.674101883877
0.0 0.0 0.0 0.0 1.0 0.0 0.0 0.0 0.0 0.0 -0.2 0.0 -14.672456907199
0.0 0.0 0.0 0.0 1.0 0.0 0.0 0.0 0.0 0.0 0.2 0.0 -14.651372066978
0.0 0.0 0.0 0.0 1.0 0.0 0.0 0.0 0.0 0.0 0.6 0.0 -14.620969150034
0.0 0.0 0.0 0.0 1.0 0.0 0.0 0.0 0.0 0.0 1.0 0.0 -14.586765707904
0.0 0.0 0.0 0.0 -1.0 0.0 0.0 0.0 0.0 0.0 0.0 -1.0 -14.614365630439
0.0 0.0 0.0 0.0 -1.0 0.0 0.0 0.0 0.0 0.0 0.0 -0.6 -14.647787459802
0.0 0.0 0.0 0.0 -1.0 0.0 0.0 0.0 0.0 0.0 0.0 -0.2 -14.661941136354
0.0 0.0 0.0 0.0 -1.0 0.0 0.0 0.0 0.0 0.0 0.0 0.2 -14.661944794079
0.0 0.0 0.0 0.0 -1.0 0.0 0.0 0.0 0.0 0.0 0.0 0.6 -14.647802403931
0.0 0.0 0.0 0.0 -1.0 0.0 0.0 0.0 0.0 0.0 0.0 1.0 -14.614406737112
0.0 0.0 0.0 0.0 -0.6 0.0 0.0 0.0 0.0 0.0 0.0 -1.0 -14.584774961795
0.0 0.0 0.0 0.0 -0.6 0.0 0.0 0.0 0.0 0.0 0.0 -0.6 -14.66852597267
0.0 0.0 0.0 0.0 -0.6 0.0 0.0 0.0 0.0 0.0 0.0 -0.2 -14.700835334127
0.0 0.0 0.0 0.0 -0.6 0.0 0.0 0.0 0.0 0.0 0.0 0.2 -14.700839991885
0.0 0.0 0.0 0.0 -0.6 0.0 0.0 0.0 0.0 0.0 0.0 0.6 -14.668543353239
0.0 0.0 0.0 0.0 -0.6 0.0 0.0 0.0 0.0 0.0 0.0 1.0 -14.584818719724
0.0 0.0 0.0 0.0 -0.2 0.0 0.0 0.0 0.0 0.0 0.0 -1.0 -14.517795128925
0.0 0.0 0.0 0.0 -0.2 0.0 0.0 0.0 0.0 0.0 0.0 -0.6 -14.663890262365
0.0 0.0 0.0 0.0 -0.2 0.0 0.0 0.0 0.0 0.0 0.0 -0.2 -14.716171916247
0.0 0.0 0.0 0.0 -0.2 0.0 0.0 0.0 0.0 0.0 0.0 0.2 -14.716172727445
0.0 0.0 0.0 0.0 -0.2 0.0 0.0 0.0 0.0 0.0 0.0 0.6 -14.663889269503
0.0 0.0 0.0 0.0 -0.2 0.0 0.0 0.0 0.0 0.0 0.0 1.0 -14.517777730078
0.0 0.0 0.0 0.0 0.2 0.0 0.0 0.0 0.0 0.0 0.0 -1.0 -14.517795567505
0.0 0.0 0.0 0.0 0.2 0.0 0.0 0.0 0.0 0.0 0.0 -0.6 -14.663890403647
0.0 0.0 0.0 0.0 0.2 0.0 0.0 0.0 0.0 0.0 0.0 -0.2 -14.716171948763
0.0 0.0 0.0 0.0 0.2 0.0 0.0 0.0 0.0 0.0 0.0 0.2 -14.716172694932
0.0 0.0 0.0 0.0 0.2 0.0 0.0 0.0 0.0 0.0 0.0 0.6 -14.663889128116
0.0 0.0 0.0 0.0 0.2 0.0 0.0 0.0 0.0 0.0 0.0 1.0 -14.517777291058
0.0 0.0 0.0 0.0 0.6 0.0 0.0 0.0 0.0 0.0 0.0 -1.0 -14.584775662161
0.0 0.0 0.0 0.0 0.6 0.0 0.0 0.0 0.0 0.0 0.0 -0.6 -14.668526219323
0.0 0.0 0.0 0.0 0.6 0.0 0.0 0.0 0.0 0.0 0.0 -0.2 -14.700835393804
0.0 0.0 0.0 0.0 0.6 0.0 0.0 0.0 0.0 0.0 0.0 0.2 -14.700839932337
0.0 0.0 0.0 0.0 0.6 0.0 0.0 0.0 0.0 0.0 0.0 0.6 -14.6685431066
0.0 0.0 0.0 0.0 0.6 0.0 0.0 0.0 0.0 0.0 0.0 1.0 -14.584818019099
0.0 0.0 0.0 0.0 1.0 0.0 0.0 0.0 0.0 0.0 0.0 -1.0 -14.614366030012
0.0 0.0 0.0 0.0 1.0 0.0 0.0 0.0 0.0 0.0 0.0 -0.6 -14.647787617784
0.0 0.0 0.0 0.0 1.0 0.0 0.0 0.0 0.0 0.0 0.0 -0.2 -14.661941177584
0.0 0.0 0.0 0.0 1.0 0.0 0.0 0.0 0.0 0.0 0.0 0.2 -14.661944753165
0.0 0.0 0.0 0.0 1.0 0.0 0.0 0.0 0.0 0.0 0.0 0.6 -14.647802246254
0.0 0.0 0.0 0.0 1.0 0.0 0.0 0.0 0.0 0.0 0.0 1.0 -14.614406337872
0.0 0.0 0.0 0.0 0.0 -1.0 -1.0 0.0 0.0 0.0 0.0 0.0 -14.503271921229
0.0 0.0 0.0 0.0 0.0 -1.0 -0.6 0.0 0.0 0.0 0.0 0.0 -14.600881873058
0.0 0.0 0.0 0.0 0.0 -1.0 -0.2 0.0 0.0 0.0 0.0 0.0 -14.646438832317
0.0 0.0 0.0 0.0 0.0 -1.0 0.2 0.0 0.0 0.0 0.0 0.0 -14.646432750255
0.0 0.0 0.0 0.0 0.0 -1.0 0.6 0.0 0.0 0.0 0.0 0.0 -14.600867583668
0.0 0.0 0.0 0.0 0.0 -1.0 1.0 0.0 0.0 0.0 0.0 0.0 -14.503262186791
0.0 0.0 0.0 0.0 0.0 -0.6 -1.0 0.0 0.0 0.0 0.0 0.0 -14.597430262942
0.0 0.0 0.0 0.0 0.0 -0.6 -0.6 0.0 0.0 0.0 0.0 0.0 -14.665519223843
0.0 0.0 0.0 0.0 0.0 -0.6 -0.2 0.0 0.0 0.0 0.0 0.0 -14.697154910113
0.0 0.0 0.0 0.0 0.0 -0.6 0.2 0.0 0.0 0.0 0.0 0.0 -14.697153460569
0.0 0.0 0.0 0.0 0.0 -0.6 0.6 0.0 0.0 0.0 0.0 0.0 -14.665518428928
0.0 0.0 0.0 0.0 0.0 -0.6 1.0 0.0 0.0 0.0 0.0 0.0 -14.59744160013
0.0 0.0 0.0 0.0 0.0 -0.2 -1.0 0.0 0.0 0.0 0.0 0.0 -14.649906988459
0.0 0.0 0.0 0.0 0.0 -0.2 -0.6 0.0 0.0 0.0 0.0 0.0 -14.697031650364
0.0 0.0 0.0 0.0 0.0 -0.2 -0.2 0.0 0.0 0.0 0.0 0.0 -14.718840420859
0.0 0.0 0.0 0.0 0.0 -0.2 0.2 0.0 0.0 0.0 0.0 0.0 -14.718840622329
0.0 0.0 0.0 0.0 0.0 -0.2 0.6 0.0 0.0 0.0 0.0 0.0 -14.697035244446
0.0 0.0 0.0 0.0 0.0 -0.2 1.0 0.0 0.0 0.0 0.0 0.0 -14.649923642117
0.0 0.0 0.0 0.0 0.0 0.2 -1.0 0.0 0.0 0.0 0.0 0.0 -14.672310810651
0.0 0.0 0.0 0.0 0.0 0.2 -0.6 0.0 0.0 0.0 0.0 0.0 -14.704878069805
0.0 0.0 0.0 0.0 0.0 0.2 -0.2 0.0 0.0 0.0 0.0 0.0 -14.719897920444
0.0 0.0 0.0 0.0 0.0 0.2 0.2 0.0 0.0 0.0 0.0 0.0 -14.719898131615
0.0 0.0 0.0 0.0 0.0 0.2 0.6 0.0 0.0 0.0 0.0 0.0 -14.704881096592
0.0 0.0 0.0 0.0 0.0 0.2 1.0 0.0 0.0 0.0 0.0 0.0 -14.672324411776
0.0 0.0 0.0 0.0 0.0 0.6 -1.0 0.0 0.0 0.0 0.0 0.0 -14.673025413881
0.0 0.0 0.0 0.0 0.0 0.6 -0.6 0.0 0.0 0.0 0.0 0.0 -14.695677894023
0.0 0.0 0.0 0.0 0.0 0.6 -0.2 0.0 0.0 0.0 0.0 0.0 -14.706112517527
0.0 0.0 0.0 0.0 0.0 0.6 0.2 0.0 0.0 0.0 0.0 0.0 -14.706111922448
0.0 0.0 0.0 0.0 0.0 0.6 0.6 0.0 0.0 0.0 0.0 0.0 -14.695677952405
0.0 0.0 0.0 0.0 0.0 0.6 1.0 0.0 0.0 0.0 0.0 0.0 -14.673032134937
0.0 0.0 0.0 0.0 0.0 1.0 -1.0 0.0 0.0 0.0 0.0 0.0 -14.657984111564
0.0 0.0 0.0 0.0 0.0 1.0 -0.6 0.0 0.0 0.0 0.0 0.0 -14.674002978991
0.0 0.0 0.0 0.0 0.0 1.0 -0.2 0.0 0.0 0.0 0.0 0.0 -14.68140923781
0.0 0.0 0.0 0.0 0.0 1.0 0.2 0.0 0.0 0.0 0.0 0.0 -14.681407506895
0.0 0.0 0.0 0.0 0.0 1.0 0.6 0.0 0.0 0.0 0.0 0.0 -14.673999161252
0.0 0.0 0.0 0.0 0.0 1.0 1.0 0.0 0.0 0.0 0.0 0.0 -14.657982731936
0.0 0.0 0.0 0.0 0.0 -1.0 0.0 -1.0 0.0 0.0 0.0 0.0 -14.539304567266
0.0 0.0 0.0 0.0 0.0 -1.0 0.0 -0.6 0.0 0.0 0.0 0.0 -14.612017795387
0.0 0.0 0.0 0.0 0.0 -1.0 0.0 -0.2 0.0 0.0 0.0 0.0 -14.647589033882
0.0 0.0 0.0 0.0 0.0 -1.0 0.0 0.2 0.0 0.0 0.0 0.0 -14.647591911218
0.0 0.0 0.0 0.0 0.0 -1.0 0.0 0.6 0.0 0.0 0.0 0.0 -14.61202691924
0.0 0.0 0.0 0.0 0.0 -1.0 0.0 1.0 0.0 0.0 0.0 0.0 -14.539323799053
0.0 0.0 0.0 0.0 0.0 -0.6 0.0 -1.0 0.0 0.0 0.0 0.0 -14.61200950055
0.0 0.0 0.0 0.0 0.0 -0.6 0.0 -0.6 0.0 0.0 0.0 0.0 -14.670045381666
0.0 0.0 0.0 0.0 0.0 -0.6 0.0 -0.2 0.0 0.0 0.0 0.0 -14.697652116654
0.0 0.0 0.0 0.0 0.0 -0.6 0.0 0.2 0.0 0.0 0.0 0.0 -14.697652623466
0.0 0.0 0.0 0.0 0.0 -0.6 0.0 0.6 0.0 0.0 0.0 0.0 -14.67004661153
0.0 0.0 0.0 0.0 0.0 -0.6 0.0 1.0 0.0 0.0 0.0 0.0 -14.612012418727
0.0 0.0 0.0 0.0 0.0 -0.2 0.0 -1.0 0.0 0.0 0.0 0.0 -14.649676025521
0.0 0.0 0.0 0.0 0.0 -0.2 0.0 -0.6 0.0 0.0 0.0 0.0 -14.697036839749
0.0 0.0 0.0 0.0 0.0 -0.2 0.0 -0.2 0.0 0.0 0.0 0.0 -14.718891454274
0.0 0.0 0.0 0.0 0.0 -0.2 0.0 0.2 0.0 0.0 0.0 0.0 -14.718891191569
0.0 0.0 0.0 0.0 0.0 -0.2 0.0 0.6 0.0 0.0 0.0 0.0 -14.697035753067
0.0 0.0 0.0 0.0 0.0 -0.2 0.0 1.0 0.0 0.0 0.0 0.0 -14.649673873303
0.0 0.0 0.0 0.0 0.0 0.2 0.0 -1.0 0.0 0.0 0.0 0.0 -14.661892958136
0.0 0.0 0.0 0.0 0.0 0.2 0.0 -0.6 0.0 0.0 0.0 0.0 -14.701617862036
0.0 0.0 0.0 0.0 0.0 0.2 0.0 -0.2 0.0 0.0 0.0 0.0 -14.719608065292
0.0 0.0 0.0 0.0 0.0 0.2 0.0 0.2 0.0 0.0 0.0 0.0 -14.719607813901
0.0 0.0 0.0 0.0 0.0 0.2 0.0 0.6 0.0 0.0 0.0 0.0 -14.701617228962
0.0 0.0 0.0 0.0 0.0 0.2 0.0 1.0 0.0 0.0 0.0 0.0 -14.661891473038
0.0 0.0 0.0 0.0 0.0 0.6 0.0 -1.0 0.0 0.0 0.0 0.0 -14.655438542742
0.0 0.0 0.0 0.0 0.0 0.6 0.0 -0.6 0.0 0.0 0.0 0.0 -14.689817601578
0.0 0.0 0.0 0.0 0.0 0.6 0.0 -0.2 0.0 0.0 0.0 0.0 -14.705520761968
0.0 0.0 0.0 0.0 0.0 0.6 0.0 0.2 0.0 0.0 0.0 0.0 -14.705520901261
0.0 0.0 0.0 0.0 0.0 0.6 0.0 0.6 0.0 0.0 0.0 0.0 -14.68981865722
0.0 0.0 0.0 0.0 0.0 0.6 0.0 1.0 0.0 0.0 0.0 0.0 -14.655440247641
0.0 0.0 0.0 0.0 0.0 1.0 0.0 -1.0 0.0 0.0 0.0 0.0 -14.635139939674
0.0 0.0 0.0 0.0 0.0 1.0 0.0 -0.6 0.0 0.0 0.0 0.0 -14.665873873653
0.0 0.0 0.0 0.0 0.0 1.0 0.0 -0.2 0.0 0.0 0.0 0.0 -14.680524593577
0.0 0.0 0.0 0.0 0.0 1.0 0.0 0.2 0.0 0.0 0.0 0.0 -14.68052533983
0.0 0.0 0.0 0.0 0.0 1.0 0.0 0.6 0.0 0.0 0.0 0.0 -14.665877079138
0.0 0.0 0.0 0.0 0.0 1.0 0.0 1.0 0.0 0.0 0.0 0.0 -14.635145571957
0.0 0.0 0.0 0.0 0.0 -1.0 0.0 0.0 -1.0 0.0 0.0 0.0 -14.575542125288
0.0 0.0 0.0 0.0 0.0 -1.0 0.0 0.0 -0.6 0.0 0.0 0.0 -14.621476833127
0.0 0.0 0.0 0.0 0.0 -1.0 0.0 0.0 -0.2 0.0 0.0 0.0 -14.647675076724
0.0 0.0 0.0 0.0 0.0 -1.0 0.0 0.0 0.2 0.0 0.0 0.0 -14.650126070409
0.0 0.0 0.0 0.0 0.0 -1.0 0.0 0.0 0.6 0.0 0.0 0.0 -14.62665701048
0.0 0.0 0.0 0.0 0.0 -1.0 0.0 0.0 1.0 0.0 0.0 0.0 -14.572531476339
0.0 0.0 0.0 0.0 0.0 -0.6 0.0 0.0 -1.0 0.0 0.0 0.0 -14.631458775043
0.0 0.0 0.0 0.0 0.0 -0.6 0.0 0.0 -0.6 0.0 0.0 0.0 -14.675018939244
0.0 0.0 0.0 0.0 0.0 -0.6 0.0 0.0 -0.2 0.0 0.0 0.0 -14.697822899239
0.0 0.0 0.0 0.0 0.0 -0.6 0.0 0.0 0.2 0.0 0.0 0.0 -14.698636916155
0.0 0.0 0.0 0.0 0.0 -0.6 0.0 0.0 0.6 0.0 0.0 0.0 -14.675947316902
0.0 0.0 0.0 0.0 0.0 -0.6 0.0 0.0 1.0 0.0 0.0 0.0 -14.624987298569
0.0 0.0 0.0 0.0 0.0 -0.2 0.0 0.0 -1.0 0.0 0.0 0.0 -14.659400679552
0.0 0.0 0.0 0.0 0.0 -0.2 0.0 0.0 -0.6 0.0 0.0 0.0 -14.699270633045
0.0 0.0 0.0 0.0 0.0 -0.2 0.0 0.0 -0.2 0.0 0.0 0.0 -14.719000693252
0.0 0.0 0.0 0.0 0.0 -0.2 0.0 0.0 0.2 0.0 0.0 0.0 -14.719011461838
0.0 0.0 0.0 0.0 0.0 -0.2 0.0 0.0 0.6 0.0 0.0 0.0 -14.697352728586
0.0 0.0 0.0 0.0 0.0 -0.2 0.0 0.0 1.0 0.0 0.0 0.0 -14.649189389702
0.0 0.0 0.0 0.0 0.0 0.2 0.0 0.0 -1.0 0.0 0.0 0.0 -14.666171762866
0.0 0.0 0.0 0.0 0.0 0.2 0.0 0.0 -0.6 0.0 0.0 0.0 -14.702026663646
0.0 0.0 0.0 0.0 0.0 0.2 0.0 0.0 -0.2 0.0 0.0 0.0 -14.719479998731
0.0 0.0 0.0 0.0 0.0 0.2 0.0 0.0 0.2 0.0 0.0 0.0 -14.719410638511
0.0 0.0 0.0 0.0 0.0 0.2 0.0 0.0 0.6 0.0 0.0 0.0 -14.698759038609
0.0 0.0 0.0 0.0 0.0 0.2 0.0 0.0 1.0 0.0 0.0 0.0 -14.652932500168
0.0 0.0 0.0 0.0 0.0 0.6 0.0 0.0 -1.0 0.0 0.0 0.0 -14.656839352573
0.0 0.0 0.0 0.0 0.0 0.6 0.0 0.0 -0.6 0.0 0.0 0.0 -14.688969129827
0.0 0.0 0.0 0.0 0.0 0.6 0.0 0.0 -0.2 0.0 0.0 0.0 -14.705066041881
0.0 0.0 0.0 0.0 0.0 0.6 0.0 0.0 0.2 0.0 0.0 0.0 -14.705351358575
0.0 0.0 0.0 0.0 0.0 0.6 0.0 0.0 0.6 0.0 0.0 0.0 -14.685479752745
0.0 0.0 0.0 0.0 0.0 0.6 0.0 0.0 1.0 0.0 0.0 0.0 -14.641632836682
0.0 0.0 0.0 0.0 0.0 1.0 0.0 0.0 -1.0 0.0 0.0 0.0 -14.635269884851
0.0 0.0 0.0 0.0 0.0 1.0 0.0 0.0 -0.6 0.0 0.0 0.0 -14.664305048634
0.0 0.0 0.0 0.0 0.0 1.0 0.0 0.0 -0.2 0.0 0.0 0.0 -14.6798077406
0.0 0.0 0.0 0.0 0.0 1.0 0.0 0.0 0.2 0.0 0.0 0.0 -14.680493521578
0.0 0.0 0.0 0.0 0.0 1.0 0.0 0.0 0.6 0.0 0.0 0.0 -14.661053283937
0.0 0.0 0.0 0.0 0.0 1.0 0.0 0.0 1.0 0.0 0.0 0.0 -14.619006262869
0.0 0.0 0.0 0.0 0.0 -1.0 0.0 0.0 0.0 -1.0 0.0 0.0 -14.517324415272
0.0 0.0 0.0 0.0 0.0 -1.0 0.0 0.0 0.0 -0.6 0.0 0.0 -14.621742469866
0.0 0.0 0.0 0.0 0.0 -1.0 0.0 0.0 0.0 -0.2 0.0 0.0 -14.654514448421
0.0 0.0 0.0 0.0 0.0 -1.0 0.0 0.0 0.0 0.2 0.0 0.0 -14.639466383196
0.0 0.0 0.0 0.0 0.0 -1.0 0.0 0.0 0.0 0.6 0.0 0.0 -14.589136638866
0.0 0.0 0.0 0.0 0.0 -1.0 0.0 0.0 0.0 1.0 0.0 0.0 -14.509163993996
0.0 0.0 0.0 0.0 0.0 -0.6 0.0 0.0 0.0 -1.0 0.0 0.0 -14.557340466673
0.0 0.0 0.0 0.0 0.0 -0.6 0.0 0.0 0.0 -0.6 0.0 0.0 -14.66096714995
0.0 0.0 0.0 0.0 0.0 -0.6 0.0 0.0 0.0 -0.2 0.0 0.0 -14.698872889132
0.0 0.0 0.0 0.0 0.0 -0.6 0.0 0.0 0.0 0.2 0.0 0.0 -14.694572153773
0.0 0.0 0.0 0.0 0.0 -0.6 0.0 0.0 0.0 0.6 0.0 0.0 -14.661044833293
0.0 0.0 0.0 0.0 0.0 -0.6 0.0 0.0 0.0 1.0 0.0 0.0 -14.604860905989
0.0 0.0 0.0 0.0 0.0 -0.2 0.0 0.0 0.0 -1.0 0.0 0.0 -14.5868768456
0.0 0.0 0.0 0.0 0.0 -0.2 0.0 0.0 0.0 -0.6 0.0 0.0 -14.68130695648
0.0 0.0 0.0 0.0 0.0 -0.2 0.0 0.0 0.0 -0.2 0.0 0.0 -14.717835738144
0.0 0.0 0.0 0.0 0.0 -0.2 0.0 0.0 0.0 0.2 0.0 0.0 -14.717869712859
0.0 0.0 0.0 0.0 0.0 -0.2 0.0 0.0 0.0 0.6 0.0 0.0 -14.693610685884
0.0 0.0 0.0 0.0 0.0 -0.2 0.0 0.0 0.0 1.0 0.0 0.0 -14.651622953975
0.0 0.0 0.0 0.0 0.0 0.2 0.0 0.0 0.0 -1.0 0.0 0.0 -14.608381266062
0.0 0.0 0.0 0.0 0.0 0.2 0.0 0.0 0.0 -0.6 0.0 0.0 -14.687940361182
0.0 0.0 0.0 0.0 0.0 0.2 0.0 0.0 0.0 -0.2 0.0 0.0 -14.718665216232
0.0 0.0 0.0 0.0 0.0 0.2 0.0 0.0 0.0 0.2 0.0 0.0 -14.718699439878
0.0 0.0 0.0 0.0 0.0 0.2 0.0 0.0 0.0 0.6 0.0 0.0 -14.698680088241
0.0 0.0 0.0 0.0 0.0 0.2 0.0 0.0 0.0 1.0 0.0 0.0 -14.66457956064
0.0 0.0 0.0 0.0 0.0 0.6 0.0 0.0 0.0 -1.0 0.0 0.0 -14.622197472061
0.0 0.0 0.0 0.0 0.0 0.6 0.0 0.0 0.0 -0.6 0.0 0.0 -14.683938072012
0.0 0.0 0.0 0.0 0.0 0.6 0.0 0.0 0.0 -0.2 0.0 0.0 -14.706252090552
0.0 0.0 0.0 0.0 0.0 0.6 0.0 0.0 0.0 0.2 0.0 0.0 -14.703539057011
0.0 0.0 0.0 0.0 0.0 0.6 0.0 0.0 0.0 0.6 0.0 0.0 -14.684494257118
0.0 0.0 0.0 0.0 0.0 0.6 0.0 0.0 0.0 1.0 0.0 0.0 -14.654196076584
0.0 0.0 0.0 0.0 0.0 1.0 0.0 0.0 0.0 -1.0 0.0 0.0 -14.627729952138
0.0 0.0 0.0 0.0 0.0 1.0 0.0 0.0 0.0 -0.6 0.0 0.0 -14.671053121963
0.0 0.0 0.0 0.0 0.0 1.0 0.0 0.0 0.0 -0.2 0.0 0.0 -14.683834917305
0.0 0.0 0.0 0.0 0.0 1.0 0.0 0.0 0.0 0.2 0.0 0.0 -14.676820422453
0.0 0.0 0.0 0.0 0.0 1.0 0.0 0.0 0.0 0.6 0.0 0.0 -14.656726691359
0.0 0.0 0.0 0.0 0.0 1.0 0.0 0.0 0.0 1.0 0.0 0.0 -14.627654011597
0.0 0.0 0.0 0.0 0.0 -1.0 0.0 0.0 0.0 0.0 -1.0 0.0 -14.336341572764
0.0 0.0 0.0 0.0 0.0 -1.0 0.0 0.0 0.0 0.0 -0.6 0.0 -14.571696545423
0.0 0.0 0.0 0.0 0.0 -1.0 0.0 0.0 0.0 0.0 -0.2 0.0 -14.644757223913
0.0 0.0 0.0 0.0 0.0 -1.0 0.0 0.0 0.0 0.0 0.2 0.0 -14.648481495964
0.0 0.0 0.0 0.0 0.0 -1.0 0.0 0.0 0.0 0.0 0.6 0.0 -14.623503668378
0.0 0.0 0.0 0.0 0.0 -1.0 0.0 0.0 0.0 0.0 1.0 0.0 -14.588145599624
0.0 0.0 0.0 0.0 0.0 -0.6 0.0 0.0 0.0 0.0 -1.0 0.0 -14.36065160853
0.0 0.0 0.0 0.0 0.0 -0.6 0.0 0.0 0.0 0.0 -0.6 0.0 -14.617154814401
0.0 0.0 0.0 0.0 0.0 -0.6 0.0 0.0 0.0 0.0 -0.2 0.0 -14.694224759112
0.0 0.0 0.0 0.0 0.0 -0.6 0.0 0.0 0.0 0.0 0.2 0.0 -14.696328146936
0.0 0.0 0.0 0.0 0.0 -0.6 0.0 0.0 0.0 0.0 0.6 0.0 -14.668076049833
0.0 0.0 0.0 0.0 0.0 -0.6 0.0 0.0 0.0 0.0 1.0 0.0 -14.629067164188
0.0 0.0 0.0 0.0 0.0 -0.2 0.0 0.0 0.0 0.0 -1.0 0.0 -14.363665870328
0.0 0.0 0.0 0.0 0.0 -0.2 0.0 0.0 0.0 0.0 -0.6 0.0 -14.634212206815
0.0 0.0 0.0 0.0 0.0 -0.2 0.0 0.0 0.0 0.0 -0.2 0.0 -14.714618032677
0.0 0.0 0.0 0.0 0.0 -0.2 0.0 0.0 0.0 0.0 0.2 0.0 -14.716431326999
0.0 0.0 0.0 0.0 0.0 -0.2 0.0 0.0 0.0 0.0 0.6 0.0 -14.6867300125
0.0 0.0 0.0 0.0 0.0 -0.2 0.0 0.0 0.0 0.0 1.0 0.0 -14.645879907829
0.0 0.0 0.0 0.0 0.0 0.2 0.0 0.0 0.0 0.0 -1.0 0.0 -14.359634184591
0.0 0.0 0.0 0.0 0.0 0.2 0.0 0.0 0.0 0.0 -0.6 0.0 -14.633437381566
0.0 0.0 0.0 0.0 0.0 0.2 0.0 0.0 0.0 0.0 -0.2 0.0 -14.714783718629
0.0 0.0 0.0 0.0 0.0 0.2 0.0 0.0 0.0 0.0 0.2 0.0 -14.716590620272
0.0 0.0 0.0 0.0 0.0 0.2 0.0 0.0 0.0 0.0 0.6 0.0 -14.686518298822
0.0 0.0 0.0 0.0 0.0 0.2 0.0 0.0 0.0 0.0 1.0 0.0 -14.645082797804
0.0 0.0 0.0 0.0 0.0 0.6 0.0 0.0 0.0 0.0 -1.0 0.0 -14.357044528642
0.0 0.0 0.0 0.0 0.0 0.6 0.0 0.0 0.0 0.0 -0.6 0.0 -14.621785741019
0.0 0.0 0.0 0.0 0.0 0.6 0.0 0.0 0.0 0.0 -0.2 0.0 -14.700755740655
0.0 0.0 0.0 0.0 0.0 0.6 0.0 0.0 0.0 0.0 0.2 0.0 -14.702184010412
0.0 0.0 0.0 0.0 0.0 0.6 0.0 0.0 0.0 0.0 0.6 0.0 -14.672305527665
0.0 0.0 0.0 0.0 0.0 0.6 0.0 0.0 0.0 0.0 1.0 0.0 -14.631147959083
0.0 0.0 0.0 0.0 0.0 1.0 0.0 0.0 0.0 0.0 -1.0 0.0 -14.359261802751
0.0 0.0 0.0 0.0 0.0 1.0 0.0 0.0 0.0 0.0 -0.6 0.0 -14.603425933578
0.0 0.0 0.0 0.0 0.0 1.0 0.0 0.0 0.0 0.0 -0.2 0.0 -14.676545552409
0.0 0.0 0.0 0.0 0.0 1.0 0.0 0.0 0.0 0.0 0.2 0.0 -14.676882085024
0.0 0.0 0.0 0.0 0.0 1.0 0.0 0.0 0.0 0.0 0.6 0.0 -14.647431395736
0.0 0.0 0.0 0.0 0.0 1.0 0.0 0.0 0.0 0.0 1.0 0.0 -14.607133049661
0.0 0.0 0.0 0.0 0.0 -1.0 0.0 0.0 0.0 0.0 0.0 -1.0 -14.462010334224
0.0 0.0 0.0 0.0 0.0 -1.0 0.0 0.0 0.0 0.0 0.0 -0.6 -14.597266096514
0.0 0.0 0.0 0.0 0.0 -1.0 0.0 0.0 0.0 0.0 0.0 -0.2 -14.646571494349
0.0 0.0 0.0 0.0 0.0 -1.0 0.0 0.0 0.0 0.0 0.0 0.2 -14.646570817436
0.0 0.0 0.0 0.0 0.0 -1.0 0.0 0.0 0.0 0.0 0.0 0.6 -14.597260722334
0.0 0.0 0.0 0.0 0.0 -1.0 0.0 0.0 0.0 0.0 0.0 1.0 -14.461986150041
0.0 0.0 0.0 0.0 0.0 -0.6 0.0 0.0 0.0 0.0 0.0 -1.0 -14.494688826244
0.0 0.0 0.0 0.0 0.0 -0.6 0.0 0.0 0.0 0.0 0.0 -0.6 -14.642356109942
0.0 0.0 0.0 0.0 0.0 -0.6 0.0 0.0 0.0 0.0 0.0 -0.2 -14.695238957827
0.0 0.0 0.0 0.0 0.0 -0.6 0.0 0.0 0.0 0.0 0.0 0.2 -14.695238744592
0.0 0.0 0.0 0.0 0.0 -0.6 0.0 0.0 0.0 0.0 0.0 0.6 -14.642351106509
0.0 0.0 0.0 0.0 0.0 -0.6 0.0 0.0 0.0 0.0 0.0 1.0 -14.49466025734
0.0 0.0 0.0 0.0 0.0 -0.2 0.0 0.0 0.0 0.0 0.0 -1.0 -14.504662088483
0.0 0.0 0.0 0.0 0.0 -0.2 0.0 0.0 0.0 0.0 0.0 -0.6 -14.660303045899
0.0 0.0 0.0 0.0 0.0 -0.2 0.0 0.0 0.0 0.0 0.0 -0.2 -14.715500155641
0.0 0.0 0.0 0.0 0.0 -0.2 0.0 0.0 0.0 0.0 0.0 0.2 -14.715499999543
0.0 0.0 0.0 0.0 0.0 -0.2 0.0 0.0 0.0 0.0 0.0 0.6 -14.660297556994
0.0 0.0 0.0 0.0 0.0 -0.2 0.0 0.0 0.0 0.0 0.0 1.0 -14.504629485929
0.0 0.0 0.0 0.0 0.0 0.2 0.0 0.0 0.0 0.0 0.0 -1.0 -14.502198926882
0.0 0.0 0.0 0.0 0.0 0.2 0.0 0.0 0.0 0.0 0.0 -0.6 -14.659875523936
0.0 0.0 0.0 0.0 0.0 0.2 0.0 0.0 0.0 0.0 0.0 -0.2 -14.715673337498
0.0 0.0 0.0 0.0 0.0 0.2 0.0 0.0 0.0 0.0 0.0 0.2 -14.715673185239
0.0 0.0 0.0 0.0 0.0 0.2 0.0 0.0 0.0 0.0 0.0 0.6 -14.659869900997
0.0 0.0 0.0 0.0 0.0 0.2 0.0 0.0 0.0 0.0 0.0 1.0 -14.50216546471
0.0 0.0 0.0 0.0 0.0 0.6 0.0 0.0 0.0 0.0 0.0 -1.0 -14.493795493414
0.0 0.0 0.0 0.0 0.0 0.6 0.0 0.0 0.0 0.0 0.0 -0.6 -14.646978062617
0.0 0.0 0.0 0.0 0.0 0.6 0.0 0.0 0.0 0.0 0.0 -0.2 -14.701463419181
0.0 0.0 0.0 0.0 0.0 0.6 0.0 0.0 0.0 0.0 0.0 0.2 -14.701463398144
0.0 0.0 0.0 0.0 0.0 0.6 0.0 0.0 0.0 0.0 0.0 0.6 -14.646973246699
0.0 0.0 0.0 0.0 0.0 0.6 0.0 0.0 0.0 0.0 0.0 1.0 -14.493765558741
0.0 0.0 0.0 0.0 0.0 1.0 0.0 0.0 0.0 0.0 0.0 -1.0 -14.48272755995
0.0 0.0 0.0 0.0 0.0 1.0 0.0 0.0 0.0 0.0 0.0 -0.6 -14.62537498286
0.0 0.0 0.0 0.0 0.0 1.0 0.0 0.0 0.0 0.0 0.0 -0.2 -14.676712060861
0.0 0.0 0.0 0.0 0.0 1.0 0.0 0.0 0.0 0.0 0.0 0.2 -14.676712353806
0.0 0.0 0.0 0.0 0.0 1.0 0.0 0.0 0.0 0.0 0.0 0.6 -14.625371990731
0.0 0.0 0.0 0.0 0.0 1.0 0.0 0.0 0.0 0.0 0.0 1.0 -14.482705144669
0.0 0.0 0.0 0.0 0.0 0.0 -1.0 -1.0 0.0 0.0 0.0 0.0 -14.591868540906
0.0 0.0 0.0 0.0 0.0 0.0 -1.0 -0.6 0.0 0.0 0.0 0.0 -14.638495645234
0.0 0.0 0.0 0.0 0.0 0.0 -1.0 -0.2 0.0 0.0 0.0 0.0 -14.662199068231
0.0 0.0 0.0 0.0 0.0 0.0 -1.0 0.2 0.0 0.0 0.0 0.0 -14.659921976535
0.0 0.0 0.0 0.0 0.0 0.0 -1.0 0.6 0.0 0.0 0.0 0.0 -14.632299463607
0.0 0.0 0.0 0.0 0.0 0.0 -1.0 1.0 0.0 0.0 0.0 0.0 -14.576724448266
0.0 0.0 0.0 0.0 0.0 0.0 -0.6 -1.0 0.0 0.0 0.0 0.0 -14.63268701644
0.0 0.0 0.0 0.0 0.0 0.0 -0.6 -0.6 0.0 0.0 0.0 0.0 -14.678577697915
0.0 0.0 0.0 0.0 0.0 0.0 -0.6 -0.2 0.0 0.0 0.0 0.0 -14.700947150685
0.0 0.0 0.0 0.0 0.0 0.0 -0.6 0.2 0.0 0.0 0.0 0.0 -14.70061058079
0.0 0.0 0.0 0.0 0.0 0.0 -0.6 0.6 0.0 0.0 0.0 0.0 -14.679112602006
0.0 0.0 0.0 0.0 0.0 0.0 -0.6 1.0 0.0 0.0 0.0 0.0 -14.633014450999
0.0 0.0 0.0 0.0 0.0 0.0 -0.2 -1.0 0.0 0.0 0.0 0.0 -14.654905941388
0.0 0.0 0.0 0.0 0.0 0.0 -0.2 -0.6 0.0 0.0 0.0 0.0 -14.698809393462
0.0 0.0 0.0 0.0 0.0 0.0 -0.2 -0.2 0.0 0.0 0.0 0.0 -14.719160387366
0.0 0.0 0.0 0.0 0.0 0.0 -0.2 0.2 0.0 0.0 0.0 0.0 -14.719187864346
0.0 0.0 0.0 0.0 0.0 0.0 -0.2 0.6 0.0 0.0 0.0 0.0 -14.699620981416
0.0 0.0 0.0 0.0 0.0 0.0 -0.2 1.0 0.0 0.0 0.0 0.0 -14.656482445673
0.0 0.0 0.0 0.0 0.0 0.0 0.2 -1.0 0.0 0.0 0.0 0.0 -14.656486784214
0.0 0.0 0.0 0.0 0.0 0.0 0.2 -0.6 0.0 0.0 0.0 0.0 -14.699623090162
0.0 0.0 0.0 0.0 0.0 0.0 0.2 -0.2 0.0 0.0 0.0 0.0 -14.719188663409
0.0 0.0 0.0 0.0 0.0 0.0 0.2 0.2 0.0 0.0 0.0 0.0 -14.71916037767
0.0 0.0 0.0 0.0 0.0 0.0 0.2 0.6 0.0 0.0 0.0 0.0 -14.698808811521
0.0 0.0 0.0 0.0 0.0 0.0 0.2 1.0 0.0 0.0 0.0 0.0 -14.654904752351
0.0 0.0 0.0 0.0 0.0 0.0 0.6 -1.0 0.0 0.0 0.0 0.0 -14.633029299491
0.0 0.0 0.0 0.0 0.0 0.0 0.6 -0.6 0.0 0.0 0.0 0.0 -14.679121395754
0.0 0.0 0.0 0.0 0.0 0.0 0.6 -0.2 0.0 0.0 0.0 0.0 -14.700615609792
0.0 0.0 0.0 0.0 0.0 0.0 0.6 0.2 0.0 0.0 0.0 0.0 -14.700949907749
0.0 0.0 0.0 0.0 0.0 0.0 0.6 0.6 0.0 0.0 0.0 0.0 -14.678579221445
0.0 0.0 0.0 0.0 0.0 0.0 0.6 1.0 0.0 0.0 0.0 0.0 -14.632688022479
0.0 0.0 0.0 0.0 0.0 0.0 1.0 -1.0 0.0 0.0 0.0 0.0 -14.576766614995
0.0 0.0 0.0 0.0 0.0 0.0 1.0 -0.6 0.0 0.0 0.0 0.0 -14.632327797991
0.0 0.0 0.0 0.0 0.0 0.0 1.0 -0.2 0.0 0.0 0.0 0.0 -14.659941143742
0.0 0.0 0.0 0.0 0.0 0.0 1.0 0.2 0.0 0.0 0.0 0.0 -14.662212227901
0.0 0.0 0.0 0.0 0.0 0.0 1.0 0.6 0.0 0.0 0.0 0.0 -14.63850504848
0.0 0.0 0.0 0.0 0.0 0.0 1.0 1.0 0.0 0.0 0.0 0.0 -14.591875813759
0.0 0.0 0.0 0.0 0.0 0.0 -1.0 0.0 -1.0 0.0 0.0 0.0 -14.608618831749
0.0 0.0 0.0 0.0 0.0 0.0 -1.0 0.0 -0.6 0.0 0.0 0.0 -14.643712615127
0.0 0.0 0.0 0.0 0.0 0.0 -1.0 0.0 -0.2 0.0 0.0 0.0 -14.66230072831
0.0 0.0 0.0 0.0 0.0 0.0 -1.0 0.0 0.2 0.0 0.0 0.0 -14.660788485264
0.0 0.0 0.0 0.0 0.0 0.0 -1.0 0.0 0.6 0.0 0.0 0.0 -14.636134593271
0.0 0.0 0.0 0.0 0.0 0.0 -1.0 0.0 1.0 0.0 0.0 0.0 -14.586940058003
0.0 0.0 0.0 0.0 0.0 0.0 -0.6 0.0 -1.0 0.0 0.0 0.0 -14.645280201415
0.0 0.0 0.0 0.0 0.0 0.0 -0.6 0.0 -0.6 0.0 0.0 0.0 -14.682350012098
0.0 0.0 0.0 0.0 0.0 0.0 -0.6 0.0 -0.2 0.0 0.0 0.0 -14.701152745518
0.0 0.0 0.0 0.0 0.0 0.0 -0.6 0.0 0.2 0.0 0.0 0.0 -14.700681443125
0.0 0.0 0.0 0.0 0.0 0.0 -0.6 0.0 0.6 0.0 0.0 0.0 -14.678251716886
0.0 0.0 0.0 0.0 0.0 0.0 -0.6 0.0 1.0 0.0 0.0 0.0 -14.630527786462
0.0 0.0 0.0 0.0 0.0 0.0 -0.2 0.0 -1.0 0.0 0.0 0.0 -14.66290889577
0.0 0.0 0.0 0.0 0.0 0.0 -0.2 0.0 -0.6 0.0 0.0 0.0 -14.700690301217
0.0 0.0 0.0 0.0 0.0 0.0 -0.2 0.0 -0.2 0.0 0.0 0.0 -14.71921984403
0.0 0.0 0.0 0.0 0.0 0.0 -0.2 0.0 0.2 0.0 0.0 0.0 -14.719081750859
0.0 0.0 0.0 0.0 0.0 0.0 -0.2 0.0 0.6 0.0 0.0 0.0 -14.697797947589
0.0 0.0 0.0 0.0 0.0 0.0 -0.2 0.0 1.0 0.0 0.0 0.0 -14.650771136771
0.0 0.0 0.0 0.0 0.0 0.0 0.2 0.0 -1.0 0.0 0.0 0.0 -14.662911102785
0.0 0.0 0.0 0.0 0.0 0.0 0.2 0.0 -0.6 0.0 0.0 0.0 -14.700691454725
0.0 0.0 0.0 0.0 0.0 0.0 0.2 0.0 -0.2 0.0 0.0 0.0 -14.719220268159
0.0 0.0 0.0 0.0 0.0 0.0 0.2 0.0 0.2 0.0 0.0 0.0 -14.719082142278
0.0 0.0 0.0 0.0 0.0 0.0 0.2 0.0 0.6 0.0 0.0 0.0 -14.697798539063
0.0 0.0 0.0 0.0 0.0 0.0 0.2 0.0 1.0 0.0 0.0 0.0 -14.65077254555
0.0 0.0 0.0 0.0 0.0 0.0 0.6 0.0 -1.0 0.0 0.0 0.0 -14.645288418392
0.0 0.0 0.0 0.0 0.0 0.0 0.6 0.0 -0.6 0.0 0.0 0.0 -14.682355763339
0.0 0.0 0.0 0.0 0.0 0.0 0.6 0.0 -0.2 0.0 0.0 0.0 -14.701156683445
0.0 0.0 0.0 0.0 0.0 0.0 0.6 0.0 0.2 0.0 0.0 0.0 -14.700685305942
0.0 0.0 0.0 0.0 0.0 0.0 0.6 0.0 0.6 0.0 0.0 0.0 -14.67825638145
0.0 0.0 0.0 0.0 0.0 0.0 0.6 0.0 1.0 0.0 0.0 0.0 -14.630535320295
0.0 0.0 0.0 0.0 0.0 0.0 1.0 0.0 -1.0 0.0 0.0 0.0 -14.608638244052
0.0 0.0 0.0 0.0 0.0 0.0 1.0 0.0 -0.6 0.0 0.0 0.0 -14.643730246476
0.0 0.0 0.0 0.0 0.0 0.0 1.0 0.0 -0.2 0.0 0.0 0.0 -14.662316688235
0.0 0.0 0.0 0.0 0.0 0.0 1.0 0.0 0.2 0.0 0.0 0.0 -14.660804653373
0.0 0.0 0.0 0.0 0.0 0.0 1.0 0.0 0.6 0.0 0.0 0.0 -14.636152881923
0.0 0.0 0.0 0.0 0.0 0.0 1.0 0.0 1.0 0.0 0.0 0.0 -14.586964509499
0.0 0.0 0.0 0.0 0.0 0.0 -1.0 0.0 0.0 -1.0 0.0 0.0 -14.553214481465
0.0 0.0 0.0 0.0 0.0 0.0 -1.0 0.0 0.0 -0.6 0.0 0.0 -14.637031528135
0.0 0.0 0.0 0.0 0.0 0.0 -1.0 0.0 0.0 -0.2 0.0 0.0 -14.664885098361
0.0 0.0 0.0 0.0 0.0 0.0 -1.0 0.0 0.0 0.2 0.0 0.0 -14.656236760188
0.0 0.0 0.0 0.0 0.0 0.0 -1.0 0.0 0.0 0.6 0.0 0.0 -14.622211364456
0.0 0.0 0.0 0.0 0.0 0.0 -1.0 0.0 0.0 1.0 0.0 0.0 -14.568802392858
0.0 0.0 0.0 0.0 0.0 0.0 -0.6 0.0 0.0 -1.0 0.0 0.0 -14.582832463213
0.0 0.0 0.0 0.0 0.0 0.0 -0.6 0.0 0.0 -0.6 0.0 0.0 -14.669229061981
0.0 0.0 0.0 0.0 0.0 0.0 -0.6 0.0 0.0 -0.2 0.0 0.0 -14.701267837835
0.0 0.0 0.0 0.0 0.0 0.0 -0.6 0.0 0.0 0.2 0.0 0.0 -14.698686836772
0.0 0.0 0.0 0.0 0.0 0.0 -0.6 0.0 0.0 0.6 0.0 0.0 -14.672861178703
0.0 0.0 0.0 0.0 0.0 0.0 -0.6 0.0 0.0 1.0 0.0 0.0 -14.630012627434
0.0 0.0 0.0 0.0 0.0 0.0 -0.2 0.0 0.0 -1.0 0.0 0.0 -14.596858195449
0.0 0.0 0.0 0.0 0.0 0.0 -0.2 0.0 0.0 -0.6 0.0 0.0 -14.684273119374
0.0 0.0 0.0 0.0 0.0 0.0 -0.2 0.0 0.0 -0.2 0.0 0.0 -14.718119942611
0.0 0.0 0.0 0.0 0.0 0.0 -0.2 0.0 0.0 0.2 0.0 0.0 -14.71826034247
0.0 0.0 0.0 0.0 0.0 0.0 -0.2 0.0 0.0 0.6 0.0 0.0 -14.696173473043
0.0 0.0 0.0 0.0 0.0 0.0 -0.2 0.0 0.0 1.0 0.0 0.0 -14.658171594333
0.0 0.0 0.0 0.0 0.0 0.0 0.2 0.0 0.0 -1.0 0.0 0.0 -14.596861958661
0.0 0.0 0.0 0.0 0.0 0.0 0.2 0.0 0.0 -0.6 0.0 0.0 -14.684274505585
0.0 0.0 0.0 0.0 0.0 0.0 0.2 0.0 0.0 -0.2 0.0 0.0 -14.718120388315
0.0 0.0 0.0 0.0 0.0 0.0 0.2 0.0 0.0 0.2 0.0 0.0 -14.718260796661
0.0 0.0 0.0 0.0 0.0 0.0 0.2 0.0 0.0 0.6 0.0 0.0 -14.696174656109
0.0 0.0 0.0 0.0 0.0 0.0 0.2 0.0 0.0 1.0 0.0 0.0 -14.658174151659
0.0 0.0 0.0 0.0 0.0 0.0 0.6 0.0 0.0 -1.0 0.0 0.0 -14.582845645876
0.0 0.0 0.0 0.0 0.0 0.0 0.6 0.0 0.0 -0.6 0.0 0.0 -14.669235373516
0.0 0.0 0.0 0.0 0.0 0.0 0.6 0.0 0.0 -0.2 0.0 0.0 -14.701271656716
0.0 0.0 0.0 0.0 0.0 0.0 0.6 0.0 0.0 0.2 0.0 0.0 -14.698691134594
0.0 0.0 0.0 0.0 0.0 0.0 0.6 0.0 0.0 0.6 0.0 0.0 -14.672868297921
0.0 0.0 0.0 0.0 0.0 0.0 0.6 0.0 0.0 1.0 0.0 0.0 -14.630024738389
0.0 0.0 0.0 0.0 0.0 0.0 1.0 0.0 0.0 -1.0 0.0 0.0 -14.553242950503
0.0 0.0 0.0 0.0 0.0 0.0 1.0 0.0 0.0 -0.6 0.0 0.0 -14.637049556964
0.0 0.0 0.0 0.0 0.0 0.0 1.0 0.0 0.0 -0.2 0.0 0.0 -14.664900259558
0.0 0.0 0.0 0.0 0.0 0.0 1.0 0.0 0.0 0.2 0.0 0.0 -14.656254468367
0.0 0.0 0.0 0.0 0.0 0.0 1.0 0.0 0.0 0.6 0.0 0.0 -14.622236174117
0.0 0.0 0.0 0.0 0.0 0.0 1.0 0.0 0.0 1.0 0.0 0.0 -14.568838749608
0.0 0.0 0.0 0.0 0.0 0.0 -1.0 0.0 0.0 0.0 -1.0 0.0 -14.381526199516
0.0 0.0 0.0 0.0 0.0 0.0 -1.0 0.0 0.0 0.0 -0.6 0.0 -14.595369457579
0.0 0.0 0.0 0.0 0.0 0.0 -1.0 0.0 0.0 0.0 -0.2 0.0 -14.65970501875
0.0 0.0 0.0 0.0 0.0 0.0 -1.0 0.0 0.0 0.0 0.2 0.0 -14.658619509444
0.0 0.0 0.0 0.0 0.0 0.0 -1.0 0.0 0.0 0.0 0.6 0.0 -14.629985824798
0.0 0.0 0.0 0.0 0.0 0.0 -1.0 0.0 0.0 0.0 1.0 0.0 -14.591156762967
0.0 0.0 0.0 0.0 0.0 0.0 -0.6 0.0 0.0 0.0 -1.0 0.0 -14.373241302494
0.0 0.0 0.0 0.0 0.0 0.0 -0.6 0.0 0.0 0.0 -0.6 0.0 -14.623030171575
0.0 0.0 0.0 0.0 0.0 0.0 -0.6 0.0 0.0 0.0 -0.2 0.0 -14.697500738205
0.0 0.0 0.0 0.0 0.0 0.0 -0.6 0.0 0.0 0.0 0.2 0.0 -14.698054881253
0.0 0.0 0.0 0.0 0.0 0.0 -0.6 0.0 0.0 0.0 0.6 0.0 -14.66847250846
0.0 0.0 0.0 0.0 0.0 0.0 -0.6 0.0 0.0 0.0 1.0 0.0 -14.628042052421
0.0 0.0 0.0 0.0 0.0 0.0 -0.2 0.0 0.0 0.0 -1.0 0.0 -14.363390026531
0.0 0.0 0.0 0.0 0.0 0.0 -0.2 0.0 0.0 0.0 -0.6 0.0 -14.634264889974
0.0 0.0 0.0 0.0 0.0 0.0 -0.2 0.0 0.0 0.0 -0.2 0.0 -14.71472143251
0.0 0.0 0.0 0.0 0.0 0.0 -0.2 0.0 0.0 0.0 0.2 0.0 -14.716391026612
0.0 0.0 0.0 0.0 0.0 0.0 -0.2 0.0 0.0 0.0 0.6 0.0 -14.686446094775
0.0 0.0 0.0 0.0 0.0 0.0 -0.2 0.0 0.0 0.0 1.0 0.0 -14.645265196343
0.0 0.0 0.0 0.0 0.0 0.0 0.2 0.0 0.0 0.0 -1.0 0.0 -14.363389958111
0.0 0.0 0.0 0.0 0.0 0.0 0.2 0.0 0.0 0.0 -0.6 0.0 -14.634265145422
0.0 0.0 0.0 0.0 0.0 0.0 0.2 0.0 0.0 0.0 -0.2 0.0 -14.714721779818
0.0 0.0 0.0 0.0 0.0 0.0 0.2 0.0 0.0 0.0 0.2 0.0 -14.716391367166
0.0 0.0 0.0 0.0 0.0 0.0 0.2 0.0 0.0 0.0 0.6 0.0 -14.686446401611
0.0 0.0 0.0 0.0 0.0 0.0 0.2 0.0 0.0 0.0 1.0 0.0 -14.645265459394
0.0 0.0 0.0 0.0 0.0 0.0 0.6 0.0 0.0 0.0 -1.0 0.0 -14.373244879613
0.0 0.0 0.0 0.0 0.0 0.0 0.6 0.0 0.0 0.0 -0.6 0.0 -14.623034117316
0.0 0.0 0.0 0.0 0.0 0.0 0.6 0.0 0.0 0.0 -0.2 0.0 -14.697504598484
0.0 0.0 0.0 0.0 0.0 0.0 0.6 0.0 0.0 0.0 0.2 0.0 -14.698058485434
0.0 0.0 0.0 0.0 0.0 0.0 0.6 0.0 0.0 0.0 0.6 0.0 -14.668475847161
0.0 0.0 0.0 0.0 0.0 0.0 0.6 0.0 0.0 0.0 1.0 0.0 -14.628045151475
0.0 0.0 0.0 0.0 0.0 0.0 1.0 0.0 0.0 0.0 -1.0 0.0 -14.381545131032
0.0 0.0 0.0 0.0 0.0 0.0 1.0 0.0 0.0 0.0 -0.6 0.0 -14.595387241678
0.0 0.0 0.0 0.0 0.0 0.0 1.0 0.0 0.0 0.0 -0.2 0.0 -14.659721489238
0.0 0.0 0.0 0.0 0.0 0.0 1.0 0.0 0.0 0.0 0.2 0.0 -14.65863475506
0.0 0.0 0.0 0.0 0.0 0.0 1.0 0.0 0.0 0.0 0.6 0.0 -14.630000072839
0.0 0.0 0.0 0.0 0.0 0.0 1.0 0.0 0.0 0.0 1.0 0.0 -14.59117023212
0.0 0.0 0.0 0.0 0.0 0.0 -1.0 0.0 0.0 0.0 0.0 -1.0 -14.485095841838
0.0 0.0 0.0 0.0 0.0 0.0 -1.0 0.0 0.0 0.0 0.0 -0.6 -14.611207644945
0.0 0.0 0.0 0.0 0.0 0.0 -1.0 0.0 0.0 0.0 0.0 -0.2 -14.658609957182
0.0 0.0 0.0 0.0 0.0 0.0 -1.0 0.0 0.0 0.0 0.0 0.2 -14.659657249311
0.0 0.0 0.0 0.0 0.0 0.0 -1.0 0.0 0.0 0.0 0.0 0.6 -14.613695242611
0.0 0.0 0.0 0.0 0.0 0.0 -1.0 0.0 0.0 0.0 0.0 1.0 -14.486714869599
0.0 0.0 0.0 0.0 0.0 0.0 -0.6 0.0 0.0 0.0 0.0 -1.0 -14.501278245376
0.0 0.0 0.0 0.0 0.0 0.0 -0.6 0.0 0.0 0.0 0.0 -0.6 -14.64552185104
0.0 0.0 0.0 0.0 0.0 0.0 -0.6 0.0 0.0 0.0 0.0 -0.2 -14.697651746824
0.0 0.0 0.0 0.0 0.0 0.0 -0.6 0.0 0.0 0.0 0.0 0.2 -14.697858088751
0.0 0.0 0.0 0.0 0.0 0.0 -0.6 0.0 0.0 0.0 0.0 0.6 -14.64563583867
0.0 0.0 0.0 0.0 0.0 0.0 -0.6 0.0 0.0 0.0 0.0 1.0 -14.4994743308
0.0 0.0 0.0 0.0 0.0 0.0 -0.2 0.0 0.0 0.0 0.0 -1.0 -14.504732421286
0.0 0.0 0.0 0.0 0.0 0.0 -0.2 0.0 0.0 0.0 0.0 -0.6 -14.660318001987
0.0 0.0 0.0 0.0 0.0 0.0 -0.2 0.0 0.0 0.0 0.0 -0.2 -14.715538121302
0.0 0.0 0.0 0.0 0.0 0.0 -0.2 0.0 0.0 0.0 0.0 0.2 -14.715535678305
0.0 0.0 0.0 0.0 0.0 0.0 -0.2 0.0 0.0 0.0 0.0 0.6 -14.660115928866
0.0 0.0 0.0 0.0 0.0 0.0 -0.2 0.0 0.0 0.0 0.0 1.0 -14.503616840904
0.0 0.0 0.0 0.0 0.0 0.0 0.2 0.0 0.0 0.0 0.0 -1.0 -14.503650960255
0.0 0.0 0.0 0.0 0.0 0.0 0.2 0.0 0.0 0.0 0.0 -0.6 -14.660122019261
0.0 0.0 0.0 0.0 0.0 0.0 0.2 0.0 0.0 0.0 0.0 -0.2 -14.715536213922
0.0 0.0 0.0 0.0 0.0 0.0 0.2 0.0 0.0 0.0 0.0 0.2 -14.715538281108
0.0 0.0 0.0 0.0 0.0 0.0 0.2 0.0 0.0 0.0 0.0 0.6 -14.660312555476
0.0 0.0 0.0 0.0 0.0 0.0 0.2 0.0 0.0 0.0 0.0 1.0 -14.504698765255
0.0 0.0 0.0 0.0 0.0 0.0 0.6 0.0 0.0 0.0 0.0 -1.0 -14.499514041078
0.0 0.0 0.0 0.0 0.0 0.0 0.6 0.0 0.0 0.0 0.0 -0.6 -14.645646098224
0.0 0.0 0.0 0.0 0.0 0.0 0.6 0.0 0.0 0.0 0.0 -0.2 -14.697862177082
0.0 0.0 0.0 0.0 0.0 0.0 0.6 0.0 0.0 0.0 0.0 0.2 -14.697655139643
0.0 0.0 0.0 0.0 0.0 0.0 0.6 0.0 0.0 0.0 0.0 0.6 -14.645519060391
0.0 0.0 0.0 0.0 0.0 0.0 0.6 0.0 0.0 0.0 0.0 1.0 -14.501245826013
0.0 0.0 0.0 0.0 0.0 0.0 1.0 0.0 0.0 0.0 0.0 -1.0 -14.486769130872
0.0 0.0 0.0 0.0 0.0 0.0 1.0 0.0 0.0 0.0 0.0 -0.6 -14.613718425121
0.0 0.0 0.0 0.0 0.0 0.0 1.0 0.0 0.0 0.0 0.0 -0.2 -14.659673546321
0.0 0.0 0.0 0.0 0.0 0.0 1.0 0.0 0.0 0.0 0.0 0.2 -14.658625382543
0.0 0.0 0.0 0.0 0.0 0.0 1.0 0.0 0.0 0.0 0.0 0.6 -14.611216594683
0.0 0.0 0.0 0.0 0.0 0.0 1.0 0.0 0.0 0.0 0.0 1.0 -14.485074392615
0.0 0.0 0.0 0.0 0.0 0.0 0.0 -1.0 -1.0 0.0 0.0 0.0 -14.605706695468
0.0 0.0 0.0 0.0 0.0 0.0 0.0 -1.0 -0.6 0.0 0.0 0.0 -14.638696124795
0.0 0.0 0.0 0.0 0.0 0.0 0.0 -1.0 -0.2 0.0 0.0 0.0 -14.656981909496
0.0 0.0 0.0 0.0 0.0 0.0 0.0 -1.0 0.2 0.0 0.0 0.0 -14.654299659463
0.0 0.0 0.0 0.0 0.0 0.0 0.0 -1.0 0.6 0.0 0.0 0.0 -14.629392083877
0.0 0.0 0.0 0.0 0.0 0.0 0.0 -1.0 1.0 0.0 0.0 0.0 -14.586138484828
0.0 0.0 0.0 0.0 0.0 0.0 0.0 -0.6 -1.0 0.0 0.0 0.0 -14.64188914874
0.0 0.0 0.0 0.0 0.0 0.0 0.0 -0.6 -0.6 0.0 0.0 0.0 -14.679138068008
0.0 0.0 0.0 0.0 0.0 0.0 0.0 -0.6 -0.2 0.0 0.0 0.0 -14.699389798033
0.0 0.0 0.0 0.0 0.0 0.0 0.0 -0.6 0.2 0.0 0.0 0.0 -14.698266899386
0.0 0.0 0.0 0.0 0.0 0.0 0.0 -0.6 0.6 0.0 0.0 0.0 -14.673935369873
0.0 0.0 0.0 0.0 0.0 0.0 0.0 -0.6 1.0 0.0 0.0 0.0 -14.627526851714
0.0 0.0 0.0 0.0 0.0 0.0 0.0 -0.2 -1.0 0.0 0.0 0.0 -14.662377139635
0.0 0.0 0.0 0.0 0.0 0.0 0.0 -0.2 -0.6 0.0 0.0 0.0 -14.700239832893
0.0 0.0 0.0 0.0 0.0 0.0 0.0 -0.2 -0.2 0.0 0.0 0.0 -14.719069507783
0.0 0.0 0.0 0.0 0.0 0.0 0.0 -0.2 0.2 0.0 0.0 0.0 -14.718843017216
0.0 0.0 0.0 0.0 0.0 0.0 0.0 -0.2 0.6 0.0 0.0 0.0 -14.697195272348
0.0 0.0 0.0 0.0 0.0 0.0 0.0 -0.2 1.0 0.0 0.0 0.0 -14.650265245695
0.0 0.0 0.0 0.0 0.0 0.0 0.0 0.2 -1.0 0.0 0.0 0.0 -14.662377167253
0.0 0.0 0.0 0.0 0.0 0.0 0.0 0.2 -0.6 0.0 0.0 0.0 -14.700239763551
0.0 0.0 0.0 0.0 0.0 0.0 0.0 0.2 -0.2 0.0 0.0 0.0 -14.71906918103
0.0 0.0 0.0 0.0 0.0 0.0 0.0 0.2 0.2 0.0 0.0 0.0 -14.718842695486
0.0 0.0 0.0 0.0 0.0 0.0 0.0 0.2 0.6 0.0 0.0 0.0 -14.697194720043
0.0 0.0 0.0 0.0 0.0 0.0 0.0 0.2 1.0 0.0 0.0 0.0 -14.650264854337
0.0 0.0 0.0 0.0 0.0 0.0 0.0 0.6 -1.0 0.0 0.0 0.0 -14.641888672403
0.0 0.0 0.0 0.0 0.0 0.0 0.0 0.6 -0.6 0.0 0.0 0.0 -14.679136926737
0.0 0.0 0.0 0.0 0.0 0.0 0.0 0.6 -0.2 0.0 0.0 0.0 -14.699388412061
0.0 0.0 0.0 0.0 0.0 0.0 0.0 0.6 0.2 0.0 0.0 0.0 -14.698266087343
0.0 0.0 0.0 0.0 0.0 0.0 0.0 0.6 0.6 0.0 0.0 0.0 -14.67393425376
0.0 0.0 0.0 0.0 0.0 0.0 0.0 0.6 1.0 0.0 0.0 0.0 -14.627525451914
0.0 0.0 0.0 0.0 0.0 0.0 0.0 1.0 -1.0 0.0 0.0 0.0 -14.60570546805
0.0 0.0 0.0 0.0 0.0 0.0 0.0 1.0 -0.6 0.0 0.0 0.0 -14.638693900265
0.0 0.0 0.0 0.0 0.0 0.0 0.0 1.0 -0.2 0.0 0.0 0.0 -14.656979467293
0.0 0.0 0.0 0.0 0.0 0.0 0.0 1.0 0.2 0.0 0.0 0.0 -14.654297464738
0.0 0.0 0.0 0.0 0.0 0.0 0.0 1.0 0.6 0.0 0.0 0.0 -14.629389350761
0.0 0.0 0.0 0.0 0.0 0.0 0.0 1.0 1.0 0.0 0.0 0.0 -14.586134542831
0.0 0.0 0.0 0.0 0.0 0.0 0.0 -1.0 0.0 -1.0 0.0 0.0 -14.539528998631
0.0 0.0 0.0 0.0 0.0 0.0 0.0 -1.0 0.0 -0.6 0.0 0.0 -14.625907917803
0.0 0.0 0.0 0.0 0.0 0.0 0.0 -1.0 0.0 -0.2 0.0 0.0 -14.657009622915
0.0 0.0 0.0 0.0 0.0 0.0 0.0 -1.0 0.0 0.2 0.0 0.0 -14.65295349726
0.0 0.0 0.0 0.0 0.0 0.0 0.0 -1.0 0.0 0.6 0.0 0.0 -14.625582542103
0.0 0.0 0.0 0.0 0.0 0.0 0.0 -1.0 0.0 1.0 0.0 0.0 -14.581687714591
0.0 0.0 0.0 0.0 0.0 0.0 0.0 -0.6 0.0 -1.0 0.0 0.0 -14.577878334178
0.0 0.0 0.0 0.0 0.0 0.0 0.0 -0.6 0.0 -0.6 0.0 0.0 -14.665613600425
0.0 0.0 0.0 0.0 0.0 0.0 0.0 -0.6 0.0 -0.2 0.0 0.0 -14.698884843132
0.0 0.0 0.0 0.0 0.0 0.0 0.0 -0.6 0.0 0.2 0.0 0.0 -14.697649142688
0.0 0.0 0.0 0.0 0.0 0.0 0.0 -0.6 0.0 0.6 0.0 0.0 -14.673584791591
0.0 0.0 0.0 0.0 0.0 0.0 0.0 -0.6 0.0 1.0 0.0 0.0 -14.633292460964
0.0 0.0 0.0 0.0 0.0 0.0 0.0 -0.2 0.0 -1.0 0.0 0.0 -14.596327866847
0.0 0.0 0.0 0.0 0.0 0.0 0.0 -0.2 0.0 -0.6 0.0 0.0 -14.683932212102
0.0 0.0 0.0 0.0 0.0 0.0 0.0 -0.2 0.0 -0.2 0.0 0.0 -14.717927441878
0.0 0.0 0.0 0.0 0.0 0.0 0.0 -0.2 0.0 0.2 0.0 0.0 -14.718197020108
0.0 0.0 0.0 0.0 0.0 0.0 0.0 -0.2 0.0 0.6 0.0 0.0 -14.696258513365
0.0 0.0 0.0 0.0 0.0 0.0 0.0 -0.2 0.0 1.0 0.0 0.0 -14.65847619527
0.0 0.0 0.0 0.0 0.0 0.0 0.0 0.2 0.0 -1.0 0.0 0.0 -14.596328032722
0.0 0.0 0.0 0.0 0.0 0.0 0.0 0.2 0.0 -0.6 0.0 0.0 -14.683932006776
0.0 0.0 0.0 0.0 0.0 0.0 0.0 0.2 0.0 -0.2 0.0 0.0 -14.717927120867
0.0 0.0 0.0 0.0 0.0 0.0 0.0 0.2 0.0 0.2 0.0 0.0 -14.718196720648
0.0 0.0 0.0 0.0 0.0 0.0 0.0 0.2 0.0 0.6 0.0 0.0 -14.696258297699
0.0 0.0 0.0 0.0 0.0 0.0 0.0 0.2 0.0 1.0 0.0 0.0 -14.658476072944
0.0 0.0 0.0 0.0 0.0 0.0 0.0 0.6 0.0 -1.0 0.0 0.0 -14.577877721006
0.0 0.0 0.0 0.0 0.0 0.0 0.0 0.6 0.0 -0.6 0.0 0.0 -14.665612244422
0.0 0.0 0.0 0.0 0.0 0.0 0.0 0.6 0.0 -0.2 0.0 0.0 -14.698883558388
0.0 0.0 0.0 0.0 0.0 0.0 0.0 0.6 0.0 0.2 0.0 0.0 -14.697648305125
0.0 0.0 0.0 0.0 0.0 0.0 0.0 0.6 0.0 0.6 0.0 0.0 -14.673584480289
0.0 0.0 0.0 0.0 0.0 0.0 0.0 0.6 0.0 1.0 0.0 0.0 -14.633292550353
0.0 0.0 0.0 0.0 0.0 0.0 0.0 1.0 0.0 -1.0 0.0 0.0 -14.539526890556
0.0 0.0 0.0 0.0 0.0 0.0 0.0 1.0 0.0 -0.6 0.0 0.0 -14.62590486759
0.0 0.0 0.0 0.0 0.0 0.0 0.0 1.0 0.0 -0.2 0.0 0.0 -14.657006920021
0.0 0.0 0.0 0.0 0.0 0.0 0.0 1.0 0.0 0.2 0.0 0.0 -14.652951674551
0.0 0.0 0.0 0.0 0.0 0.0 0.0 1.0 0.0 0.6 0.0 0.0 -14.625581620397
0.0 0.0 0.0 0.0 0.0 0.0 0.0 1.0 0.0 1.0 0.0 0.0 -14.581687359724
0.0 0.0 0.0 0.0 0.0 0.0 0.0 -1.0 0.0 0.0 -1.0 0.0 -14.561687940278
0.0 0.0 0.0 0.0 0.0 0.0 0.0 -1.0 0.0 0.0 -0.6 0.0 -14.643861219038
0.0 0.0 0.0 0.0 0.0 0.0 0.0 -1.0 0.0 0.0 -0.2 0.0 -14.662653713746
0.0 0.0 0.0 0.0 0.0 0.0 0.0 -1.0 0.0 0.0 0.2 0.0 -14.648771143092
0.0 0.0 0.0 0.0 0.0 0.0 0.0 -1.0 0.0 0.0 0.6 0.0 -14.619358390116
0.0 0.0 0.0 0.0 0.0 0.0 0.0 -1.0 0.0 0.0 1.0 0.0 -14.583778362193
0.0 0.0 0.0 0.0 0.0 0.0 0.0 -0.6 0.0 0.0 -1.0 0.0 -14.478517217081
0.0 0.0 0.0 0.0 0.0 0.0 0.0 -0.6 0.0 0.0 -0.6 0.0 -14.651467702135
0.0 0.0 0.0 0.0 0.0 0.0 0.0 -0.6 0.0 0.0 -0.2 0.0 -14.700616838195
0.0 0.0 0.0 0.0 0.0 0.0 0.0 -0.6 0.0 0.0 0.2 0.0 -14.693944989991
0.0 0.0 0.0 0.0 0.0 0.0 0.0 -0.6 0.0 0.0 0.6 0.0 -14.663381062554
0.0 0.0 0.0 0.0 0.0 0.0 0.0 -0.6 0.0 0.0 1.0 0.0 -14.624077206883
0.0 0.0 0.0 0.0 0.0 0.0 0.0 -0.2 0.0 0.0 -1.0 0.0 -14.378716799809
0.0 0.0 0.0 0.0 0.0 0.0 0.0 -0.2 0.0 0.0 -0.6 0.0 -14.638380853595
0.0 0.0 0.0 0.0 0.0 0.0 0.0 -0.2 0.0 0.0 -0.2 0.0 -14.715272441815
0.0 0.0 0.0 0.0 0.0 0.0 0.0 -0.2 0.0 0.0 0.2 0.0 -14.715927405606
0.0 0.0 0.0 0.0 0.0 0.0 0.0 -0.2 0.0 0.0 0.6 0.0 -14.685817588303
0.0 0.0 0.0 0.0 0.0 0.0 0.0 -0.2 0.0 0.0 1.0 0.0 -14.644754230248
0.0 0.0 0.0 0.0 0.0 0.0 0.0 0.2 0.0 0.0 -1.0 0.0 -14.378717027233
0.0 0.0 0.0 0.0 0.0 0.0 0.0 0.2 0.0 0.0 -0.6 0.0 -14.638380626512
0.0 0.0 0.0 0.0 0.0 0.0 0.0 0.2 0.0 0.0 -0.2 0.0 -14.715272126571
0.0 0.0 0.0 0.0 0.0 0.0 0.0 0.2 0.0 0.0 0.2 0.0 -14.715927085304
0.0 0.0 0.0 0.0 0.0 0.0 0.0 0.2 0.0 0.0 0.6 0.0 -14.685817279777
0.0 0.0 0.0 0.0 0.0 0.0 0.0 0.2 0.0 0.0 1.0 0.0 -14.644753932969
0.0 0.0 0.0 0.0 0.0 0.0 0.0 0.6 0.0 0.0 -1.0 0.0 -14.478518101307
0.0 0.0 0.0 0.0 0.0 0.0 0.0 0.6 0.0 0.0 -0.6 0.0 -14.651467022516
0.0 0.0 0.0 0.0 0.0 0.0 0.0 0.6 0.0 0.0 -0.2 0.0 -14.700615791605
0.0 0.0 0.0 0.0 0.0 0.0 0.0 0.6 0.0 0.0 0.2 0.0 -14.69394389949
0.0 0.0 0.0 0.0 0.0 0.0 0.0 0.6 0.0 0.0 0.6 0.0 -14.66338000747
0.0 0.0 0.0 0.0 0.0 0.0 0.0 0.6 0.0 0.0 1.0 0.0 -14.624076192272
0.0 0.0 0.0 0.0 0.0 0.0 0.0 1.0 0.0 0.0 -1.0 0.0 -14.561688157419
0.0 0.0 0.0 0.0 0.0 0.0 0.0 1.0 0.0 0.0 -0.6 0.0 -14.643859487351
0.0 0.0 0.0 0.0 0.0 0.0 0.0 1.0 0.0 0.0 -0.2 0.0 -14.662651471177
0.0 0.0 0.0 0.0 0.0 0.0 0.0 1.0 0.0 0.0 0.2 0.0 -14.648768857918
0.0 0.0 0.0 0.0 0.0 0.0 0.0 1.0 0.0 0.0 0.6 0.0 -14.619356189508
0.0 0.0 0.0 0.0 0.0 0.0 0.0 1.0 0.0 0.0 1.0 0.0 -14.583776265892
0.0 0.0 0.0 0.0 0.0 0.0 0.0 -1.0 0.0 0.0 0.0 -1.0 -14.571863406788
0.0 0.0 0.0 0.0 0.0 0.0 0.0 -1.0 0.0 0.0 0.0 -0.6 -14.631637484437
0.0 0.0 0.0 0.0 0.0 0.0 0.0 -1.0 0.0 0.0 0.0 -0.2 -14.655842651006
0.0 0.0 0.0 0.0 0.0 0.0 0.0 -1.0 0.0 0.0 0.0 0.2 -14.655517874226
0.0 0.0 0.0 0.0 0.0 0.0 0.0 -1.0 0.0 0.0 0.0 0.6 -14.631048181803
0.0 0.0 0.0 0.0 0.0 0.0 0.0 -1.0 0.0 0.0 0.0 1.0 -14.572368671463
0.0 0.0 0.0 0.0 0.0 0.0 0.0 -0.6 0.0 0.0 0.0 -1.0 -14.549721422011
0.0 0.0 0.0 0.0 0.0 0.0 0.0 -0.6 0.0 0.0 0.0 -0.6 -14.657115773119
0.0 0.0 0.0 0.0 0.0 0.0 0.0 -0.6 0.0 0.0 0.0 -0.2 -14.697303652529
0.0 0.0 0.0 0.0 0.0 0.0 0.0 -0.6 0.0 0.0 0.0 0.2 -14.697203189594
0.0 0.0 0.0 0.0 0.0 0.0 0.0 -0.6 0.0 0.0 0.0 0.6 -14.657293778253
0.0 0.0 0.0 0.0 0.0 0.0 0.0 -0.6 0.0 0.0 0.0 1.0 -14.551990609717
0.0 0.0 0.0 0.0 0.0 0.0 0.0 -0.2 0.0 0.0 0.0 -1.0 -14.510818921712
0.0 0.0 0.0 0.0 0.0 0.0 0.0 -0.2 0.0 0.0 0.0 -0.6 -14.661825406811
0.0 0.0 0.0 0.0 0.0 0.0 0.0 -0.2 0.0 0.0 0.0 -0.2 -14.715576994855
0.0 0.0 0.0 0.0 0.0 0.0 0.0 -0.2 0.0 0.0 0.0 0.2 -14.715582767732
0.0 0.0 0.0 0.0 0.0 0.0 0.0 -0.2 0.0 0.0 0.0 0.6 -14.662081430617
0.0 0.0 0.0 0.0 0.0 0.0 0.0 -0.2 0.0 0.0 0.0 1.0 -14.512292087606
0.0 0.0 0.0 0.0 0.0 0.0 0.0 0.2 0.0 0.0 0.0 -1.0 -14.512319667096
0.0 0.0 0.0 0.0 0.0 0.0 0.0 0.2 0.0 0.0 0.0 -0.6 -14.662085352128
0.0 0.0 0.0 0.0 0.0 0.0 0.0 0.2 0.0 0.0 0.0 -0.2 -14.715582358867
0.0 0.0 0.0 0.0 0.0 0.0 0.0 0.2 0.0 0.0 0.0 0.2 -14.715576753036
0.0 0.0 0.0 0.0 0.0 0.0 0.0 0.2 0.0 0.0 0.0 0.6 -14.661820748828
0.0 0.0 0.0 0.0 0.0 0.0 0.0 0.2 0.0 0.0 0.0 1.0 -14.510790202068
0.0 0.0 0.0 0.0 0.0 0.0 0.0 0.6 0.0 0.0 0.0 -1.0 -14.551989768112
0.0 0.0 0.0 0.0 0.0 0.0 0.0 0.6 0.0 0.0 0.0 -0.6 -14.657289971725
0.0 0.0 0.0 0.0 0.0 0.0 0.0 0.6 0.0 0.0 0.0 -0.2 -14.697200808511
0.0 0.0 0.0 0.0 0.0 0.0 0.0 0.6 0.0 0.0 0.0 0.2 -14.697303859749
0.0 0.0 0.0 0.0 0.0 0.0 0.0 0.6 0.0 0.0 0.0 0.6 -14.657117370149
0.0 0.0 0.0 0.0 0.0 0.0 0.0 0.6 0.0 0.0 0.0 1.0 -14.549719770838
0.0 0.0 0.0 0.0 0.0 0.0 0.0 1.0 0.0 0.0 0.0 -1.0 -14.572353404837
0.0 0.0 0.0 0.0 0.0 0.0 0.0 1.0 0.0 0.0 0.0 -0.6 -14.63104073246
0.0 0.0 0.0 0.0 0.0 0.0 0.0 1.0 0.0 0.0 0.0 -0.2 -14.655514169178
0.0 0.0 0.0 0.0 0.0 0.0 0.0 1.0 0.0 0.0 0.0 0.2 -14.655841786528
0.0 0.0 0.0 0.0 0.0 0.0 0.0 1.0 0.0 0.0 0.0 0.6 -14.631640485476
0.0 0.0 0.0 0.0 0.0 0.0 0.0 1.0 0.0 0.0 0.0 1.0 -14.571874497924
0.0 0.0 0.0 0.0 0.0 0.0 0.0 0.0 -1.0 -1.0 0.0 0.0 -14.576116669796
0.0 0.0 0.0 0.0 0.0 0.0 0.0 0.0 -1.0 -0.6 0.0 0.0 -14.635863204841
0.0 0.0 0.0 0.0 0.0 0.0 0.0 0.0 -1.0 -0.2 0.0 0.0 -14.661218924384
0.0 0.0 0.0 0.0 0.0 0.0 0.0 0.0 -1.0 0.2 0.0 0.0 -14.664541586819
0.0 0.0 0.0 0.0 0.0 0.0 0.0 0.0 -1.0 0.6 0.0 0.0 -14.653215809504
0.0 0.0 0.0 0.0 0.0 0.0 0.0 0.0 -1.0 1.0 0.0 0.0 -14.631509603013
0.0 0.0 0.0 0.0 0.0 0.0 0.0 0.0 -0.6 -1.0 0.0 0.0 -14.602520928932
0.0 0.0 0.0 0.0 0.0 0.0 0.0 0.0 -0.6 -0.6 0.0 0.0 -14.671985914542
0.0 0.0 0.0 0.0 0.0 0.0 0.0 0.0 -0.6 -0.2 0.0 0.0 -14.69968916419
0.0 0.0 0.0 0.0 0.0 0.0 0.0 0.0 -0.6 0.2 0.0 0.0 -14.700940023182
0.0 0.0 0.0 0.0 0.0 0.0 0.0 0.0 -0.6 0.6 0.0 0.0 -14.684829525598
0.0 0.0 0.0 0.0 0.0 0.0 0.0 0.0 -0.6 1.0 0.0 0.0 -14.656537962144
0.0 0.0 0.0 0.0 0.0 0.0 0.0 0.0 -0.2 -1.0 0.0 0.0 -14.605767692259
0.0 0.0 0.0 0.0 0.0 0.0 0.0 0.0 -0.2 -0.6 0.0 0.0 -14.686630151869
0.0 0.0 0.0 0.0 0.0 0.0 0.0 0.0 -0.2 -0.2 0.0 0.0 -14.718114847595
0.0 0.0 0.0 0.0 0.0 0.0 0.0 0.0 -0.2 0.2 0.0 0.0 -14.718577979979
0.0 0.0 0.0 0.0 0.0 0.0 0.0 0.0 -0.2 0.6 0.0 0.0 -14.69871700251
0.0 0.0 0.0 0.0 0.0 0.0 0.0 0.0 -0.2 1.0 0.0 0.0 -14.664459751401
0.0 0.0 0.0 0.0 0.0 0.0 0.0 0.0 0.2 -1.0 0.0 0.0 -14.585906006216
0.0 0.0 0.0 0.0 0.0 0.0 0.0 0.0 0.2 -0.6 0.0 0.0 -14.680610925044
0.0 0.0 0.0 0.0 0.0 0.0 0.0 0.0 0.2 -0.2 0.0 0.0 -14.717470007278
0.0 0.0 0.0 0.0 0.0 0.0 0.0 0.0 0.2 0.2 0.0 0.0 -14.717919933613
0.0 0.0 0.0 0.0 0.0 0.0 0.0 0.0 0.2 0.6 0.0 0.0 -14.69430453975
0.0 0.0 0.0 0.0 0.0 0.0 0.0 0.0 0.2 1.0 0.0 0.0 -14.653418612136
0.0 0.0 0.0 0.0 0.0 0.0 0.0 0.0 0.6 -1.0 0.0 0.0 -14.544506706331
0.0 0.0 0.0 0.0 0.0 0.0 0.0 0.0 0.6 -0.6 0.0 0.0 -14.653932221109
0.0 0.0 0.0 0.0 0.0 0.0 0.0 0.0 0.6 -0.2 0.0 0.0 -14.696091777638
0.0 0.0 0.0 0.0 0.0 0.0 0.0 0.0 0.6 0.2 0.0 0.0 -14.6958097265
0.0 0.0 0.0 0.0 0.0 0.0 0.0 0.0 0.6 0.6 0.0 0.0 -14.667411229096
0.0 0.0 0.0 0.0 0.0 0.0 0.0 0.0 0.6 1.0 0.0 0.0 -14.618879841121
0.0 0.0 0.0 0.0 0.0 0.0 0.0 0.0 1.0 -1.0 0.0 0.0 -14.479193909138
0.0 0.0 0.0 0.0 0.0 0.0 0.0 0.0 1.0 -0.6 0.0 0.0 -14.602474349273
0.0 0.0 0.0 0.0 0.0 0.0 0.0 0.0 1.0 -0.2 0.0 0.0 -14.649178813091
0.0 0.0 0.0 0.0 0.0 0.0 0.0 0.0 1.0 0.2 0.0 0.0 -14.647732915368
0.0 0.0 0.0 0.0 0.0 0.0 0.0 0.0 1.0 0.6 0.0 0.0 -14.614595830319
0.0 0.0 0.0 0.0 0.0 0.0 0.0 0.0 1.0 1.0 0.0 0.0 -14.559003234211
0.0 0.0 0.0 0.0 0.0 0.0 0.0 0.0 -1.0 0.0 -1.0 0.0 -14.554221038586
0.0 0.0 0.0 0.0 0.0 0.0 0.0 0.0 -1.0 0.0 -0.6 0.0 -14.645799722484
0.0 0.0 0.0 0.0 0.0 0.0 0.0 0.0 -1.0 0.0 -0.2 0.0 -14.668290757248
0.0 0.0 0.0 0.0 0.0 0.0 0.0 0.0 -1.0 0.0 0.2 0.0 -14.656063886783
0.0 0.0 0.0 0.0 0.0 0.0 0.0 0.0 -1.0 0.0 0.6 0.0 -14.627707639764
0.0 0.0 0.0 0.0 0.0 0.0 0.0 0.0 -1.0 0.0 1.0 0.0 -14.593082392505
0.0 0.0 0.0 0.0 0.0 0.0 0.0 0.0 -0.6 0.0 -1.0 0.0 -14.466745065905
0.0 0.0 0.0 0.0 0.0 0.0 0.0 0.0 -0.6 0.0 -0.6 0.0 -14.648911582464
0.0 0.0 0.0 0.0 0.0 0.0 0.0 0.0 -0.6 0.0 -0.2 0.0 -14.701170198091
0.0 0.0 0.0 0.0 0.0 0.0 0.0 0.0 -0.6 0.0 0.2 0.0 -14.695622341893
0.0 0.0 0.0 0.0 0.0 0.0 0.0 0.0 -0.6 0.0 0.6 0.0 -14.665627932464
0.0 0.0 0.0 0.0 0.0 0.0 0.0 0.0 -0.6 0.0 1.0 0.0 -14.626749104741
0.0 0.0 0.0 0.0 0.0 0.0 0.0 0.0 -0.2 0.0 -1.0 0.0 -14.374695855886
0.0 0.0 0.0 0.0 0.0 0.0 0.0 0.0 -0.2 0.0 -0.6 0.0 -14.637415159651
0.0 0.0 0.0 0.0 0.0 0.0 0.0 0.0 -0.2 0.0 -0.2 0.0 -14.715146274102
0.0 0.0 0.0 0.0 0.0 0.0 0.0 0.0 -0.2 0.0 0.2 0.0 -14.715999362225
0.0 0.0 0.0 0.0 0.0 0.0 0.0 0.0 -0.2 0.0 0.6 0.0 -14.685935286115
0.0 0.0 0.0 0.0 0.0 0.0 0.0 0.0 -0.2 0.0 1.0 0.0 -14.644891637032
0.0 0.0 0.0 0.0 0.0 0.0 0.0 0.0 0.2 0.0 -1.0 0.0 -14.379783121208
0.0 0.0 0.0 0.0 0.0 0.0 0.0 0.0 0.2 0.0 -0.6 0.0 -14.638234963318
0.0 0.0 0.0 0.0 0.0 0.0 0.0 0.0 0.2 0.0 -0.2 0.0 -14.715076778449
0.0 0.0 0.0 0.0 0.0 0.0 0.0 0.0 0.2 0.0 0.2 0.0 -14.715951434537
0.0 0.0 0.0 0.0 0.0 0.0 0.0 0.0 0.2 0.0 0.6 0.0 -14.686072590793
0.0 0.0 0.0 0.0 0.0 0.0 0.0 0.0 0.2 0.0 1.0 0.0 -14.645204423939
0.0 0.0 0.0 0.0 0.0 0.0 0.0 0.0 0.6 0.0 -1.0 0.0 -14.470683190659
0.0 0.0 0.0 0.0 0.0 0.0 0.0 0.0 0.6 0.0 -0.6 0.0 -14.646118692619
0.0 0.0 0.0 0.0 0.0 0.0 0.0 0.0 0.6 0.0 -0.2 0.0 -14.697897025318
0.0 0.0 0.0 0.0 0.0 0.0 0.0 0.0 0.6 0.0 0.2 0.0 -14.693498760881
0.0 0.0 0.0 0.0 0.0 0.0 0.0 0.0 0.6 0.0 0.6 0.0 -14.664778853256
0.0 0.0 0.0 0.0 0.0 0.0 0.0 0.0 0.6 0.0 1.0 0.0 -14.626987431406
0.0 0.0 0.0 0.0 0.0 0.0 0.0 0.0 1.0 0.0 -1.0 0.0 -14.535484272963
0.0 0.0 0.0 0.0 0.0 0.0 0.0 0.0 1.0 0.0 -0.6 0.0 -14.627065343284
0.0 0.0 0.0 0.0 0.0 0.0 0.0 0.0 1.0 0.0 -0.2 0.0 -14.653906274924
0.0 0.0 0.0 0.0 0.0 0.0 0.0 0.0 1.0 0.0 0.2 0.0 -14.646676177975
0.0 0.0 0.0 0.0 0.0 0.0 0.0 0.0 1.0 0.0 0.6 0.0 -14.622699338743
0.0 0.0 0.0 0.0 0.0 0.0 0.0 0.0 1.0 0.0 1.0 0.0 -14.591609506837
0.0 0.0 0.0 0.0 0.0 0.0 0.0 0.0 -1.0 0.0 0.0 -1.0 -14.574889446567
0.0 0.0 0.0 0.0 0.0 0.0 0.0 0.0 -1.0 0.0 0.0 -0.6 -14.637038383159
0.0 0.0 0.0 0.0 0.0 0.0 0.0 0.0 -1.0 0.0 0.0 -0.2 -14.66220179093
0.0 0.0 0.0 0.0 0.0 0.0 0.0 0.0 -1.0 0.0 0.0 0.2 -14.662201068337
0.0 0.0 0.0 0.0 0.0 0.0 0.0 0.0 -1.0 0.0 0.0 0.6 -14.637031772844
0.0 0.0 0.0 0.0 0.0 0.0 0.0 0.0 -1.0 0.0 0.0 1.0 -14.574860600789
0.0 0.0 0.0 0.0 0.0 0.0 0.0 0.0 -0.6 0.0 0.0 -1.0 -14.54822054217
0.0 0.0 0.0 0.0 0.0 0.0 0.0 0.0 -0.6 0.0 0.0 -0.6 -14.657554670853
0.0 0.0 0.0 0.0 0.0 0.0 0.0 0.0 -0.6 0.0 0.0 -0.2 -14.698417439264
0.0 0.0 0.0 0.0 0.0 0.0 0.0 0.0 -0.6 0.0 0.0 0.2 -14.698416533234
0.0 0.0 0.0 0.0 0.0 0.0 0.0 0.0 -0.6 0.0 0.0 0.6 -14.657546496457
0.0 0.0 0.0 0.0 0.0 0.0 0.0 0.0 -0.6 0.0 0.0 1.0 -14.548183108762
0.0 0.0 0.0 0.0 0.0 0.0 0.0 0.0 -0.2 0.0 0.0 -1.0 -14.510467875974
0.0 0.0 0.0 0.0 0.0 0.0 0.0 0.0 -0.2 0.0 0.0 -0.6 -14.661733663391
0.0 0.0 0.0 0.0 0.0 0.0 0.0 0.0 -0.2 0.0 0.0 -0.2 -14.715571355736
0.0 0.0 0.0 0.0 0.0 0.0 0.0 0.0 -0.2 0.0 0.0 0.2 -14.715571060182
0.0 0.0 0.0 0.0 0.0 0.0 0.0 0.0 -0.2 0.0 0.0 0.6 -14.661727514849
0.0 0.0 0.0 0.0 0.0 0.0 0.0 0.0 -0.2 0.0 0.0 1.0 -14.510433236277
0.0 0.0 0.0 0.0 0.0 0.0 0.0 0.0 0.2 0.0 0.0 -1.0 -14.511529364462
0.0 0.0 0.0 0.0 0.0 0.0 0.0 0.0 0.2 0.0 0.0 -0.6 -14.661823419179
0.0 0.0 0.0 0.0 0.0 0.0 0.0 0.0 0.2 0.0 0.0 -0.2 -14.71547735156
0.0 0.0 0.0 0.0 0.0 0.0 0.0 0.0 0.2 0.0 0.0 0.2 -14.715477066607
0.0 0.0 0.0 0.0 0.0 0.0 0.0 0.0 0.2 0.0 0.0 0.6 -14.661817310526
0.0 0.0 0.0 0.0 0.0 0.0 0.0 0.0 0.2 0.0 0.0 1.0 -14.511494875762
0.0 0.0 0.0 0.0 0.0 0.0 0.0 0.0 0.6 0.0 0.0 -1.0 -14.546803761401
0.0 0.0 0.0 0.0 0.0 0.0 0.0 0.0 0.6 0.0 0.0 -0.6 -14.654850474778
0.0 0.0 0.0 0.0 0.0 0.0 0.0 0.0 0.6 0.0 0.0 -0.2 -14.695636585275
0.0 0.0 0.0 0.0 0.0 0.0 0.0 0.0 0.6 0.0 0.0 0.2 -14.6956358149
0.0 0.0 0.0 0.0 0.0 0.0 0.0 0.0 0.6 0.0 0.0 0.6 -14.654842786025
0.0 0.0 0.0 0.0 0.0 0.0 0.0 0.0 0.6 0.0 0.0 1.0 -14.546767567172
0.0 0.0 0.0 0.0 0.0 0.0 0.0 0.0 1.0 0.0 0.0 -1.0 -14.561866300657
0.0 0.0 0.0 0.0 0.0 0.0 0.0 0.0 1.0 0.0 0.0 -0.6 -14.624415682114
0.0 0.0 0.0 0.0 0.0 0.0 0.0 0.0 1.0 0.0 0.0 -0.2 -14.650245769043
0.0 0.0 0.0 0.0 0.0 0.0 0.0 0.0 1.0 0.0 0.0 0.2 -14.65024543254
0.0 0.0 0.0 0.0 0.0 0.0 0.0 0.0 1.0 0.0 0.0 0.6 -14.624410369469
0.0 0.0 0.0 0.0 0.0 0.0 0.0 0.0 1.0 0.0 0.0 1.0 -14.561840180941
0.0 0.0 0.0 0.0 0.0 0.0 0.0 0.0 0.0 -1.0 -1.0 0.0 -14.274786540035
0.0 0.0 0.0 0.0 0.0 0.0 0.0 0.0 0.0 -1.0 -0.6 0.0 -14.529713122675
0.0 0.0 0.0 0.0 0.0 0.0 0.0 0.0 0.0 -1.0 -0.2 0.0 -14.598103320004
0.0 0.0 0.0 0.0 0.0 0.0 0.0 0.0 0.0 -1.0 0.2 0.0 -14.586685053499
0.0 0.0 0.0 0.0 0.0 0.0 0.0 0.0 0.0 -1.0 0.6 0.0 -14.542044899086
0.0 0.0 0.0 0.0 0.0 0.0 0.0 0.0 0.0 -1.0 1.0 0.0 -14.484881381031
0.0 0.0 0.0 0.0 0.0 0.0 0.0 0.0 0.0 -0.6 -1.0 0.0 -14.326350723302
0.0 0.0 0.0 0.0 0.0 0.0 0.0 0.0 0.0 -0.6 -0.6 0.0 -14.601377154819
0.0 0.0 0.0 0.0 0.0 0.0 0.0 0.0 0.0 -0.6 -0.2 0.0 -14.680948098365
0.0 0.0 0.0 0.0 0.0 0.0 0.0 0.0 0.0 -0.6 0.2 0.0 -14.678765027235
0.0 0.0 0.0 0.0 0.0 0.0 0.0 0.0 0.0 -0.6 0.6 0.0 -14.643332905843
0.0 0.0 0.0 0.0 0.0 0.0 0.0 0.0 0.0 -0.6 1.0 0.0 -14.595781797776
0.0 0.0 0.0 0.0 0.0 0.0 0.0 0.0 0.0 -0.2 -1.0 0.0 -14.352806335398
0.0 0.0 0.0 0.0 0.0 0.0 0.0 0.0 0.0 -0.2 -0.6 0.0 -14.630895168576
0.0 0.0 0.0 0.0 0.0 0.0 0.0 0.0 0.0 -0.2 -0.2 0.0 -14.713289269662
0.0 0.0 0.0 0.0 0.0 0.0 0.0 0.0 0.0 -0.2 0.2 0.0 -14.714756405747
0.0 0.0 0.0 0.0 0.0 0.0 0.0 0.0 0.0 -0.2 0.6 0.0 -14.683717688401
0.0 0.0 0.0 0.0 0.0 0.0 0.0 0.0 0.0 -0.2 1.0 0.0 -14.641062915816
0.0 0.0 0.0 0.0 0.0 0.0 0.0 0.0 0.0 0.2 -1.0 0.0 -14.369673192252
0.0 0.0 0.0 0.0 0.0 0.0 0.0 0.0 0.0 0.2 -0.6 0.0 -14.635376120878
0.0 0.0 0.0 0.0 0.0 0.0 0.0 0.0 0.0 0.2 -0.2 0.0 -14.714059219172
0.0 0.0 0.0 0.0 0.0 0.0 0.0 0.0 0.0 0.2 0.2 0.0 -14.715500329183
0.0 0.0 0.0 0.0 0.0 0.0 0.0 0.0 0.0 0.2 0.6 0.0 -14.68604360755
0.0 0.0 0.0 0.0 0.0 0.0 0.0 0.0 0.0 0.2 1.0 0.0 -14.645688487146
0.0 0.0 0.0 0.0 0.0 0.0 0.0 0.0 0.0 0.6 -1.0 0.0 -14.383231256971
0.0 0.0 0.0 0.0 0.0 0.0 0.0 0.0 0.0 0.6 -0.6 0.0 -14.62402870678
0.0 0.0 0.0 0.0 0.0 0.0 0.0 0.0 0.0 0.6 -0.2 0.0 -14.694096257542
0.0 0.0 0.0 0.0 0.0 0.0 0.0 0.0 0.0 0.6 0.2 0.0 -14.693100752491
0.0 0.0 0.0 0.0 0.0 0.0 0.0 0.0 0.0 0.6 0.6 0.0 -14.663607688471
0.0 0.0 0.0 0.0 0.0 0.0 0.0 0.0 0.0 0.6 1.0 0.0 -14.624167650223
0.0 0.0 0.0 0.0 0.0 0.0 0.0 0.0 0.0 1.0 -1.0 0.0 -14.393776005282
0.0 0.0 0.0 0.0 0.0 0.0 0.0 0.0 0.0 1.0 -0.6 0.0 -14.6011020832
0.0 0.0 0.0 0.0 0.0 0.0 0.0 0.0 0.0 1.0 -0.2 0.0 -14.659230121705
0.0 0.0 0.0 0.0 0.0 0.0 0.0 0.0 0.0 1.0 0.2 0.0 -14.654292088844
0.0 0.0 0.0 0.0 0.0 0.0 0.0 0.0 0.0 1.0 0.6 0.0 -14.623869715574
0.0 0.0 0.0 0.0 0.0 0.0 0.0 0.0 0.0 1.0 1.0 0.0 -14.584645435629
0.0 0.0 0.0 0.0 0.0 0.0 0.0 0.0 0.0 -1.0 0.0 -1.0 -14.383037095502
0.0 0.0 0.0 0.0 0.0 0.0 0.0 0.0 0.0 -1.0 0.0 -0.6 -14.536747080277
0.0 0.0 0.0 0.0 0.0 0.0 0.0 0.0 0.0 -1.0 0.0 -0.2 -14.592477864917
0.0 0.0 0.0 0.0 0.0 0.0 0.0 0.0 0.0 -1.0 0.0 0.2 -14.592478159752
0.0 0.0 0.0 0.0 0.0 0.0 0.0 0.0 0.0 -1.0 0.0 0.6 -14.536742841481
0.0 0.0 0.0 0.0 0.0 0.0 0.0 0.0 0.0 -1.0 0.0 1.0 -14.383006752029
0.0 0.0 0.0 0.0 0.0 0.0 0.0 0.0 0.0 -0.6 0.0 -1.0 -14.462395655341
0.0 0.0 0.0 0.0 0.0 0.0 0.0 0.0 0.0 -0.6 0.0 -0.6 -14.622620799984
0.0 0.0 0.0 0.0 0.0 0.0 0.0 0.0 0.0 -0.6 0.0 -0.2 -14.679876658286
0.0 0.0 0.0 0.0 0.0 0.0 0.0 0.0 0.0 -0.6 0.0 0.2 -14.679876623131
0.0 0.0 0.0 0.0 0.0 0.0 0.0 0.0 0.0 -0.6 0.0 0.6 -14.622615402382
0.0 0.0 0.0 0.0 0.0 0.0 0.0 0.0 0.0 -0.6 0.0 1.0 -14.462362186028
0.0 0.0 0.0 0.0 0.0 0.0 0.0 0.0 0.0 -0.2 0.0 -1.0 -14.497176319864
0.0 0.0 0.0 0.0 0.0 0.0 0.0 0.0 0.0 -0.2 0.0 -0.6 -14.657263461978
0.0 0.0 0.0 0.0 0.0 0.0 0.0 0.0 0.0 -0.2 0.0 -0.2 -14.714012128796
0.0 0.0 0.0 0.0 0.0 0.0 0.0 0.0 0.0 -0.2 0.0 0.2 -14.714011974777
0.0 0.0 0.0 0.0 0.0 0.0 0.0 0.0 0.0 -0.2 0.0 0.6 -14.657257743299
0.0 0.0 0.0 0.0 0.0 0.0 0.0 0.0 0.0 -0.2 0.0 1.0 -14.49714225638
0.0 0.0 0.0 0.0 0.0 0.0 0.0 0.0 0.0 0.2 0.0 -1.0 -14.507286604365
0.0 0.0 0.0 0.0 0.0 0.0 0.0 0.0 0.0 0.2 0.0 -0.6 -14.660521377087
0.0 0.0 0.0 0.0 0.0 0.0 0.0 0.0 0.0 0.2 0.0 -0.2 -14.71475629217
0.0 0.0 0.0 0.0 0.0 0.0 0.0 0.0 0.0 0.2 0.0 0.2 -14.714756145632
0.0 0.0 0.0 0.0 0.0 0.0 0.0 0.0 0.0 0.2 0.0 0.6 -14.660515913291
0.0 0.0 0.0 0.0 0.0 0.0 0.0 0.0 0.0 0.2 0.0 1.0 -14.507254042468
0.0 0.0 0.0 0.0 0.0 0.0 0.0 0.0 0.0 0.6 0.0 -1.0 -14.502982169707
0.0 0.0 0.0 0.0 0.0 0.0 0.0 0.0 0.0 0.6 0.0 -0.6 -14.643586404416
0.0 0.0 0.0 0.0 0.0 0.0 0.0 0.0 0.0 0.6 0.0 -0.2 -14.693573173132
0.0 0.0 0.0 0.0 0.0 0.0 0.0 0.0 0.0 0.6 0.0 0.2 -14.693573105888
0.0 0.0 0.0 0.0 0.0 0.0 0.0 0.0 0.0 0.6 0.0 0.6 -14.643581575832
0.0 0.0 0.0 0.0 0.0 0.0 0.0 0.0 0.0 0.6 0.0 1.0 -14.502952696876
0.0 0.0 0.0 0.0 0.0 0.0 0.0 0.0 0.0 1.0 0.0 -1.0 -14.488443585746
0.0 0.0 0.0 0.0 0.0 0.0 0.0 0.0 0.0 1.0 0.0 -0.6 -14.612291048645
0.0 0.0 0.0 0.0 0.0 0.0 0.0 0.0 0.0 1.0 0.0 -0.2 -14.656742149411
0.0 0.0 0.0 0.0 0.0 0.0 0.0 0.0 0.0 1.0 0.0 0.2 -14.656742197026
0.0 0.0 0.0 0.0 0.0 0.0 0.0 0.0 0.0 1.0 0.0 0.6 -14.61228707792
0.0 0.0 0.0 0.0 0.0 0.0 0.0 0.0 0.0 1.0 0.0 1.0 -14.488418219968
0.0 0.0 0.0 0.0 0.0 0.0 0.0 0.0 0.0 0.0 -1.0 -1.0 -12.365578380658
0.0 0.0 0.0 0.0 0.0 0.0 0.0 0.0 0.0 0.0 -1.0 -0.6 -13.803472411585
0.0 0.0 0.0 0.0 0.0 0.0 0.0 0.0 0.0 0.0 -1.0 -0.2 -14.307099970489
0.0 0.0 0.0 0.0 0.0 0.0 0.0 0.0 0.0 0.0 -1.0 0.2 -14.307121380908
0.0 0.0 0.0 0.0 0.0 0.0 0.0 0.0 0.0 0.0 -1.0 0.6 -13.803522403098
0.0 0.0 0.0 0.0 0.0 0.0 0.0 0.0 0.0 0.0 -1.0 1.0 -12.365577515405
0.0 0.0 0.0 0.0 0.0 0.0 0.0 0.0 0.0 0.0 -0.6 -1.0 -13.812111142792
0.0 0.0 0.0 0.0 0.0 0.0 0.0 0.0 0.0 0.0 -0.6 -0.6 -14.402390552378
0.0 0.0 0.0 0.0 0.0 0.0 0.0 0.0 0.0 0.0 -0.6 -0.2 -14.61265544954
0.0 0.0 0.0 0.0 0.0 0.0 0.0 0.0 0.0 0.0 -0.6 0.2 -14.612659180456
0.0 0.0 0.0 0.0 0.0 0.0 0.0 0.0 0.0 0.0 -0.6 0.6 -14.402390489271
0.0 0.0 0.0 0.0 0.0 0.0 0.0 0.0 0.0 0.0 -0.6 1.0 -13.812054342681
0.0 0.0 0.0 0.0 0.0 0.0 0.0 0.0 0.0 0.0 -0.2 -1.0 -14.374840208568
0.0 0.0 0.0 0.0 0.0 0.0 0.0 0.0 0.0 0.0 -0.2 -0.6 -14.62021371931
0.0 0.0 0.0 0.0 0.0 0.0 0.0 0.0 0.0 0.0 -0.2 -0.2 -14.707340621211
0.0 0.0 0.0 0.0 0.0 0.0 0.0 0.0 0.0 0.0 -0.2 0.2 -14.707340641956
0.0 0.0 0.0 0.0 0.0 0.0 0.0 0.0 0.0 0.0 -0.2 0.6 -14.620206892743
0.0 0.0 0.0 0.0 0.0 0.0 0.0 0.0 0.0 0.0 -0.2 1.0 -14.374796148468
0.0 0.0 0.0 0.0 0.0 0.0 0.0 0.0 0.0 0.0 0.2 -1.0 -14.578978603742
0.0 0.0 0.0 0.0 0.0 0.0 0.0 0.0 0.0 0.0 0.2 -0.6 -14.679408817185
0.0 0.0 0.0 0.0 0.0 0.0 0.0 0.0 0.0 0.0 0.2 -0.2 -14.71479241892
0.0 0.0 0.0 0.0 0.0 0.0 0.0 0.0 0.0 0.0 0.2 0.2 -14.714792441973
0.0 0.0 0.0 0.0 0.0 0.0 0.0 0.0 0.0 0.0 0.2 0.6 -14.6794050858
0.0 0.0 0.0 0.0 0.0 0.0 0.0 0.0 0.0 0.0 0.2 1.0 -14.578954893163
0.0 0.0 0.0 0.0 0.0 0.0 0.0 0.0 0.0 0.0 0.6 -1.0 -14.634041190575
0.0 0.0 0.0 0.0 0.0 0.0 0.0 0.0 0.0 0.0 0.6 -0.6 -14.673669951296
0.0 0.0 0.0 0.0 0.0 0.0 0.0 0.0 0.0 0.0 0.6 -0.2 -14.687185928459
0.0 0.0 0.0 0.0 0.0 0.0 0.0 0.0 0.0 0.0 0.6 0.2 -14.687186596489
0.0 0.0 0.0 0.0 0.0 0.0 0.0 0.0 0.0 0.0 0.6 0.6 -14.673669973129
0.0 0.0 0.0 0.0 0.0 0.0 0.0 0.0 0.0 0.0 0.6 1.0 -14.63403232074
0.0 0.0 0.0 0.0 0.0 0.0 0.0 0.0 0.0 0.0 1.0 -1.0 -14.628622739267
0.0 0.0 0.0 0.0 0.0 0.0 0.0 0.0 0.0 0.0 1.0 -0.6 -14.642410336471
0.0 0.0 0.0 0.0 0.0 0.0 0.0 0.0 0.0 0.0 1.0 -0.2 -14.646874974295
0.0 0.0 0.0 0.0 0.0 0.0 0.0 0.0 0.0 0.0 1.0 0.2 -14.646876141297
0.0 0.0 0.0 0.0 0.0 0.0 0.0 0.0 0.0 0.0 1.0 0.6 -14.642412908984
0.0 0.0 0.0 0.0 0.0 0.0 0.0 0.0 0.0 0.0 1.0 1.0 -14.628622655252
