# header
0.0 0.0 0.0 0.0 0.0 0.0 0.0 0.0 0.0 0.0 0.0 0.0 0.0 -9.428527357748
-1.0 0.0 0.0 0.0 0.0 0.0 0.0 0.0 0.0 0.0 0.0 0.0 0.0 -9.385613652584
-0.6 0.0 0.0 0.0 0.0 0.0 0.0 0.0 0.0 0.0 0.0 0.0 0.0 -9.419866049015
-0.2 0.0 0.0 0.0 0.0 0.0 0.0 0.0 0.0 0.0 0.0 0.0 0.0 -9.428084261452
0.2 0.0 0.0 0.0 0.0 0.0 0.0 0.0 0.0 0.0 0.0 0.0 0.0 -9.428084261452
0.6 0.0 0.0 0.0 0.0 0.0 0.0 0.0 0.0 0.0 0.0 0.0 0.0 -9.419866049005
1.0 0.0 0.0 0.0 0.0 0.0 0.0 0.0 0.0 0.0 0.0 0.0 0.0 -9.385613652574
0.0 -1.0 0.0 0.0 0.0 0.0 0.0 0.0 0.0 0.0 0.0 0.0 0.0 -9.385613652672
0.0 -0.6 0.0 0.0 0.0 0.0 0.0 0.0 0.0 0.0 0.0 0.0 0.0 -9.419866049345
0.0 -0.2 0.0 0.0 0.0 0.0 0.0 0.0 0.0 0.0 0.0 0.0 0.0 -9.428084261429
0.0 0.2 0.0 0.0 0.0 0.0 0.0 0.0 0.0 0.0 0.0 0.0 0.0 -9.428084261429
0.0 0.6 0.0 0.0 0.0 0.0 0.0 0.0 0.0 0.0 0.0 0.0 0.0 -9.419866049331
0.0 1.0 0.0 0.0 0.0 0.0 0.0 0.0 0.0 0.0 0.0 0.0 0.0 -9.385613652626
0.0 0.0 -1.0 0.0 0.0 0.0 0.0 0.0 0.0 0.0 0.0 0.0 0.0 -9.394283692376
0.0 0.0 -0.6 0.0 0.0 0.0 0.0 0.0 0.0 0.0 0.0 0.0 0.0 -9.419699145485
0.0 0.0 -0.2 0.0 0.0 0.0 0.0 0.0 0.0 0.0 0.0 0.0 0.0 -9.42778055072
0.0 0.0 0.2 0.0 0.0 0.0 0.0 0.0 0.0 0.0 0.0 0.0 0.0 -9.427780553067
0.0 0.0 0.6 0.0 0.0 0.0 0.0 0.0 0.0 0.0 0.0 0.0 0.0 -9.419699206805
0.0 0.0 1.0 0.0 0.0 0.0 0.0 0.0 0.0 0.0 0.0 0.0 0.0 -9.394283956786
0.0 0.0 0.0 -1.0 0.0 0.0 0.0 0.0 0.0 0.0 0.0 0.0 0.0 -9.394283631234
0.0 0.0 0.0 -0.6 0.0 0.0 0.0 0.0 0.0 0.0 0.0 0.0 0.0 -9.419699131305
0.0 0.0 0.0 -0.2 0.0 0.0 0.0 0.0 0.0 0.0 0.0 0.0 0.0 -9.427780550179
0.0 0.0 0.0 0.2 0.0 0.0 0.0 0.0 0.0 0.0 0.0 0.0 0.0 -9.427780553609
0.0 0.0 0.0 0.6 0.0 0.0 0.0 0.0 0.0 0.0 0.0 0.0 0.0 -9.419699221004
0.0 0.0 0.0 1.0 0.0 0.0 0.0 0.0 0.0 0.0 0.0 0.0 0.0 -9.394284018034
0.0 0.0 0.0 0.0 -1.0 0.0 0.0 0.0 0.0 0.0 0.0 0.0 0.0 -9.350090419082
0.0 0.0 0.0 0.0 -0.6 0.0 0.0 0.0 0.0 0.0 0.0 0.0 0.0 -9.407679233229
0.0 0.0 0.0 0.0 -0.2 0.0 0.0 0.0 0.0 0.0 0.0 0.0 0.0 -9.427203371648
0.0 0.0 0.0 0.0 0.2 0.0 0.0 0.0 0.0 0.0 0.0 0.0 0.0 -9.427203371647
0.0 0.0 0.0 0.0 0.6 0.0 0.0 0.0 0.0 0.0 0.0 0.0 0.0 -9.407679233231
0.0 0.0 0.0 0.0 1.0 0.0 0.0 0.0 0.0 0.0 0.0 0.0 0.0 -9.350090419417
0.0 0.0 0.0 0.0 0.0 -1.0 0.0 0.0 0.0 0.0 0.0 0.0 0.0 -9.350090419661
0.0 0.0 0.0 0.0 0.0 -0.6 0.0 0.0 0.0 0.0 0.0 0.0 0.0 -9.407679233249
0.0 0.0 0.0 0.0 0.0 -0.2 0.0 0.0 0.0 0.0 0.0 0.0 0.0 -9.427203371648
0.0 0.0 0.0 0.0 0.0 0.2 0.0 0.0 0.0 0.0 0.0 0.0 0.0 -9.427203371648
0.0 0.0 0.0 0.0 0.0 0.6 0.0 0.0 0.0 0.0 0.0 0.0 0.0 -9.407679233263
0.0 0.0 0.0 0.0 0.0 1.0 0.0 0.0 0.0 0.0 0.0 0.0 0.0 -9.350090419976
0.0 0.0 0.0 0.0 0.0 0.0 -1.0 0.0 0.0 0.0 0.0 0.0 0.0 -9.361036479246
0.0 0.0 0.0 0.0 0.0 0.0 -0.6 0.0 0.0 0.0 0.0 0.0 0.0 -9.409930278432
0.0 0.0 0.0 0.0 0.0 0.0 -0.2 0.0 0.0 0.0 0.0 0.0 0.0 -9.427119080086
0.0 0.0 0.0 0.0 0.0 0.0 0.2 0.0 0.0 0.0 0.0 0.0 0.0 -9.427119084224
0.0 0.0 0.0 0.0 0.0 0.0 0.6 0.0 0.0 0.0 0.0 0.0 0.0 -9.409930359857
0.0 0.0 0.0 0.0 0.0 0.0 1.0 0.0 0.0 0.0 0.0 0.0 0.0 -9.361036702192
0.0 0.0 0.0 0.0 0.0 0.0 0.0 -1.0 0.0 0.0 0.0 0.0 0.0 -9.36103640987
0.0 0.0 0.0 0.0 0.0 0.0 0.0 -0.6 0.0 0.0 0.0 0.0 0.0 -9.409930253091
0.0 0.0 0.0 0.0 0.0 0.0 0.0 -0.2 0.0 0.0 0.0 0.0 0.0 -9.4271190788
0.0 0.0 0.0 0.0 0.0 0.0 0.0 0.2 0.0 0.0 0.0 0.0 0.0 -9.427119085512
0.0 0.0 0.0 0.0 0.0 0.0 0.0 0.6 0.0 0.0 0.0 0.0 0.0 -9.409930385222
0.0 0.0 0.0 0.0 0.0 0.0 0.0 1.0 0.0 0.0 0.0 0.0 0.0 -9.36103677166
0.0 0.0 0.0 0.0 0.0 0.0 0.0 0.0 -1.0 0.0 0.0 0.0 0.0 -9.365063726604
0.0 0.0 0.0 0.0 0.0 0.0 0.0 0.0 -0.6 0.0 0.0 0.0 0.0 -9.408828048297
0.0 0.0 0.0 0.0 0.0 0.0 0.0 0.0 -0.2 0.0 0.0 0.0 0.0 -9.4266221299
0.0 0.0 0.0 0.0 0.0 0.0 0.0 0.0 0.2 0.0 0.0 0.0 0.0 -9.426852846771
0.0 0.0 0.0 0.0 0.0 0.0 0.0 0.0 0.6 0.0 0.0 0.0 0.0 -9.415178926613
0.0 0.0 0.0 0.0 0.0 0.0 0.0 0.0 1.0 0.0 0.0 0.0 0.0 -9.395431553476
0.0 0.0 0.0 0.0 0.0 0.0 0.0 0.0 0.0 -1.0 0.0 0.0 0.0 -9.317975692685
0.0 0.0 0.0 0.0 0.0 0.0 0.0 0.0 0.0 -0.6 0.0 0.0 0.0 -9.39020133899
0.0 0.0 0.0 0.0 0.0 0.0 0.0 0.0 0.0 -0.2 0.0 0.0 0.0 -9.424349154279
0.0 0.0 0.0 0.0 0.0 0.0 0.0 0.0 0.0 0.2 0.0 0.0 0.0 -9.424349154284
0.0 0.0 0.0 0.0 0.0 0.0 0.0 0.0 0.0 0.6 0.0 0.0 0.0 -9.390201338989
0.0 0.0 0.0 0.0 0.0 0.0 0.0 0.0 0.0 1.0 0.0 0.0 0.0 -9.317975692621
0.0 0.0 0.0 0.0 0.0 0.0 0.0 0.0 0.0 0.0 -1.0 0.0 0.0 -9.332523903341
0.0 0.0 0.0 0.0 0.0 0.0 0.0 0.0 0.0 0.0 -0.6 0.0 0.0 -9.392708191294
0.0 0.0 0.0 0.0 0.0 0.0 0.0 0.0 0.0 0.0 -0.2 0.0 0.0 -9.424304098588
0.0 0.0 0.0 0.0 0.0 0.0 0.0 0.0 0.0 0.0 0.2 0.0 0.0 -9.423963803421
0.0 0.0 0.0 0.0 0.0 0.0 0.0 0.0 0.0 0.0 0.6 0.0 0.0 -9.383504338076
0.0 0.0 0.0 0.0 0.0 0.0 0.0 0.0 0.0 0.0 1.0 0.0 0.0 -9.28984725029
0.0 0.0 0.0 0.0 0.0 0.0 0.0 0.0 0.0 0.0 0.0 -1.0 0.0 -9.339067305812
0.0 0.0 0.0 0.0 0.0 0.0 0.0 0.0 0.0 0.0 0.0 -0.6 0.0 -9.388554560772
0.0 0.0 0.0 0.0 0.0 0.0 0.0 0.0 0.0 0.0 0.0 -0.2 0.0 -9.422847432842
0.0 0.0 0.0 0.0 0.0 0.0 0.0 0.0 0.0 0.0 0.0 0.2 0.0 -9.420992606065
0.0 0.0 0.0 0.0 0.0 0.0 0.0 0.0 0.0 0.0 0.0 0.6 0.0 -9.335032513507
0.0 0.0 0.0 0.0 0.0 0.0 0.0 0.0 0.0 0.0 0.0 1.0 0.0 -9.055297800883
0.0 0.0 0.0 0.0 0.0 0.0 0.0 0.0 0.0 0.0 0.0 0.0 -1.0 -9.197415954795
0.0 0.0 0.0 0.0 0.0 0.0 0.0 0.0 0.0 0.0 0.0 0.0 -0.6 -9.361779505362
0.0 0.0 0.0 0.0 0.0 0.0 0.0 0.0 0.0 0.0 0.0 0.0 -0.2 -9.421913958685
0.0 0.0 0.0 0.0 0.0 0.0 0.0 0.0 0.0 0.0 0.0 0.0 0.2 -9.421913957021
0.0 0.0 0.0 0.0 0.0 0.0 0.0 0.0 0.0 0.0 0.0 0.0 0.6 -9.361779456124
0.0 0.0 0.0 0.0 0.0 0.0 0.0 0.0 0.0 0.0 0.0 0.0 1.0 -9.197415672071
-1.0 -1.0 0.0 0.0 0.0 0.0 0.0 0.0 0.0 0.0 0.0 0.0 0.0 -9.308763959748
-1.0 -0.6 0.0 0.0 0.0 0.0 0.0 0.0 0.0 0.0 0.0 0.0 0.0 -9.359958665901
-1.0 -0.2 0.0 0.0 0.0 0.0 0.0 0.0 0.0 0.0 0.0 0.0 0.0 -9.382931864973
-1.0 0.2 0.0 0.0 0.0 0.0 0.0 0.0 0.0 0.0 0.0 0.0 0.0 -9.382931864959
-1.0 0.6 0.0 0.0 0.0 0.0 0.0 0.0 0.0 0.0 0.0 0.0 0.0 -9.359958665857
-1.0 1.0 0.0 0.0 0.0 0.0 0.0 0.0 0.0 0.0 0.0 0.0 0.0 -9.308763959667
-0.6 -1.0 0.0 0.0 0.0 0.0 0.0 0.0 0.0 0.0 0.0 0.0 0.0 -9.359958665966
-0.6 -0.6 0.0 0.0 0.0 0.0 0.0 0.0 0.0 0.0 0.0 0.0 0.0 -9.402852907192
-0.6 -0.2 0.0 0.0 0.0 0.0 0.0 0.0 0.0 0.0 0.0 0.0 0.0 -9.418330479621
-0.6 0.2 0.0 0.0 0.0 0.0 0.0 0.0 0.0 0.0 0.0 0.0 0.0 -9.418330479491
-0.6 0.6 0.0 0.0 0.0 0.0 0.0 0.0 0.0 0.0 0.0 0.0 0.0 -9.402852907158
-0.6 1.0 0.0 0.0 0.0 0.0 0.0 0.0 0.0 0.0 0.0 0.0 0.0 -9.359958665899
-0.2 -1.0 0.0 0.0 0.0 0.0 0.0 0.0 0.0 0.0 0.0 0.0 0.0 -9.382931865057
-0.2 -0.6 0.0 0.0 0.0 0.0 0.0 0.0 0.0 0.0 0.0 0.0 0.0 -9.418330479552
-0.2 -0.2 0.0 0.0 0.0 0.0 0.0 0.0 0.0 0.0 0.0 0.0 0.0 -9.427498626911
-0.2 0.2 0.0 0.0 0.0 0.0 0.0 0.0 0.0 0.0 0.0 0.0 0.0 -9.427498626849
-0.2 0.6 0.0 0.0 0.0 0.0 0.0 0.0 0.0 0.0 0.0 0.0 0.0 -9.418330479584
-0.2 1.0 0.0 0.0 0.0 0.0 0.0 0.0 0.0 0.0 0.0 0.0 0.0 -9.382931865005
0.2 -1.0 0.0 0.0 0.0 0.0 0.0 0.0 0.0 0.0 0.0 0.0 0.0 -9.38293186505
0.2 -0.6 0.0 0.0 0.0 0.0 0.0 0.0 0.0 0.0 0.0 0.0 0.0 -9.418330479597
0.2 -0.2 0.0 0.0 0.0 0.0 0.0 0.0 0.0 0.0 0.0 0.0 0.0 -9.427498626849
0.2 0.2 0.0 0.0 0.0 0.0 0.0 0.0 0.0 0.0 0.0 0.0 0.0 -9.427498626909
0.2 0.6 0.0 0.0 0.0 0.0 0.0 0.0 0.0 0.0 0.0 0.0 0.0 -9.418330479536
0.2 1.0 0.0 0.0 0.0 0.0 0.0 0.0 0.0 0.0 0.0 0.0 0.0 -9.382931865008
0.6 -1.0 0.0 0.0 0.0 0.0 0.0 0.0 0.0 0.0 0.0 0.0 0.0 -9.359958665947
0.6 -0.6 0.0 0.0 0.0 0.0 0.0 0.0 0.0 0.0 0.0 0.0 0.0 -9.402852907176
0.6 -0.2 0.0 0.0 0.0 0.0 0.0 0.0 0.0 0.0 0.0 0.0 0.0 -9.418330479494
0.6 0.2 0.0 0.0 0.0 0.0 0.0 0.0 0.0 0.0 0.0 0.0 0.0 -9.418330479606
0.6 0.6 0.0 0.0 0.0 0.0 0.0 0.0 0.0 0.0 0.0 0.0 0.0 -9.402852907165
0.6 1.0 0.0 0.0 0.0 0.0 0.0 0.0 0.0 0.0 0.0 0.0 0.0 -9.359958665903
1.0 -1.0 0.0 0.0 0.0 0.0 0.0 0.0 0.0 0.0 0.0 0.0 0.0 -9.308763959718
1.0 -0.6 0.0 0.0 0.0 0.0 0.0 0.0 0.0 0.0 0.0 0.0 0.0 -9.359958665878
1.0 -0.2 0.0 0.0 0.0 0.0 0.0 0.0 0.0 0.0 0.0 0.0 0.0 -9.382931864958
1.0 0.2 0.0 0.0 0.0 0.0 0.0 0.0 0.0 0.0 0.0 0.0 0.0 -9.382931864954
1.0 0.6 0.0 0.0 0.0 0.0 0.0 0.0 0.0 0.0 0.0 0.0 0.0 -9.359958665857
1.0 1.0 0.0 0.0 0.0 0.0 0.0 0.0 0.0 0.0 0.0 0.0 0.0 -9.308763959669
-1.0 0.0 -1.0 0.0 0.0 0.0 0.0 0.0 0.0 0.0 0.0 0.0 0.0 -9.328215596876
-1.0 0.0 -0.6 0.0 0.0 0.0 0.0 0.0 0.0 0.0 0.0 0.0 0.0 -9.366340285857
-1.0 0.0 -0.2 0.0 0.0 0.0 0.0 0.0 0.0 0.0 0.0 0.0 0.0 -9.383567793897
-1.0 0.0 0.2 0.0 0.0 0.0 0.0 0.0 0.0 0.0 0.0 0.0 0.0 -9.383567885046
-1.0 0.0 0.6 0.0 0.0 0.0 0.0 0.0 0.0 0.0 0.0 0.0 0.0 -9.366340535004
-1.0 0.0 1.0 0.0 0.0 0.0 0.0 0.0 0.0 0.0 0.0 0.0 0.0 -9.32821598482
-0.6 0.0 -1.0 0.0 0.0 0.0 0.0 0.0 0.0 0.0 0.0 0.0 0.0 -9.37254560722
-0.6 0.0 -0.6 0.0 0.0 0.0 0.0 0.0 0.0 0.0 0.0 0.0 0.0 -9.405160484264
-0.6 0.0 -0.2 0.0 0.0 0.0 0.0 0.0 0.0 0.0 0.0 0.0 0.0 -9.418388275404
-0.6 0.0 0.2 0.0 0.0 0.0 0.0 0.0 0.0 0.0 0.0 0.0 0.0 -9.418388306004
-0.6 0.0 0.6 0.0 0.0 0.0 0.0 0.0 0.0 0.0 0.0 0.0 0.0 -9.405160593939
-0.6 0.0 1.0 0.0 0.0 0.0 0.0 0.0 0.0 0.0 0.0 0.0 0.0 -9.372545869382
-0.2 0.0 -1.0 0.0 0.0 0.0 0.0 0.0 0.0 0.0 0.0 0.0 0.0 -9.392014415559
-0.2 0.0 -0.6 0.0 0.0 0.0 0.0 0.0 0.0 0.0 0.0 0.0 0.0 -9.418433726027
-0.2 0.0 -0.2 0.0 0.0 0.0 0.0 0.0 0.0 0.0 0.0 0.0 0.0 -9.427234991486
-0.2 0.0 0.2 0.0 0.0 0.0 0.0 0.0 0.0 0.0 0.0 0.0 0.0 -9.427234996335
-0.2 0.0 0.6 0.0 0.0 0.0 0.0 0.0 0.0 0.0 0.0 0.0 0.0 -9.418433790299
-0.2 0.0 1.0 0.0 0.0 0.0 0.0 0.0 0.0 0.0 0.0 0.0 0.0 -9.392014674975
0.2 0.0 -1.0 0.0 0.0 0.0 0.0 0.0 0.0 0.0 0.0 0.0 0.0 -9.392014415675
0.2 0.0 -0.6 0.0 0.0 0.0 0.0 0.0 0.0 0.0 0.0 0.0 0.0 -9.418433726126
0.2 0.0 -0.2 0.0 0.0 0.0 0.0 0.0 0.0 0.0 0.0 0.0 0.0 -9.427234991531
0.2 0.0 0.2 0.0 0.0 0.0 0.0 0.0 0.0 0.0 0.0 0.0 0.0 -9.42723499629
0.2 0.0 0.6 0.0 0.0 0.0 0.0 0.0 0.0 0.0 0.0 0.0 0.0 -9.418433790199
0.2 0.0 1.0 0.0 0.0 0.0 0.0 0.0 0.0 0.0 0.0 0.0 0.0 -9.392014674858
0.6 0.0 -1.0 0.0 0.0 0.0 0.0 0.0 0.0 0.0 0.0 0.0 0.0 -9.372545608466
0.6 0.0 -0.6 0.0 0.0 0.0 0.0 0.0 0.0 0.0 0.0 0.0 0.0 -9.405160485002
0.6 0.0 -0.2 0.0 0.0 0.0 0.0 0.0 0.0 0.0 0.0 0.0 0.0 -9.418388275649
0.6 0.0 0.2 0.0 0.0 0.0 0.0 0.0 0.0 0.0 0.0 0.0 0.0 -9.418388305753
0.6 0.0 0.6 0.0 0.0 0.0 0.0 0.0 0.0 0.0 0.0 0.0 0.0 -9.405160593195
0.6 0.0 1.0 0.0 0.0 0.0 0.0 0.0 0.0 0.0 0.0 0.0 0.0 -9.372545868127
1.0 0.0 -1.0 0.0 0.0 0.0 0.0 0.0 0.0 0.0 0.0 0.0 0.0 -9.328215600162
1.0 0.0 -0.6 0.0 0.0 0.0 0.0 0.0 0.0 0.0 0.0 0.0 0.0 -9.36634028747
1.0 0.0 -0.2 0.0 0.0 0.0 0.0 0.0 0.0 0.0 0.0 0.0 0.0 -9.383567794333
1.0 0.0 0.2 0.0 0.0 0.0 0.0 0.0 0.0 0.0 0.0 0.0 0.0 -9.383567884589
1.0 0.0 0.6 0.0 0.0 0.0 0.0 0.0 0.0 0.0 0.0 0.0 0.0 -9.366340533368
1.0 0.0 1.0 0.0 0.0 0.0 0.0 0.0 0.0 0.0 0.0 0.0 0.0 -9.328215981508
-1.0 0.0 0.0 -1.0 0.0 0.0 0.0 0.0 0.0 0.0 0.0 0.0 0.0 -9.319710614789
-1.0 0.0 0.0 -0.6 0.0 0.0 0.0 0.0 0.0 0.0 0.0 0.0 0.0 -9.362366397838
-1.0 0.0 0.0 -0.2 0.0 0.0 0.0 0.0 0.0 0.0 0.0 0.0 0.0 -9.383067470198
-1.0 0.0 0.0 0.2 0.0 0.0 0.0 0.0 0.0 0.0 0.0 0.0 0.0 -9.383067983833
-1.0 0.0 0.0 0.6 0.0 0.0 0.0 0.0 0.0 0.0 0.0 0.0 0.0 -9.362367700807
-1.0 0.0 0.0 1.0 0.0 0.0 0.0 0.0 0.0 0.0 0.0 0.0 0.0 -9.319712198592
-0.6 0.0 0.0 -1.0 0.0 0.0 0.0 0.0 0.0 0.0 0.0 0.0 0.0 -9.366941652596
-0.6 0.0 0.0 -0.6 0.0 0.0 0.0 0.0 0.0 0.0 0.0 0.0 0.0 -9.402455397565
-0.6 0.0 0.0 -0.2 0.0 0.0 0.0 0.0 0.0 0.0 0.0 0.0 0.0 -9.418041158657
-0.6 0.0 0.0 0.2 0.0 0.0 0.0 0.0 0.0 0.0 0.0 0.0 0.0 -9.418041438389
-0.6 0.0 0.0 0.6 0.0 0.0 0.0 0.0 0.0 0.0 0.0 0.0 0.0 -9.40245612639
-0.6 0.0 0.0 1.0 0.0 0.0 0.0 0.0 0.0 0.0 0.0 0.0 0.0 -9.366942633316
-0.2 0.0 0.0 -1.0 0.0 0.0 0.0 0.0 0.0 0.0 0.0 0.0 0.0 -9.391188594806
-0.2 0.0 0.0 -0.6 0.0 0.0 0.0 0.0 0.0 0.0 0.0 0.0 0.0 -9.41802604101
-0.2 0.0 0.0 -0.2 0.0 0.0 0.0 0.0 0.0 0.0 0.0 0.0 0.0 -9.427182010861
-0.2 0.0 0.0 0.2 0.0 0.0 0.0 0.0 0.0 0.0 0.0 0.0 0.0 -9.427182052331
-0.2 0.0 0.0 0.6 0.0 0.0 0.0 0.0 0.0 0.0 0.0 0.0 0.0 -9.418026217124
-0.2 0.0 0.0 1.0 0.0 0.0 0.0 0.0 0.0 0.0 0.0 0.0 0.0 -9.39118905878
0.2 0.0 0.0 -1.0 0.0 0.0 0.0 0.0 0.0 0.0 0.0 0.0 0.0 -9.391188594629
0.2 0.0 0.0 -0.6 0.0 0.0 0.0 0.0 0.0 0.0 0.0 0.0 0.0 -9.418026040858
0.2 0.0 0.0 -0.2 0.0 0.0 0.0 0.0 0.0 0.0 0.0 0.0 0.0 -9.427182010793
0.2 0.0 0.0 0.2 0.0 0.0 0.0 0.0 0.0 0.0 0.0 0.0 0.0 -9.427182052399
0.2 0.0 0.0 0.6 0.0 0.0 0.0 0.0 0.0 0.0 0.0 0.0 0.0 -9.418026217273
0.2 0.0 0.0 1.0 0.0 0.0 0.0 0.0 0.0 0.0 0.0 0.0 0.0 -9.391189058949
0.6 0.0 0.0 -1.0 0.0 0.0 0.0 0.0 0.0 0.0 0.0 0.0 0.0 -9.36694165064
0.6 0.0 0.0 -0.6 0.0 0.0 0.0 0.0 0.0 0.0 0.0 0.0 0.0 -9.402455396409
0.6 0.0 0.0 -0.2 0.0 0.0 0.0 0.0 0.0 0.0 0.0 0.0 0.0 -9.41804115828
0.6 0.0 0.0 0.2 0.0 0.0 0.0 0.0 0.0 0.0 0.0 0.0 0.0 -9.418041438759
0.6 0.0 0.0 0.6 0.0 0.0 0.0 0.0 0.0 0.0 0.0 0.0 0.0 -9.402456127533
0.6 0.0 0.0 1.0 0.0 0.0 0.0 0.0 0.0 0.0 0.0 0.0 0.0 -9.36694263525
1.0 0.0 0.0 -1.0 0.0 0.0 0.0 0.0 0.0 0.0 0.0 0.0 0.0 -9.319710609459
1.0 0.0 0.0 -0.6 0.0 0.0 0.0 0.0 0.0 0.0 0.0 0.0 0.0 -9.362366395252
1.0 0.0 0.0 -0.2 0.0 0.0 0.0 0.0 0.0 0.0 0.0 0.0 0.0 -9.383067469512
1.0 0.0 0.0 0.2 0.0 0.0 0.0 0.0 0.0 0.0 0.0 0.0 0.0 -9.383067984499
1.0 0.0 0.0 0.6 0.0 0.0 0.0 0.0 0.0 0.0 0.0 0.0 0.0 -9.362367703368
1.0 0.0 0.0 1.0 0.0 0.0 0.0 0.0 0.0 0.0 0.0 0.0 0.0 -9.319712203892
-1.0 0.0 0.0 0.0 -1.0 0.0 0.0 0.0 0.0 0.0 0.0 0.0 0.0 -9.305750604651
-1.0 0.0 0.0 0.0 -0.6 0.0 0.0 0.0 0.0 0.0 0.0 0.0 0.0 -9.363106869401
-1.0 0.0 0.0 0.0 -0.2 0.0 0.0 0.0 0.0 0.0 0.0 0.0 0.0 -9.384289629457
-1.0 0.0 0.0 0.0 0.2 0.0 0.0 0.0 0.0 0.0 0.0 0.0 0.0 -9.383869133887
-1.0 0.0 0.0 0.0 0.6 0.0 0.0 0.0 0.0 0.0 0.0 0.0 0.0 -9.365483886003
-1.0 0.0 0.0 0.0 1.0 0.0 0.0 0.0 0.0 0.0 0.0 0.0 0.0 -9.312038797286
-0.6 0.0 0.0 0.0 -1.0 0.0 0.0 0.0 0.0 0.0 0.0 0.0 0.0 -9.338962767663
-0.6 0.0 0.0 0.0 -0.6 0.0 0.0 0.0 0.0 0.0 0.0 0.0 0.0 -9.39756864954
-0.6 0.0 0.0 0.0 -0.2 0.0 0.0 0.0 0.0 0.0 0.0 0.0 0.0 -9.41848357652
-0.6 0.0 0.0 0.0 0.2 0.0 0.0 0.0 0.0 0.0 0.0 0.0 0.0 -9.418406944558
-0.6 0.0 0.0 0.0 0.6 0.0 0.0 0.0 0.0 0.0 0.0 0.0 0.0 -9.399819847305
-0.6 0.0 0.0 0.0 1.0 0.0 0.0 0.0 0.0 0.0 0.0 0.0 0.0 -9.344411048746
-0.2 0.0 0.0 0.0 -1.0 0.0 0.0 0.0 0.0 0.0 0.0 0.0 0.0 -9.348489456459
-0.2 0.0 0.0 0.0 -0.6 0.0 0.0 0.0 0.0 0.0 0.0 0.0 0.0 -9.406676806225
-0.2 0.0 0.0 0.0 -0.2 0.0 0.0 0.0 0.0 0.0 0.0 0.0 0.0 -9.426723707361
-0.2 0.0 0.0 0.0 0.2 0.0 0.0 0.0 0.0 0.0 0.0 0.0 0.0 -9.426772414479
-0.2 0.0 0.0 0.0 0.6 0.0 0.0 0.0 0.0 0.0 0.0 0.0 0.0 -9.407701495064
-0.2 0.0 0.0 0.0 1.0 0.0 0.0 0.0 0.0 0.0 0.0 0.0 0.0 -9.350809281173
0.2 0.0 0.0 0.0 -1.0 0.0 0.0 0.0 0.0 0.0 0.0 0.0 0.0 -9.350809281215
0.2 0.0 0.0 0.0 -0.6 0.0 0.0 0.0 0.0 0.0 0.0 0.0 0.0 -9.407701495116
0.2 0.0 0.0 0.0 -0.2 0.0 0.0 0.0 0.0 0.0 0.0 0.0 0.0 -9.426772414481
0.2 0.0 0.0 0.0 0.2 0.0 0.0 0.0 0.0 0.0 0.0 0.0 0.0 -9.426723707359
0.2 0.0 0.0 0.0 0.6 0.0 0.0 0.0 0.0 0.0 0.0 0.0 0.0 -9.406676806218
0.2 0.0 0.0 0.0 1.0 0.0 0.0 0.0 0.0 0.0 0.0 0.0 0.0 -9.348489455916
0.6 0.0 0.0 0.0 -1.0 0.0 0.0 0.0 0.0 0.0 0.0 0.0 0.0 -9.344411048822
0.6 0.0 0.0 0.0 -0.6 0.0 0.0 0.0 0.0 0.0 0.0 0.0 0.0 -9.399819847315
0.6 0.0 0.0 0.0 -0.2 0.0 0.0 0.0 0.0 0.0 0.0 0.0 0.0 -9.418406944562
0.6 0.0 0.0 0.0 0.2 0.0 0.0 0.0 0.0 0.0 0.0 0.0 0.0 -9.418483576502
0.6 0.0 0.0 0.0 0.6 0.0 0.0 0.0 0.0 0.0 0.0 0.0 0.0 -9.397568649475
0.6 0.0 0.0 0.0 1.0 0.0 0.0 0.0 0.0 0.0 0.0 0.0 0.0 -9.33896276758
1.0 0.0 0.0 0.0 -1.0 0.0 0.0 0.0 0.0 0.0 0.0 0.0 0.0 -9.312038797401
1.0 0.0 0.0 0.0 -0.6 0.0 0.0 0.0 0.0 0.0 0.0 0.0 0.0 -9.365483886063
1.0 0.0 0.0 0.0 -0.2 0.0 0.0 0.0 0.0 0.0 0.0 0.0 0.0 -9.383869133898
1.0 0.0 0.0 0.0 0.2 0.0 0.0 0.0 0.0 0.0 0.0 0.0 0.0 -9.384289629425
1.0 0.0 0.0 0.0 0.6 0.0 0.0 0.0 0.0 0.0 0.0 0.0 0.0 -9.363106869313
1.0 0.0 0.0 0.0 1.0 0.0 0.0 0.0 0.0 0.0 0.0 0.0 0.0 -9.305750604512
-1.0 0.0 0.0 0.0 0.0 -1.0 0.0 0.0 0.0 0.0 0.0 0.0 0.0 -9.318959254073
-1.0 0.0 0.0 0.0 0.0 -0.6 0.0 0.0 0.0 0.0 0.0 0.0 0.0 -9.364413989098
-1.0 0.0 0.0 0.0 0.0 -0.2 0.0 0.0 0.0 0.0 0.0 0.0 0.0 -9.381712343846
-1.0 0.0 0.0 0.0 0.0 0.2 0.0 0.0 0.0 0.0 0.0 0.0 0.0 -9.384203731302
-1.0 0.0 0.0 0.0 0.0 0.6 0.0 0.0 0.0 0.0 0.0 0.0 0.0 -9.353199758333
-1.0 0.0 0.0 0.0 0.0 1.0 0.0 0.0 0.0 0.0 0.0 0.0 0.0 -9.286234884955
-0.6 0.0 0.0 0.0 0.0 -1.0 0.0 0.0 0.0 0.0 0.0 0.0 0.0 -9.353491566585
-0.6 0.0 0.0 0.0 0.0 -0.6 0.0 0.0 0.0 0.0 0.0 0.0 0.0 -9.402346845665
-0.6 0.0 0.0 0.0 0.0 -0.2 0.0 0.0 0.0 0.0 0.0 0.0 0.0 -9.417743113284
-0.6 0.0 0.0 0.0 0.0 0.2 0.0 0.0 0.0 0.0 0.0 0.0 0.0 -9.418207054482
-0.6 0.0 0.0 0.0 0.0 0.6 0.0 0.0 0.0 0.0 0.0 0.0 0.0 -9.390345702817
-0.6 0.0 0.0 0.0 0.0 1.0 0.0 0.0 0.0 0.0 0.0 0.0 0.0 -9.323798201785
-0.2 0.0 0.0 0.0 0.0 -1.0 0.0 0.0 0.0 0.0 0.0 0.0 0.0 -9.355652548861
-0.2 0.0 0.0 0.0 0.0 -0.6 0.0 0.0 0.0 0.0 0.0 0.0 0.0 -9.409723887203
-0.2 0.0 0.0 0.0 0.0 -0.2 0.0 0.0 0.0 0.0 0.0 0.0 0.0 -9.426824808574
-0.2 0.0 0.0 0.0 0.0 0.2 0.0 0.0 0.0 0.0 0.0 0.0 0.0 -9.426556845328
-0.2 0.0 0.0 0.0 0.0 0.6 0.0 0.0 0.0 0.0 0.0 0.0 0.0 -9.404071143832
-0.2 0.0 0.0 0.0 0.0 1.0 0.0 0.0 0.0 0.0 0.0 0.0 0.0 -9.342831214199
0.2 0.0 0.0 0.0 0.0 -1.0 0.0 0.0 0.0 0.0 0.0 0.0 0.0 -9.342831214274
0.2 0.0 0.0 0.0 0.0 -0.6 0.0 0.0 0.0 0.0 0.0 0.0 0.0 -9.404071143848
0.2 0.0 0.0 0.0 0.0 -0.2 0.0 0.0 0.0 0.0 0.0 0.0 0.0 -9.426556845328
0.2 0.0 0.0 0.0 0.0 0.2 0.0 0.0 0.0 0.0 0.0 0.0 0.0 -9.426824808573
0.2 0.0 0.0 0.0 0.0 0.6 0.0 0.0 0.0 0.0 0.0 0.0 0.0 -9.40972388722
0.2 0.0 0.0 0.0 0.0 1.0 0.0 0.0 0.0 0.0 0.0 0.0 0.0 -9.355652548861
0.6 0.0 0.0 0.0 0.0 -1.0 0.0 0.0 0.0 0.0 0.0 0.0 0.0 -9.323798201779
0.6 0.0 0.0 0.0 0.0 -0.6 0.0 0.0 0.0 0.0 0.0 0.0 0.0 -9.39034570281
0.6 0.0 0.0 0.0 0.0 -0.2 0.0 0.0 0.0 0.0 0.0 0.0 0.0 -9.418207054478
0.6 0.0 0.0 0.0 0.0 0.2 0.0 0.0 0.0 0.0 0.0 0.0 0.0 -9.417743113276
0.6 0.0 0.0 0.0 0.0 0.6 0.0 0.0 0.0 0.0 0.0 0.0 0.0 -9.402346845662
0.6 0.0 0.0 0.0 0.0 1.0 0.0 0.0 0.0 0.0 0.0 0.0 0.0 -9.353491566581
1.0 0.0 0.0 0.0 0.0 -1.0 0.0 0.0 0.0 0.0 0.0 0.0 0.0 -9.286234884941
1.0 0.0 0.0 0.0 0.0 -0.6 0.0 0.0 0.0 0.0 0.0 0.0 0.0 -9.353199758318
1.0 0.0 0.0 0.0 0.0 -0.2 0.0 0.0 0.0 0.0 0.0 0.0 0.0 -9.38420373129
1.0 0.0 0.0 0.0 0.0 0.2 0.0 0.0 0.0 0.0 0.0 0.0 0.0 -9.381712343838
1.0 0.0 0.0 0.0 0.0 0.6 0.0 0.0 0.0 0.0 0.0 0.0 0.0 -9.364413989089
1.0 0.0 0.0 0.0 0.0 1.0 0.0 0.0 0.0 0.0 0.0 0.0 0.0 -9.318959254064
-1.0 0.0 0.0 0.0 0.0 0.0 -1.0 0.0 0.0 0.0 0.0 0.0 0.0 -9.318514267309
-1.0 0.0 0.0 0.0 0.0 0.0 -0.6 0.0 0.0 0.0 0.0 0.0 0.0 -9.363619278188
-1.0 0.0 0.0 0.0 0.0 0.0 -0.2 0.0 0.0 0.0 0.0 0.0 0.0 -9.383364363051
-1.0 0.0 0.0 0.0 0.0 0.0 0.2 0.0 0.0 0.0 0.0 0.0 0.0 -9.383364424565
-1.0 0.0 0.0 0.0 0.0 0.0 0.6 0.0 0.0 0.0 0.0 0.0 0.0 -9.363619301808
-1.0 0.0 0.0 0.0 0.0 0.0 1.0 0.0 0.0 0.0 0.0 0.0 0.0 -9.318514077427
-0.6 0.0 0.0 0.0 0.0 0.0 -1.0 0.0 0.0 0.0 0.0 0.0 0.0 -9.352340299637
-0.6 0.0 0.0 0.0 0.0 0.0 -0.6 0.0 0.0 0.0 0.0 0.0 0.0 -9.399871224505
-0.6 0.0 0.0 0.0 0.0 0.0 -0.2 0.0 0.0 0.0 0.0 0.0 0.0 -9.418114435414
-0.6 0.0 0.0 0.0 0.0 0.0 0.2 0.0 0.0 0.0 0.0 0.0 0.0 -9.418114454135
-0.6 0.0 0.0 0.0 0.0 0.0 0.6 0.0 0.0 0.0 0.0 0.0 0.0 -9.399871255287
-0.6 0.0 0.0 0.0 0.0 0.0 1.0 0.0 0.0 0.0 0.0 0.0 0.0 -9.35234031522
-0.2 0.0 0.0 0.0 0.0 0.0 -1.0 0.0 0.0 0.0 0.0 0.0 0.0 -9.360577540419
-0.2 0.0 0.0 0.0 0.0 0.0 -0.6 0.0 0.0 0.0 0.0 0.0 0.0 -9.409320811801
-0.2 0.0 0.0 0.0 0.0 0.0 -0.2 0.0 0.0 0.0 0.0 0.0 0.0 -9.426635301114
-0.2 0.0 0.0 0.0 0.0 0.0 0.2 0.0 0.0 0.0 0.0 0.0 0.0 -9.426635306439
-0.2 0.0 0.0 0.0 0.0 0.0 0.6 0.0 0.0 0.0 0.0 0.0 0.0 -9.409320886517
-0.2 0.0 0.0 0.0 0.0 0.0 1.0 0.0 0.0 0.0 0.0 0.0 0.0 -9.360577737766
0.2 0.0 0.0 0.0 0.0 0.0 -1.0 0.0 0.0 0.0 0.0 0.0 0.0 -9.360577543404
0.2 0.0 0.0 0.0 0.0 0.0 -0.6 0.0 0.0 0.0 0.0 0.0 0.0 -9.409320813815
0.2 0.0 0.0 0.0 0.0 0.0 -0.2 0.0 0.0 0.0 0.0 0.0 0.0 -9.426635301273
0.2 0.0 0.0 0.0 0.0 0.0 0.2 0.0 0.0 0.0 0.0 0.0 0.0 -9.42663530628
0.2 0.0 0.0 0.0 0.0 0.0 0.6 0.0 0.0 0.0 0.0 0.0 0.0 -9.409320884501
0.2 0.0 0.0 0.0 0.0 0.0 1.0 0.0 0.0 0.0 0.0 0.0 0.0 -9.36057773478
0.6 0.0 0.0 0.0 0.0 0.0 -1.0 0.0 0.0 0.0 0.0 0.0 0.0 -9.352340306913
0.6 0.0 0.0 0.0 0.0 0.0 -0.6 0.0 0.0 0.0 0.0 0.0 0.0 -9.399871229431
0.6 0.0 0.0 0.0 0.0 0.0 -0.2 0.0 0.0 0.0 0.0 0.0 0.0 -9.41811443561
0.6 0.0 0.0 0.0 0.0 0.0 0.2 0.0 0.0 0.0 0.0 0.0 0.0 -9.418114453933
0.6 0.0 0.0 0.0 0.0 0.0 0.6 0.0 0.0 0.0 0.0 0.0 0.0 -9.399871250353
0.6 0.0 0.0 0.0 0.0 0.0 1.0 0.0 0.0 0.0 0.0 0.0 0.0 -9.352340307937
1.0 0.0 0.0 0.0 0.0 0.0 -1.0 0.0 0.0 0.0 0.0 0.0 0.0 -9.318514276049
1.0 0.0 0.0 0.0 0.0 0.0 -0.6 0.0 0.0 0.0 0.0 0.0 0.0 -9.363619284089
1.0 0.0 0.0 0.0 0.0 0.0 -0.2 0.0 0.0 0.0 0.0 0.0 0.0 -9.383364362897
1.0 0.0 0.0 0.0 0.0 0.0 0.2 0.0 0.0 0.0 0.0 0.0 0.0 -9.383364424699
1.0 0.0 0.0 0.0 0.0 0.0 0.6 0.0 0.0 0.0 0.0 0.0 0.0 -9.363619295883
1.0 0.0 0.0 0.0 0.0 0.0 1.0 0.0 0.0 0.0 0.0 0.0 0.0 -9.318514068666
-1.0 0.0 0.0 0.0 0.0 0.0 0.0 -1.0 0.0 0.0 0.0 0.0 0.0 -9.321169527292
-1.0 0.0 0.0 0.0 0.0 0.0 0.0 -0.6 0.0 0.0 0.0 0.0 0.0 -9.367209631858
-1.0 0.0 0.0 0.0 0.0 0.0 0.0 -0.2 0.0 0.0 0.0 0.0 0.0 -9.384117714004
-1.0 0.0 0.0 0.0 0.0 0.0 0.0 0.2 0.0 0.0 0.0 0.0 0.0 -9.384117572486
-1.0 0.0 0.0 0.0 0.0 0.0 0.0 0.6 0.0 0.0 0.0 0.0 0.0 -9.367209342179
-1.0 0.0 0.0 0.0 0.0 0.0 0.0 1.0 0.0 0.0 0.0 0.0 0.0 -9.321169224137
-0.6 0.0 0.0 0.0 0.0 0.0 0.0 -1.0 0.0 0.0 0.0 0.0 0.0 -9.353304662583
-0.6 0.0 0.0 0.0 0.0 0.0 0.0 -0.6 0.0 0.0 0.0 0.0 0.0 -9.401259969262
-0.6 0.0 0.0 0.0 0.0 0.0 0.0 -0.2 0.0 0.0 0.0 0.0 0.0 -9.418414914151
-0.6 0.0 0.0 0.0 0.0 0.0 0.0 0.2 0.0 0.0 0.0 0.0 0.0 -9.418414850004
-0.6 0.0 0.0 0.0 0.0 0.0 0.0 0.6 0.0 0.0 0.0 0.0 0.0 -9.401259898022
-0.6 0.0 0.0 0.0 0.0 0.0 0.0 1.0 0.0 0.0 0.0 0.0 0.0 -9.353304700794
-0.2 0.0 0.0 0.0 0.0 0.0 0.0 -1.0 0.0 0.0 0.0 0.0 0.0 -9.36068762516
-0.2 0.0 0.0 0.0 0.0 0.0 0.0 -0.6 0.0 0.0 0.0 0.0 0.0 -9.409481858239
-0.2 0.0 0.0 0.0 0.0 0.0 0.0 -0.2 0.0 0.0 0.0 0.0 0.0 -9.42667059057
-0.2 0.0 0.0 0.0 0.0 0.0 0.0 0.2 0.0 0.0 0.0 0.0 0.0 -9.426670588112
-0.2 0.0 0.0 0.0 0.0 0.0 0.0 0.6 0.0 0.0 0.0 0.0 0.0 -9.409481963782
-0.2 0.0 0.0 0.0 0.0 0.0 0.0 1.0 0.0 0.0 0.0 0.0 0.0 -9.360687944491
0.2 0.0 0.0 0.0 0.0 0.0 0.0 -1.0 0.0 0.0 0.0 0.0 0.0 -9.360687624661
0.2 0.0 0.0 0.0 0.0 0.0 0.0 -0.6 0.0 0.0 0.0 0.0 0.0 -9.409481857899
0.2 0.0 0.0 0.0 0.0 0.0 0.0 -0.2 0.0 0.0 0.0 0.0 0.0 -9.426670590544
0.2 0.0 0.0 0.0 0.0 0.0 0.0 0.2 0.0 0.0 0.0 0.0 0.0 -9.426670588137
0.2 0.0 0.0 0.0 0.0 0.0 0.0 0.6 0.0 0.0 0.0 0.0 0.0 -9.40948196412
0.2 0.0 0.0 0.0 0.0 0.0 0.0 1.0 0.0 0.0 0.0 0.0 0.0 -9.360687944988
0.6 0.0 0.0 0.0 0.0 0.0 0.0 -1.0 0.0 0.0 0.0 0.0 0.0 -9.353304661362
0.6 0.0 0.0 0.0 0.0 0.0 0.0 -0.6 0.0 0.0 0.0 0.0 0.0 -9.401259968411
0.6 0.0 0.0 0.0 0.0 0.0 0.0 -0.2 0.0 0.0 0.0 0.0 0.0 -9.418414914114
0.6 0.0 0.0 0.0 0.0 0.0 0.0 0.2 0.0 0.0 0.0 0.0 0.0 -9.418414850034
0.6 0.0 0.0 0.0 0.0 0.0 0.0 0.6 0.0 0.0 0.0 0.0 0.0 -9.401259898863
0.6 0.0 0.0 0.0 0.0 0.0 0.0 1.0 0.0 0.0 0.0 0.0 0.0 -9.353304702002
1.0 0.0 0.0 0.0 0.0 0.0 0.0 -1.0 0.0 0.0 0.0 0.0 0.0 -9.321169525793
1.0 0.0 0.0 0.0 0.0 0.0 0.0 -0.6 0.0 0.0 0.0 0.0 0.0 -9.367209630766
1.0 0.0 0.0 0.0 0.0 0.0 0.0 -0.2 0.0 0.0 0.0 0.0 0.0 -9.384117714011
1.0 0.0 0.0 0.0 0.0 0.0 0.0 0.2 0.0 0.0 0.0 0.0 0.0 -9.384117572458
1.0 0.0 0.0 0.0 0.0 0.0 0.0 0.6 0.0 0.0 0.0 0.0 0.0 -9.367209343243
1.0 0.0 0.0 0.0 0.0 0.0 0.0 1.0 0.0 0.0 0.0 0.0 0.0 -9.321169225606
-1.0 0.0 0.0 0.0 0.0 0.0 0.0 0.0 -1.0 0.0 0.0 0.0 0.0 -9.358527104498
-1.0 0.0 0.0 0.0 0.0 0.0 0.0 0.0 -0.6 0.0 0.0 0.0 0.0 -9.38598687954
-1.0 0.0 0.0 0.0 0.0 0.0 0.0 0.0 -0.2 0.0 0.0 0.0 0.0 -9.389858619402
-1.0 0.0 0.0 0.0 0.0 0.0 0.0 0.0 0.2 0.0 0.0 0.0 0.0 -9.378289466688
-1.0 0.0 0.0 0.0 0.0 0.0 0.0 0.0 0.6 0.0 0.0 0.0 0.0 -9.356705937764
-1.0 0.0 0.0 0.0 0.0 0.0 0.0 0.0 1.0 0.0 0.0 0.0 0.0 -9.328728163504
-0.6 0.0 0.0 0.0 0.0 0.0 0.0 0.0 -1.0 0.0 0.0 0.0 0.0 -9.37297180217
-0.6 0.0 0.0 0.0 0.0 0.0 0.0 0.0 -0.6 0.0 0.0 0.0 0.0 -9.409331893643
-0.6 0.0 0.0 0.0 0.0 0.0 0.0 0.0 -0.2 0.0 0.0 0.0 0.0 -9.420777778379
-0.6 0.0 0.0 0.0 0.0 0.0 0.0 0.0 0.2 0.0 0.0 0.0 0.0 -9.415594003583
-0.6 0.0 0.0 0.0 0.0 0.0 0.0 0.0 0.6 0.0 0.0 0.0 0.0 -9.399331945768
-0.6 0.0 0.0 0.0 0.0 0.0 0.0 0.0 1.0 0.0 0.0 0.0 0.0 -9.375726769046
-0.2 0.0 0.0 0.0 0.0 0.0 0.0 0.0 -1.0 0.0 0.0 0.0 0.0 -9.366718732482
-0.2 0.0 0.0 0.0 0.0 0.0 0.0 0.0 -0.6 0.0 0.0 0.0 0.0 -9.409546510491
-0.2 0.0 0.0 0.0 0.0 0.0 0.0 0.0 -0.2 0.0 0.0 0.0 0.0 -9.426536470004
-0.2 0.0 0.0 0.0 0.0 0.0 0.0 0.0 0.2 0.0 0.0 0.0 0.0 -9.426079663885
-0.2 0.0 0.0 0.0 0.0 0.0 0.0 0.0 0.6 0.0 0.0 0.0 0.0 -9.413821069028
-0.2 0.0 0.0 0.0 0.0 0.0 0.0 0.0 1.0 0.0 0.0 0.0 0.0 -9.393579675951
0.2 0.0 0.0 0.0 0.0 0.0 0.0 0.0 -1.0 0.0 0.0 0.0 0.0 -9.366718732485
0.2 0.0 0.0 0.0 0.0 0.0 0.0 0.0 -0.6 0.0 0.0 0.0 0.0 -9.409546510493
0.2 0.0 0.0 0.0 0.0 0.0 0.0 0.0 -0.2 0.0 0.0 0.0 0.0 -9.426536470004
0.2 0.0 0.0 0.0 0.0 0.0 0.0 0.0 0.2 0.0 0.0 0.0 0.0 -9.426079663884
0.2 0.0 0.0 0.0 0.0 0.0 0.0 0.0 0.6 0.0 0.0 0.0 0.0 -9.413821069026
0.2 0.0 0.0 0.0 0.0 0.0 0.0 0.0 1.0 0.0 0.0 0.0 0.0 -9.393579675948
0.6 0.0 0.0 0.0 0.0 0.0 0.0 0.0 -1.0 0.0 0.0 0.0 0.0 -9.372971802178
0.6 0.0 0.0 0.0 0.0 0.0 0.0 0.0 -0.6 0.0 0.0 0.0 0.0 -9.409331893651
0.6 0.0 0.0 0.0 0.0 0.0 0.0 0.0 -0.2 0.0 0.0 0.0 0.0 -9.420777778378
0.6 0.0 0.0 0.0 0.0 0.0 0.0 0.0 0.2 0.0 0.0 0.0 0.0 -9.415594003583
0.6 0.0 0.0 0.0 0.0 0.0 0.0 0.0 0.6 0.0 0.0 0.0 0.0 -9.399331945765
0.6 0.0 0.0 0.0 0.0 0.0 0.0 0.0 1.0 0.0 0.0 0.0 0.0 -9.37572676904
1.0 0.0 0.0 0.0 0.0 0.0 0.0 0.0 -1.0 0.0 0.0 0.0 0.0 -9.358527104503
1.0 0.0 0.0 0.0 0.0 0.0 0.0 0.0 -0.6 0.0 0.0 0.0 0.0 -9.385986879537
1.0 0.0 0.0 0.0 0.0 0.0 0.0 0.0 -0.2 0.0 0.0 0.0 0.0 -9.389858619394
1.0 0.0 0.0 0.0 0.0 0.0 0.0 0.0 0.2 0.0 0.0 0.0 0.0 -9.378289466677
1.0 0.0 0.0 0.0 0.0 0.0 0.0 0.0 0.6 0.0 0.0 0.0 0.0 -9.356705937751
1.0 0.0 0.0 0.0 0.0 0.0 0.0 0.0 1.0 0.0 0.0 0.0 0.0 -9.328728163491
-1.0 0.0 0.0 0.0 0.0 0.0 0.0 0.0 0.0 -1.0 0.0 0.0 0.0 -9.334720484311
-1.0 0.0 0.0 0.0 0.0 0.0 0.0 0.0 0.0 -0.6 0.0 0.0 0.0 -9.367778822802
-1.0 0.0 0.0 0.0 0.0 0.0 0.0 0.0 0.0 -0.2 0.0 0.0 0.0 -9.383658942138
-1.0 0.0 0.0 0.0 0.0 0.0 0.0 0.0 0.0 0.2 0.0 0.0 0.0 -9.383658797076
-1.0 0.0 0.0 0.0 0.0 0.0 0.0 0.0 0.0 0.6 0.0 0.0 0.0 -9.367778354433
-1.0 0.0 0.0 0.0 0.0 0.0 0.0 0.0 0.0 1.0 0.0 0.0 0.0 -9.33471958981
-0.6 0.0 0.0 0.0 0.0 0.0 0.0 0.0 0.0 -1.0 0.0 0.0 0.0 -9.337241045617
-0.6 0.0 0.0 0.0 0.0 0.0 0.0 0.0 0.0 -0.6 0.0 0.0 0.0 -9.391093309876
-0.6 0.0 0.0 0.0 0.0 0.0 0.0 0.0 0.0 -0.2 0.0 0.0 0.0 -9.416722423338
-0.6 0.0 0.0 0.0 0.0 0.0 0.0 0.0 0.0 0.2 0.0 0.0 0.0 -9.416722241548
-0.6 0.0 0.0 0.0 0.0 0.0 0.0 0.0 0.0 0.6 0.0 0.0 0.0 -9.391092725919
-0.6 0.0 0.0 0.0 0.0 0.0 0.0 0.0 0.0 1.0 0.0 0.0 0.0 -9.337239938484
-0.2 0.0 0.0 0.0 0.0 0.0 0.0 0.0 0.0 -1.0 0.0 0.0 0.0 -9.321127753178
-0.2 0.0 0.0 0.0 0.0 0.0 0.0 0.0 0.0 -0.6 0.0 0.0 0.0 -9.390984709682
-0.2 0.0 0.0 0.0 0.0 0.0 0.0 0.0 0.0 -0.2 0.0 0.0 0.0 -9.424038717488
-0.2 0.0 0.0 0.0 0.0 0.0 0.0 0.0 0.0 0.2 0.0 0.0 0.0 -9.424038632124
-0.2 0.0 0.0 0.0 0.0 0.0 0.0 0.0 0.0 0.6 0.0 0.0 0.0 -9.390984435326
-0.2 0.0 0.0 0.0 0.0 0.0 0.0 0.0 0.0 1.0 0.0 0.0 0.0 -9.321127232094
0.2 0.0 0.0 0.0 0.0 0.0 0.0 0.0 0.0 -1.0 0.0 0.0 0.0 -9.321127231602
0.2 0.0 0.0 0.0 0.0 0.0 0.0 0.0 0.0 -0.6 0.0 0.0 0.0 -9.390984435038
0.2 0.0 0.0 0.0 0.0 0.0 0.0 0.0 0.0 -0.2 0.0 0.0 0.0 -9.424038632029
0.2 0.0 0.0 0.0 0.0 0.0 0.0 0.0 0.0 0.2 0.0 0.0 0.0 -9.424038717583
0.2 0.0 0.0 0.0 0.0 0.0 0.0 0.0 0.0 0.6 0.0 0.0 0.0 -9.390984709971
0.2 0.0 0.0 0.0 0.0 0.0 0.0 0.0 0.0 1.0 0.0 0.0 0.0 -9.321127753675
0.6 0.0 0.0 0.0 0.0 0.0 0.0 0.0 0.0 -1.0 0.0 0.0 0.0 -9.337239935041
0.6 0.0 0.0 0.0 0.0 0.0 0.0 0.0 0.0 -0.6 0.0 0.0 0.0 -9.391092724106
0.6 0.0 0.0 0.0 0.0 0.0 0.0 0.0 0.0 -0.2 0.0 0.0 0.0 -9.416722240982
0.6 0.0 0.0 0.0 0.0 0.0 0.0 0.0 0.0 0.2 0.0 0.0 0.0 -9.416722423899
0.6 0.0 0.0 0.0 0.0 0.0 0.0 0.0 0.0 0.6 0.0 0.0 0.0 -9.391093311687
0.6 0.0 0.0 0.0 0.0 0.0 0.0 0.0 0.0 1.0 0.0 0.0 0.0 -9.337241049063
1.0 0.0 0.0 0.0 0.0 0.0 0.0 0.0 0.0 -1.0 0.0 0.0 0.0 -9.334719585433
1.0 0.0 0.0 0.0 0.0 0.0 0.0 0.0 0.0 -0.6 0.0 0.0 0.0 -9.367778352186
1.0 0.0 0.0 0.0 0.0 0.0 0.0 0.0 0.0 -0.2 0.0 0.0 0.0 -9.383658796383
1.0 0.0 0.0 0.0 0.0 0.0 0.0 0.0 0.0 0.2 0.0 0.0 0.0 -9.383658942812
1.0 0.0 0.0 0.0 0.0 0.0 0.0 0.0 0.0 0.6 0.0 0.0 0.0 -9.367778825032
1.0 0.0 0.0 0.0 0.0 0.0 0.0 0.0 0.0 1.0 0.0 0.0 0.0 -9.334720488677
-1.0 0.0 0.0 0.0 0.0 0.0 0.0 0.0 0.0 0.0 -1.0 0.0 0.0 -9.254905046508
-1.0 0.0 0.0 0.0 0.0 0.0 0.0 0.0 0.0 0.0 -0.6 0.0 0.0 -9.321015086295
-1.0 0.0 0.0 0.0 0.0 0.0 0.0 0.0 0.0 0.0 -0.2 0.0 0.0 -9.368411286723
-1.0 0.0 0.0 0.0 0.0 0.0 0.0 0.0 0.0 0.0 0.2 0.0 0.0 -9.398325028267
-1.0 0.0 0.0 0.0 0.0 0.0 0.0 0.0 0.0 0.0 0.6 0.0 0.0 -9.408785958525
-1.0 0.0 0.0 0.0 0.0 0.0 0.0 0.0 0.0 0.0 1.0 0.0 0.0 -9.395434354672
-0.6 0.0 0.0 0.0 0.0 0.0 0.0 0.0 0.0 0.0 -1.0 0.0 0.0 -9.305536727254
-0.6 0.0 0.0 0.0 0.0 0.0 0.0 0.0 0.0 0.0 -0.6 0.0 0.0 -9.369408868638
-0.6 0.0 0.0 0.0 0.0 0.0 0.0 0.0 0.0 0.0 -0.2 0.0 0.0 -9.409209475026
-0.6 0.0 0.0 0.0 0.0 0.0 0.0 0.0 0.0 0.0 0.2 0.0 0.0 -9.423720988932
-0.6 0.0 0.0 0.0 0.0 0.0 0.0 0.0 0.0 0.0 0.6 0.0 0.0 -9.40773975923
-0.6 0.0 0.0 0.0 0.0 0.0 0.0 0.0 0.0 0.0 1.0 0.0 0.0 -9.352475404644
-0.2 0.0 0.0 0.0 0.0 0.0 0.0 0.0 0.0 0.0 -1.0 0.0 0.0 -9.329617236117
-0.2 0.0 0.0 0.0 0.0 0.0 0.0 0.0 0.0 0.0 -0.6 0.0 0.0 -9.390325073693
-0.2 0.0 0.0 0.0 0.0 0.0 0.0 0.0 0.0 0.0 -0.2 0.0 0.0 -9.423016779587
-0.2 0.0 0.0 0.0 0.0 0.0 0.0 0.0 0.0 0.0 0.2 0.0 0.0 -9.424618525303
-0.2 0.0 0.0 0.0 0.0 0.0 0.0 0.0 0.0 0.0 0.6 0.0 0.0 -9.387337244303
-0.2 0.0 0.0 0.0 0.0 0.0 0.0 0.0 0.0 0.0 1.0 0.0 0.0 -9.298664269658
0.2 0.0 0.0 0.0 0.0 0.0 0.0 0.0 0.0 0.0 -1.0 0.0 0.0 -9.329617236116
0.2 0.0 0.0 0.0 0.0 0.0 0.0 0.0 0.0 0.0 -0.6 0.0 0.0 -9.390325073692
0.2 0.0 0.0 0.0 0.0 0.0 0.0 0.0 0.0 0.0 -0.2 0.0 0.0 -9.423016779587
0.2 0.0 0.0 0.0 0.0 0.0 0.0 0.0 0.0 0.0 0.2 0.0 0.0 -9.424618525304
0.2 0.0 0.0 0.0 0.0 0.0 0.0 0.0 0.0 0.0 0.6 0.0 0.0 -9.387337244306
0.2 0.0 0.0 0.0 0.0 0.0 0.0 0.0 0.0 0.0 1.0 0.0 0.0 -9.298664269664
0.6 0.0 0.0 0.0 0.0 0.0 0.0 0.0 0.0 0.0 -1.0 0.0 0.0 -9.305536727251
0.6 0.0 0.0 0.0 0.0 0.0 0.0 0.0 0.0 0.0 -0.6 0.0 0.0 -9.369408868634
0.6 0.0 0.0 0.0 0.0 0.0 0.0 0.0 0.0 0.0 -0.2 0.0 0.0 -9.409209474961
0.6 0.0 0.0 0.0 0.0 0.0 0.0 0.0 0.0 0.0 0.2 0.0 0.0 -9.423720988928
0.6 0.0 0.0 0.0 0.0 0.0 0.0 0.0 0.0 0.0 0.6 0.0 0.0 -9.407739759233
0.6 0.0 0.0 0.0 0.0 0.0 0.0 0.0 0.0 0.0 1.0 0.0 0.0 -9.352475404654
1.0 0.0 0.0 0.0 0.0 0.0 0.0 0.0 0.0 0.0 -1.0 0.0 0.0 -9.254905046501
1.0 0.0 0.0 0.0 0.0 0.0 0.0 0.0 0.0 0.0 -0.6 0.0 0.0 -9.321015086285
1.0 0.0 0.0 0.0 0.0 0.0 0.0 0.0 0.0 0.0 -0.2 0.0 0.0 -9.368411286713
1.0 0.0 0.0 0.0 0.0 0.0 0.0 0.0 0.0 0.0 0.2 0.0 0.0 -9.398325028258
1.0 0.0 0.0 0.0 0.0 0.0 0.0 0.0 0.0 0.0 0.6 0.0 0.0 -9.408785958523
1.0 0.0 0.0 0.0 0.0 0.0 0.0 0.0 0.0 0.0 1.0 0.0 0.0 -9.395434354673
-1.0 0.0 0.0 0.0 0.0 0.0 0.0 0.0 0.0 0.0 0.0 -1.0 0.0 -9.316685737395
-1.0 0.0 0.0 0.0 0.0 0.0 0.0 0.0 0.0 0.0 0.0 -0.6 0.0 -9.355193775448
-1.0 0.0 0.0 0.0 0.0 0.0 0.0 0.0 0.0 0.0 0.0 -0.2 0.0 -9.381769624244
-1.0 0.0 0.0 0.0 0.0 0.0 0.0 0.0 0.0 0.0 0.0 0.2 0.0 -9.378491462734
-1.0 0.0 0.0 0.0 0.0 0.0 0.0 0.0 0.0 0.0 0.0 0.6 0.0 -9.305918633689
-1.0 0.0 0.0 0.0 0.0 0.0 0.0 0.0 0.0 0.0 0.0 1.0 0.0 -9.078085459717
-0.6 0.0 0.0 0.0 0.0 0.0 0.0 0.0 0.0 0.0 0.0 -1.0 0.0 -9.340491131299
-0.6 0.0 0.0 0.0 0.0 0.0 0.0 0.0 0.0 0.0 0.0 -0.6 0.0 -9.384805897094
-0.6 0.0 0.0 0.0 0.0 0.0 0.0 0.0 0.0 0.0 0.0 -0.2 0.0 -9.415282958449
-0.6 0.0 0.0 0.0 0.0 0.0 0.0 0.0 0.0 0.0 0.0 0.2 0.0 -9.412119269298
-0.6 0.0 0.0 0.0 0.0 0.0 0.0 0.0 0.0 0.0 0.0 0.6 0.0 -9.330640487234
-0.6 0.0 0.0 0.0 0.0 0.0 0.0 0.0 0.0 0.0 0.0 1.0 0.0 -9.070484833452
-0.2 0.0 0.0 0.0 0.0 0.0 0.0 0.0 0.0 0.0 0.0 -1.0 0.0 -9.339948684872
-0.2 0.0 0.0 0.0 0.0 0.0 0.0 0.0 0.0 0.0 0.0 -0.6 0.0 -9.388769273251
-0.2 0.0 0.0 0.0 0.0 0.0 0.0 0.0 0.0 0.0 0.0 -0.2 0.0 -9.422559660586
-0.2 0.0 0.0 0.0 0.0 0.0 0.0 0.0 0.0 0.0 0.0 0.2 0.0 -9.420497514942
-0.2 0.0 0.0 0.0 0.0 0.0 0.0 0.0 0.0 0.0 0.0 0.6 0.0 -9.335002893642
-0.2 0.0 0.0 0.0 0.0 0.0 0.0 0.0 0.0 0.0 0.0 1.0 0.0 -9.057488090264
0.2 0.0 0.0 0.0 0.0 0.0 0.0 0.0 0.0 0.0 0.0 -1.0 0.0 -9.339948684861
0.2 0.0 0.0 0.0 0.0 0.0 0.0 0.0 0.0 0.0 0.0 -0.6 0.0 -9.388769273249
0.2 0.0 0.0 0.0 0.0 0.0 0.0 0.0 0.0 0.0 0.0 -0.2 0.0 -9.422559660585
0.2 0.0 0.0 0.0 0.0 0.0 0.0 0.0 0.0 0.0 0.0 0.2 0.0 -9.420497514942
0.2 0.0 0.0 0.0 0.0 0.0 0.0 0.0 0.0 0.0 0.0 0.6 0.0 -9.335002893643
0.2 0.0 0.0 0.0 0.0 0.0 0.0 0.0 0.0 0.0 0.0 1.0 0.0 -9.057488090275
0.6 0.0 0.0 0.0 0.0 0.0 0.0 0.0 0.0 0.0 0.0 -1.0 0.0 -9.340491131291
0.6 0.0 0.0 0.0 0.0 0.0 0.0 0.0 0.0 0.0 0.0 -0.6 0.0 -9.384805897076
0.6 0.0 0.0 0.0 0.0 0.0 0.0 0.0 0.0 0.0 0.0 -0.2 0.0 -9.415282958442
0.6 0.0 0.0 0.0 0.0 0.0 0.0 0.0 0.0 0.0 0.0 0.2 0.0 -9.412119269251
0.6 0.0 0.0 0.0 0.0 0.0 0.0 0.0 0.0 0.0 0.0 0.6 0.0 -9.330640487228
0.6 0.0 0.0 0.0 0.0 0.0 0.0 0.0 0.0 0.0 0.0 1.0 0.0 -9.070484833496
1.0 0.0 0.0 0.0 0.0 0.0 0.0 0.0 0.0 0.0 0.0 -1.0 0.0 -9.316685737382
1.0 0.0 0.0 0.0 0.0 0.0 0.0 0.0 0.0 0.0 0.0 -0.6 0.0 -9.355193776159
1.0 0.0 0.0 0.0 0.0 0.0 0.0 0.0 0.0 0.0 0.0 -0.2 0.0 -9.381769624232
1.0 0.0 0.0 0.0 0.0 0.0 0.0 0.0 0.0 0.0 0.0 0.2 0.0 -9.378491462728
1.0 0.0 0.0 0.0 0.0 0.0 0.0 0.0 0.0 0.0 0.0 0.6 0.0 -9.3059186337
1.0 0.0 0.0 0.0 0.0 0.0 0.0 0.0 0.0 0.0 0.0 1.0 0.0 -9.078085459768
-1.0 0.0 0.0 0.0 0.0 0.0 0.0 0.0 0.0 0.0 0.0 0.0 -1.0 -9.19755782779
-1.0 0.0 0.0 0.0 0.0 0.0 0.0 0.0 0.0 0.0 0.0 0.0 -0.6 -9.330546137091
-1.0 0.0 0.0 0.0 0.0 0.0 0.0 0.0 0.0 0.0 0.0 0.0 -0.2 -9.380126144442
-1.0 0.0 0.0 0.0 0.0 0.0 0.0 0.0 0.0 0.0 0.0 0.0 0.2 -9.380125661024
-1.0 0.0 0.0 0.0 0.0 0.0 0.0 0.0 0.0 0.0 0.0 0.0 0.6 -9.330544325284
-1.0 0.0 0.0 0.0 0.0 0.0 0.0 0.0 0.0 0.0 0.0 0.0 1.0 -9.197553369608
-0.6 0.0 0.0 0.0 0.0 0.0 0.0 0.0 0.0 0.0 0.0 0.0 -1.0 -9.205703574987
-0.6 0.0 0.0 0.0 0.0 0.0 0.0 0.0 0.0 0.0 0.0 0.0 -0.6 -9.357713103395
-0.6 0.0 0.0 0.0 0.0 0.0 0.0 0.0 0.0 0.0 0.0 0.0 -0.2 -9.413696016736
-0.6 0.0 0.0 0.0 0.0 0.0 0.0 0.0 0.0 0.0 0.0 0.0 0.2 -9.413695669232
-0.6 0.0 0.0 0.0 0.0 0.0 0.0 0.0 0.0 0.0 0.0 0.0 0.6 -9.357711791312
-0.6 0.0 0.0 0.0 0.0 0.0 0.0 0.0 0.0 0.0 0.0 0.0 1.0 -9.205700285772
-0.2 0.0 0.0 0.0 0.0 0.0 0.0 0.0 0.0 0.0 0.0 0.0 -1.0 -9.198950856892
-0.2 0.0 0.0 0.0 0.0 0.0 0.0 0.0 0.0 0.0 0.0 0.0 -0.6 -9.361872947726
-0.2 0.0 0.0 0.0 0.0 0.0 0.0 0.0 0.0 0.0 0.0 0.0 -0.2 -9.421522713458
-0.2 0.0 0.0 0.0 0.0 0.0 0.0 0.0 0.0 0.0 0.0 0.0 0.2 -9.421522584093
-0.2 0.0 0.0 0.0 0.0 0.0 0.0 0.0 0.0 0.0 0.0 0.0 0.6 -9.361872433245
-0.2 0.0 0.0 0.0 0.0 0.0 0.0 0.0 0.0 0.0 0.0 0.0 1.0 -9.198949465262
0.2 0.0 0.0 0.0 0.0 0.0 0.0 0.0 0.0 0.0 0.0 0.0 -1.0 -9.198949745378
0.2 0.0 0.0 0.0 0.0 0.0 0.0 0.0 0.0 0.0 0.0 0.0 -0.6 -9.361872482127
0.2 0.0 0.0 0.0 0.0 0.0 0.0 0.0 0.0 0.0 0.0 0.0 -0.2 -9.421522585765
0.2 0.0 0.0 0.0 0.0 0.0 0.0 0.0 0.0 0.0 0.0 0.0 0.2 -9.421522711786
0.2 0.0 0.0 0.0 0.0 0.0 0.0 0.0 0.0 0.0 0.0 0.0 0.6 -9.36187289885
0.2 0.0 0.0 0.0 0.0 0.0 0.0 0.0 0.0 0.0 0.0 0.0 1.0 -9.198950576795
0.6 0.0 0.0 0.0 0.0 0.0 0.0 0.0 0.0 0.0 0.0 0.0 -1.0 -9.20570054556
0.6 0.0 0.0 0.0 0.0 0.0 0.0 0.0 0.0 0.0 0.0 0.0 -0.6 -9.35771183719
0.6 0.0 0.0 0.0 0.0 0.0 0.0 0.0 0.0 0.0 0.0 0.0 -0.2 -9.413695670867
0.6 0.0 0.0 0.0 0.0 0.0 0.0 0.0 0.0 0.0 0.0 0.0 0.2 -9.413696015097
0.6 0.0 0.0 0.0 0.0 0.0 0.0 0.0 0.0 0.0 0.0 0.0 0.6 -9.357713057526
0.6 0.0 0.0 0.0 0.0 0.0 0.0 0.0 0.0 0.0 0.0 0.0 1.0 -9.205703315247
1.0 0.0 0.0 0.0 0.0 0.0 0.0 0.0 0.0 0.0 0.0 0.0 -1.0 -9.197553592004
1.0 0.0 0.0 0.0 0.0 0.0 0.0 0.0 0.0 0.0 0.0 0.0 -0.6 -9.330544364741
1.0 0.0 0.0 0.0 0.0 0.0 0.0 0.0 0.0 0.0 0.0 0.0 -0.2 -9.38012566224
1.0 0.0 0.0 0.0 0.0 0.0 0.0 0.0 0.0 0.0 0.0 0.0 0.2 -9.380126143208
1.0 0.0 0.0 0.0 0.0 0.0 0.0 0.0 0.0 0.0 0.0 0.0 0.6 -9.330546097636
1.0 0.0 0.0 0.0 0.0 0.0 0.0 0.0 0.0 0.0 0.0 0.0 1.0 -9.197557605452
0.0 -1.0 -1.0 0.0 0.0 0.0 0.0 0.0 0.0 0.0 0.0 0.0 0.0 -9.319710240775
0.0 -1.0 -0.6 0.0 0.0 0.0 0.0 0.0 0.0 0.0 0.0 0.0 0.0 -9.362366132724
0.0 -1.0 -0.2 0.0 0.0 0.0 0.0 0.0 0.0 0.0 0.0 0.0 0.0 -9.383067376002
0.0 -1.0 0.2 0.0 0.0 0.0 0.0 0.0 0.0 0.0 0.0 0.0 0.0 -9.383068078204
0.0 -1.0 0.6 0.0 0.0 0.0 0.0 0.0 0.0 0.0 0.0 0.0 0.0 -9.362367966078
0.0 -1.0 1.0 0.0 0.0 0.0 0.0 0.0 0.0 0.0 0.0 0.0 0.0 -9.319712572698
0.0 -0.6 -1.0 0.0 0.0 0.0 0.0 0.0 0.0 0.0 0.0 0.0 0.0 -9.366941449105
0.0 -0.6 -0.6 0.0 0.0 0.0 0.0 0.0 0.0 0.0 0.0 0.0 0.0 -9.402455229191
0.0 -0.6 -0.2 0.0 0.0 0.0 0.0 0.0 0.0 0.0 0.0 0.0 0.0 -9.418041094569
0.0 -0.6 0.2 0.0 0.0 0.0 0.0 0.0 0.0 0.0 0.0 0.0 0.0 -9.418041502502
0.0 -0.6 0.6 0.0 0.0 0.0 0.0 0.0 0.0 0.0 0.0 0.0 0.0 -9.402456294779
0.0 -0.6 1.0 0.0 0.0 0.0 0.0 0.0 0.0 0.0 0.0 0.0 0.0 -9.366942836759
0.0 -0.2 -1.0 0.0 0.0 0.0 0.0 0.0 0.0 0.0 0.0 0.0 0.0 -9.391188618118
0.0 -0.2 -0.6 0.0 0.0 0.0 0.0 0.0 0.0 0.0 0.0 0.0 0.0 -9.418026028014
0.0 -0.2 -0.2 0.0 0.0 0.0 0.0 0.0 0.0 0.0 0.0 0.0 0.0 -9.427182001547
0.0 -0.2 0.2 0.0 0.0 0.0 0.0 0.0 0.0 0.0 0.0 0.0 0.0 -9.427182061644
0.0 -0.2 0.6 0.0 0.0 0.0 0.0 0.0 0.0 0.0 0.0 0.0 0.0 -9.418026230101
0.0 -0.2 1.0 0.0 0.0 0.0 0.0 0.0 0.0 0.0 0.0 0.0 0.0 -9.391189035368
0.0 0.2 -1.0 0.0 0.0 0.0 0.0 0.0 0.0 0.0 0.0 0.0 0.0 -9.391188618284
0.0 0.2 -0.6 0.0 0.0 0.0 0.0 0.0 0.0 0.0 0.0 0.0 0.0 -9.418026028159
0.0 0.2 -0.2 0.0 0.0 0.0 0.0 0.0 0.0 0.0 0.0 0.0 0.0 -9.427182001613
0.0 0.2 0.2 0.0 0.0 0.0 0.0 0.0 0.0 0.0 0.0 0.0 0.0 -9.427182061576
0.0 0.2 0.6 0.0 0.0 0.0 0.0 0.0 0.0 0.0 0.0 0.0 0.0 -9.41802622995
0.0 0.2 1.0 0.0 0.0 0.0 0.0 0.0 0.0 0.0 0.0 0.0 0.0 -9.39118903519
0.0 0.6 -1.0 0.0 0.0 0.0 0.0 0.0 0.0 0.0 0.0 0.0 0.0 -9.366941451002
0.0 0.6 -0.6 0.0 0.0 0.0 0.0 0.0 0.0 0.0 0.0 0.0 0.0 -9.402455230306
0.0 0.6 -0.2 0.0 0.0 0.0 0.0 0.0 0.0 0.0 0.0 0.0 0.0 -9.418041094924
0.0 0.6 0.2 0.0 0.0 0.0 0.0 0.0 0.0 0.0 0.0 0.0 0.0 -9.41804150212
0.0 0.6 0.6 0.0 0.0 0.0 0.0 0.0 0.0 0.0 0.0 0.0 0.0 -9.40245629363
0.0 0.6 1.0 0.0 0.0 0.0 0.0 0.0 0.0 0.0 0.0 0.0 0.0 -9.366942834817
0.0 1.0 -1.0 0.0 0.0 0.0 0.0 0.0 0.0 0.0 0.0 0.0 0.0 -9.319710245975
0.0 1.0 -0.6 0.0 0.0 0.0 0.0 0.0 0.0 0.0 0.0 0.0 0.0 -9.362366135222
0.0 1.0 -0.2 0.0 0.0 0.0 0.0 0.0 0.0 0.0 0.0 0.0 0.0 -9.383067376625
0.0 1.0 0.2 0.0 0.0 0.0 0.0 0.0 0.0 0.0 0.0 0.0 0.0 -9.383068077487
0.0 1.0 0.6 0.0 0.0 0.0 0.0 0.0 0.0 0.0 0.0 0.0 0.0 -9.362367963483
0.0 1.0 1.0 0.0 0.0 0.0 0.0 0.0 0.0 0.0 0.0 0.0 0.0 -9.319712567397
0.0 -1.0 0.0 -1.0 0.0 0.0 0.0 0.0 0.0 0.0 0.0 0.0 0.0 -9.328214685165
0.0 -1.0 0.0 -0.6 0.0 0.0 0.0 0.0 0.0 0.0 0.0 0.0 0.0 -9.366339565507
0.0 -1.0 0.0 -0.2 0.0 0.0 0.0 0.0 0.0 0.0 0.0 0.0 0.0 -9.383567517955
0.0 -1.0 0.0 0.2 0.0 0.0 0.0 0.0 0.0 0.0 0.0 0.0 0.0 -9.383568161171
0.0 -1.0 0.0 0.6 0.0 0.0 0.0 0.0 0.0 0.0 0.0 0.0 0.0 -9.366341255596
0.0 -1.0 0.0 1.0 0.0 0.0 0.0 0.0 0.0 0.0 0.0 0.0 0.0 -9.328216896903
0.0 -0.6 0.0 -1.0 0.0 0.0 0.0 0.0 0.0 0.0 0.0 0.0 0.0 -9.372545043288
0.0 -0.6 0.0 -0.6 0.0 0.0 0.0 0.0 0.0 0.0 0.0 0.0 0.0 -9.405160050831
0.0 -0.6 0.0 -0.2 0.0 0.0 0.0 0.0 0.0 0.0 0.0 0.0 0.0 -9.418388110549
0.0 -0.6 0.0 0.2 0.0 0.0 0.0 0.0 0.0 0.0 0.0 0.0 0.0 -9.41838847089
0.0 -0.6 0.0 0.6 0.0 0.0 0.0 0.0 0.0 0.0 0.0 0.0 0.0 -9.405161027454
0.0 -0.6 0.0 1.0 0.0 0.0 0.0 0.0 0.0 0.0 0.0 0.0 0.0 -9.372546433518
0.0 -0.2 0.0 -1.0 0.0 0.0 0.0 0.0 0.0 0.0 0.0 0.0 0.0 -9.392014282911
0.0 -0.2 0.0 -0.6 0.0 0.0 0.0 0.0 0.0 0.0 0.0 0.0 0.0 -9.418433651702
0.0 -0.2 0.0 -0.2 0.0 0.0 0.0 0.0 0.0 0.0 0.0 0.0 0.0 -9.427234967239
0.0 -0.2 0.0 0.2 0.0 0.0 0.0 0.0 0.0 0.0 0.0 0.0 0.0 -9.427235020584
0.0 -0.2 0.0 0.6 0.0 0.0 0.0 0.0 0.0 0.0 0.0 0.0 0.0 -9.418433864651
0.0 -0.2 0.0 1.0 0.0 0.0 0.0 0.0 0.0 0.0 0.0 0.0 0.0 -9.392014807744
0.0 0.2 0.0 -1.0 0.0 0.0 0.0 0.0 0.0 0.0 0.0 0.0 0.0 -9.392014283016
0.0 0.2 0.0 -0.6 0.0 0.0 0.0 0.0 0.0 0.0 0.0 0.0 0.0 -9.418433651797
0.0 0.2 0.0 -0.2 0.0 0.0 0.0 0.0 0.0 0.0 0.0 0.0 0.0 -9.427234967283
0.0 0.2 0.0 0.2 0.0 0.0 0.0 0.0 0.0 0.0 0.0 0.0 0.0 -9.427235020538
0.0 0.2 0.0 0.6 0.0 0.0 0.0 0.0 0.0 0.0 0.0 0.0 0.0 -9.418433864551
0.0 0.2 0.0 1.0 0.0 0.0 0.0 0.0 0.0 0.0 0.0 0.0 0.0 -9.392014807627
0.0 0.6 0.0 -1.0 0.0 0.0 0.0 0.0 0.0 0.0 0.0 0.0 0.0 -9.372545044501
0.0 0.6 0.0 -0.6 0.0 0.0 0.0 0.0 0.0 0.0 0.0 0.0 0.0 -9.405160051545
0.0 0.6 0.0 -0.2 0.0 0.0 0.0 0.0 0.0 0.0 0.0 0.0 0.0 -9.41838811078
0.0 0.6 0.0 0.2 0.0 0.0 0.0 0.0 0.0 0.0 0.0 0.0 0.0 -9.418388470632
0.0 0.6 0.0 0.6 0.0 0.0 0.0 0.0 0.0 0.0 0.0 0.0 0.0 -9.405161026705
0.0 0.6 0.0 1.0 0.0 0.0 0.0 0.0 0.0 0.0 0.0 0.0 0.0 -9.372546432258
0.0 1.0 0.0 -1.0 0.0 0.0 0.0 0.0 0.0 0.0 0.0 0.0 0.0 -9.328214688405
0.0 1.0 0.0 -0.6 0.0 0.0 0.0 0.0 0.0 0.0 0.0 0.0 0.0 -9.366339567072
0.0 1.0 0.0 -0.2 0.0 0.0 0.0 0.0 0.0 0.0 0.0 0.0 0.0 -9.38356751835
0.0 1.0 0.0 0.2 0.0 0.0 0.0 0.0 0.0 0.0 0.0 0.0 0.0 -9.383568160682
0.0 1.0 0.0 0.6 0.0 0.0 0.0 0.0 0.0 0.0 0.0 0.0 0.0 -9.366341253929
0.0 1.0 0.0 1.0 0.0 0.0 0.0 0.0 0.0 0.0 0.0 0.0 0.0 -9.328216893551
0.0 -1.0 0.0 0.0 -1.0 0.0 0.0 0.0 0.0 0.0 0.0 0.0 0.0 -9.286234885294
0.0 -1.0 0.0 0.0 -0.6 0.0 0.0 0.0 0.0 0.0 0.0 0.0 0.0 -9.353199758604
0.0 -1.0 0.0 0.0 -0.2 0.0 0.0 0.0 0.0 0.0 0.0 0.0 0.0 -9.384203731438
0.0 -1.0 0.0 0.0 0.2 0.0 0.0 0.0 0.0 0.0 0.0 0.0 0.0 -9.381712343915
0.0 -1.0 0.0 0.0 0.6 0.0 0.0 0.0 0.0 0.0 0.0 0.0 0.0 -9.364413989129
0.0 -1.0 0.0 0.0 1.0 0.0 0.0 0.0 0.0 0.0 0.0 0.0 0.0 -9.318959253973
0.0 -0.6 0.0 0.0 -1.0 0.0 0.0 0.0 0.0 0.0 0.0 0.0 0.0 -9.323798201956
0.0 -0.6 0.0 0.0 -0.6 0.0 0.0 0.0 0.0 0.0 0.0 0.0 0.0 -9.390345703256
0.0 -0.6 0.0 0.0 -0.2 0.0 0.0 0.0 0.0 0.0 0.0 0.0 0.0 -9.418207054588
0.0 -0.6 0.0 0.0 0.2 0.0 0.0 0.0 0.0 0.0 0.0 0.0 0.0 -9.417743113448
0.0 -0.6 0.0 0.0 0.6 0.0 0.0 0.0 0.0 0.0 0.0 0.0 0.0 -9.402346845625
0.0 -0.6 0.0 0.0 1.0 0.0 0.0 0.0 0.0 0.0 0.0 0.0 0.0 -9.353491566445
0.0 -0.2 0.0 0.0 -1.0 0.0 0.0 0.0 0.0 0.0 0.0 0.0 0.0 -9.342831215659
0.0 -0.2 0.0 0.0 -0.6 0.0 0.0 0.0 0.0 0.0 0.0 0.0 0.0 -9.404071143723
0.0 -0.2 0.0 0.0 -0.2 0.0 0.0 0.0 0.0 0.0 0.0 0.0 0.0 -9.426556845326
0.0 -0.2 0.0 0.0 0.2 0.0 0.0 0.0 0.0 0.0 0.0 0.0 0.0 -9.426824808562
0.0 -0.2 0.0 0.0 0.6 0.0 0.0 0.0 0.0 0.0 0.0 0.0 0.0 -9.409723887168
0.0 -0.2 0.0 0.0 1.0 0.0 0.0 0.0 0.0 0.0 0.0 0.0 0.0 -9.355652548772
0.0 0.2 0.0 0.0 -1.0 0.0 0.0 0.0 0.0 0.0 0.0 0.0 0.0 -9.355652548815
0.0 0.2 0.0 0.0 -0.6 0.0 0.0 0.0 0.0 0.0 0.0 0.0 0.0 -9.409723887189
0.0 0.2 0.0 0.0 -0.2 0.0 0.0 0.0 0.0 0.0 0.0 0.0 0.0 -9.426824808564
0.0 0.2 0.0 0.0 0.2 0.0 0.0 0.0 0.0 0.0 0.0 0.0 0.0 -9.426556845323
0.0 0.2 0.0 0.0 0.6 0.0 0.0 0.0 0.0 0.0 0.0 0.0 0.0 -9.404071143696
0.0 0.2 0.0 0.0 1.0 0.0 0.0 0.0 0.0 0.0 0.0 0.0 0.0 -9.34283121562
0.0 0.6 0.0 0.0 -1.0 0.0 0.0 0.0 0.0 0.0 0.0 0.0 0.0 -9.353491566505
0.0 0.6 0.0 0.0 -0.6 0.0 0.0 0.0 0.0 0.0 0.0 0.0 0.0 -9.402346845646
0.0 0.6 0.0 0.0 -0.2 0.0 0.0 0.0 0.0 0.0 0.0 0.0 0.0 -9.417743113437
0.0 0.6 0.0 0.0 0.2 0.0 0.0 0.0 0.0 0.0 0.0 0.0 0.0 -9.41820705456
0.0 0.6 0.0 0.0 0.6 0.0 0.0 0.0 0.0 0.0 0.0 0.0 0.0 -9.39034570319
0.0 0.6 0.0 0.0 1.0 0.0 0.0 0.0 0.0 0.0 0.0 0.0 0.0 -9.323798201872
0.0 1.0 0.0 0.0 -1.0 0.0 0.0 0.0 0.0 0.0 0.0 0.0 0.0 -9.318959254036
0.0 1.0 0.0 0.0 -0.6 0.0 0.0 0.0 0.0 0.0 0.0 0.0 0.0 -9.364413989144
0.0 1.0 0.0 0.0 -0.2 0.0 0.0 0.0 0.0 0.0 0.0 0.0 0.0 -9.381712343892
0.0 1.0 0.0 0.0 0.2 0.0 0.0 0.0 0.0 0.0 0.0 0.0 0.0 -9.384203731362
0.0 1.0 0.0 0.0 0.6 0.0 0.0 0.0 0.0 0.0 0.0 0.0 0.0 -9.353199758466
0.0 1.0 0.0 0.0 1.0 0.0 0.0 0.0 0.0 0.0 0.0 0.0 0.0 -9.286234885123
0.0 -1.0 0.0 0.0 0.0 -1.0 0.0 0.0 0.0 0.0 0.0 0.0 0.0 -9.305750604671
0.0 -1.0 0.0 0.0 0.0 -0.6 0.0 0.0 0.0 0.0 0.0 0.0 0.0 -9.363106869461
0.0 -1.0 0.0 0.0 0.0 -0.2 0.0 0.0 0.0 0.0 0.0 0.0 0.0 -9.384289629538
0.0 -1.0 0.0 0.0 0.0 0.2 0.0 0.0 0.0 0.0 0.0 0.0 0.0 -9.383869133993
0.0 -1.0 0.0 0.0 0.0 0.6 0.0 0.0 0.0 0.0 0.0 0.0 0.0 -9.365483886191
0.0 -1.0 0.0 0.0 0.0 1.0 0.0 0.0 0.0 0.0 0.0 0.0 0.0 -9.31203879756
0.0 -0.6 0.0 0.0 0.0 -1.0 0.0 0.0 0.0 0.0 0.0 0.0 0.0 -9.338962767634
0.0 -0.6 0.0 0.0 0.0 -0.6 0.0 0.0 0.0 0.0 0.0 0.0 0.0 -9.397568650028
0.0 -0.6 0.0 0.0 0.0 -0.2 0.0 0.0 0.0 0.0 0.0 0.0 0.0 -9.418483576629
0.0 -0.6 0.0 0.0 0.0 0.2 0.0 0.0 0.0 0.0 0.0 0.0 0.0 -9.418406944705
0.0 -0.6 0.0 0.0 0.0 0.6 0.0 0.0 0.0 0.0 0.0 0.0 0.0 -9.399819847993
0.0 -0.6 0.0 0.0 0.0 1.0 0.0 0.0 0.0 0.0 0.0 0.0 0.0 -9.344411048884
0.0 -0.2 0.0 0.0 0.0 -1.0 0.0 0.0 0.0 0.0 0.0 0.0 0.0 -9.348489456999
0.0 -0.2 0.0 0.0 0.0 -0.6 0.0 0.0 0.0 0.0 0.0 0.0 0.0 -9.406676806183
0.0 -0.2 0.0 0.0 0.0 -0.2 0.0 0.0 0.0 0.0 0.0 0.0 0.0 -9.426723707352
0.0 -0.2 0.0 0.0 0.0 0.2 0.0 0.0 0.0 0.0 0.0 0.0 0.0 -9.426772414475
0.0 -0.2 0.0 0.0 0.0 0.6 0.0 0.0 0.0 0.0 0.0 0.0 0.0 -9.407701494926
0.0 -0.2 0.0 0.0 0.0 1.0 0.0 0.0 0.0 0.0 0.0 0.0 0.0 -9.350809281237
0.0 0.2 0.0 0.0 0.0 -1.0 0.0 0.0 0.0 0.0 0.0 0.0 0.0 -9.350809281231
0.0 0.2 0.0 0.0 0.0 -0.6 0.0 0.0 0.0 0.0 0.0 0.0 0.0 -9.407701494925
0.0 0.2 0.0 0.0 0.0 -0.2 0.0 0.0 0.0 0.0 0.0 0.0 0.0 -9.426772414474
0.0 0.2 0.0 0.0 0.0 0.2 0.0 0.0 0.0 0.0 0.0 0.0 0.0 -9.426723707351
0.0 0.2 0.0 0.0 0.0 0.6 0.0 0.0 0.0 0.0 0.0 0.0 0.0 -9.40667680618
0.0 0.2 0.0 0.0 0.0 1.0 0.0 0.0 0.0 0.0 0.0 0.0 0.0 -9.348489456996
0.0 0.6 0.0 0.0 0.0 -1.0 0.0 0.0 0.0 0.0 0.0 0.0 0.0 -9.344411048857
0.0 0.6 0.0 0.0 0.0 -0.6 0.0 0.0 0.0 0.0 0.0 0.0 0.0 -9.39981984797
0.0 0.6 0.0 0.0 0.0 -0.2 0.0 0.0 0.0 0.0 0.0 0.0 0.0 -9.418406944686
0.0 0.6 0.0 0.0 0.0 0.2 0.0 0.0 0.0 0.0 0.0 0.0 0.0 -9.418483576612
0.0 0.6 0.0 0.0 0.0 0.6 0.0 0.0 0.0 0.0 0.0 0.0 0.0 -9.397568650007
0.0 0.6 0.0 0.0 0.0 1.0 0.0 0.0 0.0 0.0 0.0 0.0 0.0 -9.338962767612
0.0 1.0 0.0 0.0 0.0 -1.0 0.0 0.0 0.0 0.0 0.0 0.0 0.0 -9.312038797494
0.0 1.0 0.0 0.0 0.0 -0.6 0.0 0.0 0.0 0.0 0.0 0.0 0.0 -9.365483886131
0.0 1.0 0.0 0.0 0.0 -0.2 0.0 0.0 0.0 0.0 0.0 0.0 0.0 -9.383869133945
0.0 1.0 0.0 0.0 0.0 0.2 0.0 0.0 0.0 0.0 0.0 0.0 0.0 -9.384289629489
0.0 1.0 0.0 0.0 0.0 0.6 0.0 0.0 0.0 0.0 0.0 0.0 0.0 -9.363106869402
0.0 1.0 0.0 0.0 0.0 1.0 0.0 0.0 0.0 0.0 0.0 0.0 0.0 -9.305750604613
0.0 -1.0 0.0 0.0 0.0 0.0 -1.0 0.0 0.0 0.0 0.0 0.0 0.0 -9.321169472551
0.0 -1.0 0.0 0.0 0.0 0.0 -0.6 0.0 0.0 0.0 0.0 0.0 0.0 -9.36720953112
0.0 -1.0 0.0 0.0 0.0 0.0 -0.2 0.0 0.0 0.0 0.0 0.0 0.0 -9.384117651589
0.0 -1.0 0.0 0.0 0.0 0.0 0.2 0.0 0.0 0.0 0.0 0.0 0.0 -9.384117635085
0.0 -1.0 0.0 0.0 0.0 0.0 0.6 0.0 0.0 0.0 0.0 0.0 0.0 -9.36720944313
0.0 -1.0 0.0 0.0 0.0 0.0 1.0 0.0 0.0 0.0 0.0 0.0 0.0 -9.321169279065
0.0 -0.6 0.0 0.0 0.0 0.0 -1.0 0.0 0.0 0.0 0.0 0.0 0.0 -9.353304672714
0.0 -0.6 0.0 0.0 0.0 0.0 -0.6 0.0 0.0 0.0 0.0 0.0 0.0 -9.401259938536
0.0 -0.6 0.0 0.0 0.0 0.0 -0.2 0.0 0.0 0.0 0.0 0.0 0.0 -9.418414887992
0.0 -0.6 0.0 0.0 0.0 0.0 0.2 0.0 0.0 0.0 0.0 0.0 0.0 -9.418414876191
0.0 -0.6 0.0 0.0 0.0 0.0 0.6 0.0 0.0 0.0 0.0 0.0 0.0 -9.401259928778
0.0 -0.6 0.0 0.0 0.0 0.0 1.0 0.0 0.0 0.0 0.0 0.0 0.0 -9.353304690641
0.0 -0.2 0.0 0.0 0.0 0.0 -1.0 0.0 0.0 0.0 0.0 0.0 0.0 -9.360687686931
0.0 -0.2 0.0 0.0 0.0 0.0 -0.6 0.0 0.0 0.0 0.0 0.0 0.0 -9.409481876617
0.0 -0.2 0.0 0.0 0.0 0.0 -0.2 0.0 0.0 0.0 0.0 0.0 0.0 -9.426670588505
0.0 -0.2 0.0 0.0 0.0 0.0 0.2 0.0 0.0 0.0 0.0 0.0 0.0 -9.426670590177
0.0 -0.2 0.0 0.0 0.0 0.0 0.6 0.0 0.0 0.0 0.0 0.0 0.0 -9.409481945384
0.0 -0.2 0.0 0.0 0.0 0.0 1.0 0.0 0.0 0.0 0.0 0.0 0.0 -9.360687882636
0.0 0.2 0.0 0.0 0.0 0.0 -1.0 0.0 0.0 0.0 0.0 0.0 0.0 -9.360687686416
0.0 0.2 0.0 0.0 0.0 0.0 -0.6 0.0 0.0 0.0 0.0 0.0 0.0 -9.409481876269
0.0 0.2 0.0 0.0 0.0 0.0 -0.2 0.0 0.0 0.0 0.0 0.0 0.0 -9.426670588476
0.0 0.2 0.0 0.0 0.0 0.0 0.2 0.0 0.0 0.0 0.0 0.0 0.0 -9.426670590203
0.0 0.2 0.0 0.0 0.0 0.0 0.6 0.0 0.0 0.0 0.0 0.0 0.0 -9.409481945725
0.0 0.2 0.0 0.0 0.0 0.0 1.0 0.0 0.0 0.0 0.0 0.0 0.0 -9.360687883141
0.0 0.6 0.0 0.0 0.0 0.0 -1.0 0.0 0.0 0.0 0.0 0.0 0.0 -9.353304671442
0.0 0.6 0.0 0.0 0.0 0.0 -0.6 0.0 0.0 0.0 0.0 0.0 0.0 -9.401259937654
0.0 0.6 0.0 0.0 0.0 0.0 -0.2 0.0 0.0 0.0 0.0 0.0 0.0 -9.418414887942
0.0 0.6 0.0 0.0 0.0 0.0 0.2 0.0 0.0 0.0 0.0 0.0 0.0 -9.418414876213
0.0 0.6 0.0 0.0 0.0 0.0 0.6 0.0 0.0 0.0 0.0 0.0 0.0 -9.401259929617
0.0 0.6 0.0 0.0 0.0 0.0 1.0 0.0 0.0 0.0 0.0 0.0 0.0 -9.353304691863
0.0 1.0 0.0 0.0 0.0 0.0 -1.0 0.0 0.0 0.0 0.0 0.0 0.0 -9.321169470958
0.0 1.0 0.0 0.0 0.0 0.0 -0.6 0.0 0.0 0.0 0.0 0.0 0.0 -9.367209529967
0.0 1.0 0.0 0.0 0.0 0.0 -0.2 0.0 0.0 0.0 0.0 0.0 0.0 -9.384117651556
0.0 1.0 0.0 0.0 0.0 0.0 0.2 0.0 0.0 0.0 0.0 0.0 0.0 -9.384117635021
0.0 1.0 0.0 0.0 0.0 0.0 0.6 0.0 0.0 0.0 0.0 0.0 0.0 -9.367209444166
0.0 1.0 0.0 0.0 0.0 0.0 1.0 0.0 0.0 0.0 0.0 0.0 0.0 -9.321169280529
0.0 -1.0 0.0 0.0 0.0 0.0 0.0 -1.0 0.0 0.0 0.0 0.0 0.0 -9.318514332145
0.0 -1.0 0.0 0.0 0.0 0.0 0.0 -0.6 0.0 0.0 0.0 0.0 0.0 -9.363619196077
0.0 -1.0 0.0 0.0 0.0 0.0 0.0 -0.2 0.0 0.0 0.0 0.0 0.0 -9.383364285746
0.0 -1.0 0.0 0.0 0.0 0.0 0.0 0.2 0.0 0.0 0.0 0.0 0.0 -9.383364502072
0.0 -1.0 0.0 0.0 0.0 0.0 0.0 0.6 0.0 0.0 0.0 0.0 0.0 -9.363619384244
0.0 -1.0 0.0 0.0 0.0 0.0 0.0 1.0 0.0 0.0 0.0 0.0 0.0 -9.318514012964
0.0 -0.6 0.0 0.0 0.0 0.0 0.0 -1.0 0.0 0.0 0.0 0.0 0.0 -9.352340306992
0.0 -0.6 0.0 0.0 0.0 0.0 0.0 -0.6 0.0 0.0 0.0 0.0 0.0 -9.399871192165
0.0 -0.6 0.0 0.0 0.0 0.0 0.0 -0.2 0.0 0.0 0.0 0.0 0.0 -9.418114407243
0.0 -0.6 0.0 0.0 0.0 0.0 0.0 0.2 0.0 0.0 0.0 0.0 0.0 -9.418114482345
0.0 -0.6 0.0 0.0 0.0 0.0 0.0 0.6 0.0 0.0 0.0 0.0 0.0 -9.399871287735
0.0 -0.6 0.0 0.0 0.0 0.0 0.0 1.0 0.0 0.0 0.0 0.0 0.0 -9.352340308035
0.0 -0.2 0.0 0.0 0.0 0.0 0.0 -1.0 0.0 0.0 0.0 0.0 0.0 -9.360577483595
0.0 -0.2 0.0 0.0 0.0 0.0 0.0 -0.6 0.0 0.0 0.0 0.0 0.0 -9.409320788034
0.0 -0.2 0.0 0.0 0.0 0.0 0.0 -0.2 0.0 0.0 0.0 0.0 0.0 -9.426635297068
0.0 -0.2 0.0 0.0 0.0 0.0 0.0 0.2 0.0 0.0 0.0 0.0 0.0 -9.426635310488
0.0 -0.2 0.0 0.0 0.0 0.0 0.0 0.6 0.0 0.0 0.0 0.0 0.0 -9.409320910317
0.0 -0.2 0.0 0.0 0.0 0.0 0.0 1.0 0.0 0.0 0.0 0.0 0.0 -9.360577794691
0.0 0.2 0.0 0.0 0.0 0.0 0.0 -1.0 0.0 0.0 0.0 0.0 0.0 -9.360577480651
0.0 0.2 0.0 0.0 0.0 0.0 0.0 -0.6 0.0 0.0 0.0 0.0 0.0 -9.409320786034
0.0 0.2 0.0 0.0 0.0 0.0 0.0 -0.2 0.0 0.0 0.0 0.0 0.0 -9.426635296913
0.0 0.2 0.0 0.0 0.0 0.0 0.0 0.2 0.0 0.0 0.0 0.0 0.0 -9.426635310639
0.0 0.2 0.0 0.0 0.0 0.0 0.0 0.6 0.0 0.0 0.0 0.0 0.0 -9.409320912305
0.0 0.2 0.0 0.0 0.0 0.0 0.0 1.0 0.0 0.0 0.0 0.0 0.0 -9.360577797621
0.0 0.6 0.0 0.0 0.0 0.0 0.0 -1.0 0.0 0.0 0.0 0.0 0.0 -9.35234029981
0.0 0.6 0.0 0.0 0.0 0.0 0.0 -0.6 0.0 0.0 0.0 0.0 0.0 -9.399871187266
0.0 0.6 0.0 0.0 0.0 0.0 0.0 -0.2 0.0 0.0 0.0 0.0 0.0 -9.418114407047
0.0 0.6 0.0 0.0 0.0 0.0 0.0 0.2 0.0 0.0 0.0 0.0 0.0 -9.41811448251
0.0 0.6 0.0 0.0 0.0 0.0 0.0 0.6 0.0 0.0 0.0 0.0 0.0 -9.399871292581
0.0 0.6 0.0 0.0 0.0 0.0 0.0 1.0 0.0 0.0 0.0 0.0 0.0 -9.352340315155
0.0 1.0 0.0 0.0 0.0 0.0 0.0 -1.0 0.0 0.0 0.0 0.0 0.0 -9.318514323496
0.0 1.0 0.0 0.0 0.0 0.0 0.0 -0.6 0.0 0.0 0.0 0.0 0.0 -9.363619190182
0.0 1.0 0.0 0.0 0.0 0.0 0.0 -0.2 0.0 0.0 0.0 0.0 0.0 -9.383364285872
0.0 1.0 0.0 0.0 0.0 0.0 0.0 0.2 0.0 0.0 0.0 0.0 0.0 -9.383364501847
0.0 1.0 0.0 0.0 0.0 0.0 0.0 0.6 0.0 0.0 0.0 0.0 0.0 -9.363619390009
0.0 1.0 0.0 0.0 0.0 0.0 0.0 1.0 0.0 0.0 0.0 0.0 0.0 -9.318514021474
0.0 -1.0 0.0 0.0 0.0 0.0 0.0 0.0 -1.0 0.0 0.0 0.0 0.0 -9.35852710452
0.0 -1.0 0.0 0.0 0.0 0.0 0.0 0.0 -0.6 0.0 0.0 0.0 0.0 -9.385986879594
0.0 -1.0 0.0 0.0 0.0 0.0 0.0 0.0 -0.2 0.0 0.0 0.0 0.0 -9.38985861948
0.0 -1.0 0.0 0.0 0.0 0.0 0.0 0.0 0.2 0.0 0.0 0.0 0.0 -9.378289466785
0.0 -1.0 0.0 0.0 0.0 0.0 0.0 0.0 0.6 0.0 0.0 0.0 0.0 -9.356705937875
0.0 -1.0 0.0 0.0 0.0 0.0 0.0 0.0 1.0 0.0 0.0 0.0 0.0 -9.328728163626
0.0 -0.6 0.0 0.0 0.0 0.0 0.0 0.0 -1.0 0.0 0.0 0.0 0.0 -9.372971802154
0.0 -0.6 0.0 0.0 0.0 0.0 0.0 0.0 -0.6 0.0 0.0 0.0 0.0 -9.409331892227
0.0 -0.6 0.0 0.0 0.0 0.0 0.0 0.0 -0.2 0.0 0.0 0.0 0.0 -9.420777778386
0.0 -0.6 0.0 0.0 0.0 0.0 0.0 0.0 0.2 0.0 0.0 0.0 0.0 -9.415594003819
0.0 -0.6 0.0 0.0 0.0 0.0 0.0 0.0 0.6 0.0 0.0 0.0 0.0 -9.399331946335
0.0 -0.6 0.0 0.0 0.0 0.0 0.0 0.0 1.0 0.0 0.0 0.0 0.0 -9.375726769081
0.0 -0.2 0.0 0.0 0.0 0.0 0.0 0.0 -1.0 0.0 0.0 0.0 0.0 -9.366718731631
0.0 -0.2 0.0 0.0 0.0 0.0 0.0 0.0 -0.6 0.0 0.0 0.0 0.0 -9.4095465101
0.0 -0.2 0.0 0.0 0.0 0.0 0.0 0.0 -0.2 0.0 0.0 0.0 0.0 -9.426536469998
0.0 -0.2 0.0 0.0 0.0 0.0 0.0 0.0 0.2 0.0 0.0 0.0 0.0 -9.426079663783
0.0 -0.2 0.0 0.0 0.0 0.0 0.0 0.0 0.6 0.0 0.0 0.0 0.0 -9.413821068943
0.0 -0.2 0.0 0.0 0.0 0.0 0.0 0.0 1.0 0.0 0.0 0.0 0.0 -9.393579675873
0.0 0.2 0.0 0.0 0.0 0.0 0.0 0.0 -1.0 0.0 0.0 0.0 0.0 -9.366718731649
0.0 0.2 0.0 0.0 0.0 0.0 0.0 0.0 -0.6 0.0 0.0 0.0 0.0 -9.409546510109
0.0 0.2 0.0 0.0 0.0 0.0 0.0 0.0 -0.2 0.0 0.0 0.0 0.0 -9.42653647
0.0 0.2 0.0 0.0 0.0 0.0 0.0 0.0 0.2 0.0 0.0 0.0 0.0 -9.42607966378
0.0 0.2 0.0 0.0 0.0 0.0 0.0 0.0 0.6 0.0 0.0 0.0 0.0 -9.413821068936
0.0 0.2 0.0 0.0 0.0 0.0 0.0 0.0 1.0 0.0 0.0 0.0 0.0 -9.393579675864
0.0 0.6 0.0 0.0 0.0 0.0 0.0 0.0 -1.0 0.0 0.0 0.0 0.0 -9.372971802192
0.0 0.6 0.0 0.0 0.0 0.0 0.0 0.0 -0.6 0.0 0.0 0.0 0.0 -9.40933189224
0.0 0.6 0.0 0.0 0.0 0.0 0.0 0.0 -0.2 0.0 0.0 0.0 0.0 -9.420777778379
0.0 0.6 0.0 0.0 0.0 0.0 0.0 0.0 0.2 0.0 0.0 0.0 0.0 -9.4155940038
0.0 0.6 0.0 0.0 0.0 0.0 0.0 0.0 0.6 0.0 0.0 0.0 0.0 -9.399331946308
0.0 0.6 0.0 0.0 0.0 0.0 0.0 0.0 1.0 0.0 0.0 0.0 0.0 -9.37572676905
0.0 1.0 0.0 0.0 0.0 0.0 0.0 0.0 -1.0 0.0 0.0 0.0 0.0 -9.358527104544
0.0 1.0 0.0 0.0 0.0 0.0 0.0 0.0 -0.6 0.0 0.0 0.0 0.0 -9.38598687958
0.0 1.0 0.0 0.0 0.0 0.0 0.0 0.0 -0.2 0.0 0.0 0.0 0.0 -9.389858619442
0.0 1.0 0.0 0.0 0.0 0.0 0.0 0.0 0.2 0.0 0.0 0.0 0.0 -9.378289466732
0.0 1.0 0.0 0.0 0.0 0.0 0.0 0.0 0.6 0.0 0.0 0.0 0.0 -9.356705937814
0.0 1.0 0.0 0.0 0.0 0.0 0.0 0.0 1.0 0.0 0.0 0.0 0.0 -9.328728163563
0.0 -1.0 0.0 0.0 0.0 0.0 0.0 0.0 0.0 -1.0 0.0 0.0 0.0 -9.334718921723
0.0 -1.0 0.0 0.0 0.0 0.0 0.0 0.0 0.0 -0.6 0.0 0.0 0.0 -9.367778004757
0.0 -1.0 0.0 0.0 0.0 0.0 0.0 0.0 0.0 -0.2 0.0 0.0 0.0 -9.383658688858
0.0 -1.0 0.0 0.0 0.0 0.0 0.0 0.0 0.0 0.2 0.0 0.0 0.0 -9.383659050528
0.0 -1.0 0.0 0.0 0.0 0.0 0.0 0.0 0.0 0.6 0.0 0.0 0.0 -9.36777917261
0.0 -1.0 0.0 0.0 0.0 0.0 0.0 0.0 0.0 1.0 0.0 0.0 0.0 -9.334721152448
0.0 -0.6 0.0 0.0 0.0 0.0 0.0 0.0 0.0 -1.0 0.0 0.0 0.0 -9.337239114917
0.0 -0.6 0.0 0.0 0.0 0.0 0.0 0.0 0.0 -0.6 0.0 0.0 0.0 -9.39109229155
0.0 -0.6 0.0 0.0 0.0 0.0 0.0 0.0 0.0 -0.2 0.0 0.0 0.0 -9.416722106338
0.0 -0.6 0.0 0.0 0.0 0.0 0.0 0.0 0.0 0.2 0.0 0.0 0.0 -9.416722558571
0.0 -0.6 0.0 0.0 0.0 0.0 0.0 0.0 0.0 0.6 0.0 0.0 0.0 -9.391093744242
0.0 -0.6 0.0 0.0 0.0 0.0 0.0 0.0 0.0 1.0 0.0 0.0 0.0 -9.337241869126
0.0 -0.2 0.0 0.0 0.0 0.0 0.0 0.0 0.0 -1.0 0.0 0.0 0.0 -9.321126846424
0.0 -0.2 0.0 0.0 0.0 0.0 0.0 0.0 0.0 -0.6 0.0 0.0 0.0 -9.390984232218
0.0 -0.2 0.0 0.0 0.0 0.0 0.0 0.0 0.0 -0.2 0.0 0.0 0.0 -9.42403856892
0.0 -0.2 0.0 0.0 0.0 0.0 0.0 0.0 0.0 0.2 0.0 0.0 0.0 -9.424038780691
0.0 -0.2 0.0 0.0 0.0 0.0 0.0 0.0 0.0 0.6 0.0 0.0 0.0 -9.390984912783
0.0 -0.2 0.0 0.0 0.0 0.0 0.0 0.0 0.0 1.0 0.0 0.0 0.0 -9.32112813883
0.0 0.2 0.0 0.0 0.0 0.0 0.0 0.0 0.0 -1.0 0.0 0.0 0.0 -9.321128138357
0.0 0.2 0.0 0.0 0.0 0.0 0.0 0.0 0.0 -0.6 0.0 0.0 0.0 -9.390984912504
0.0 0.2 0.0 0.0 0.0 0.0 0.0 0.0 0.0 -0.2 0.0 0.0 0.0 -9.424038780598
0.0 0.2 0.0 0.0 0.0 0.0 0.0 0.0 0.0 0.2 0.0 0.0 0.0 -9.424038569013
0.0 0.2 0.0 0.0 0.0 0.0 0.0 0.0 0.0 0.6 0.0 0.0 0.0 -9.390984232503
0.0 0.2 0.0 0.0 0.0 0.0 0.0 0.0 0.0 1.0 0.0 0.0 0.0 -9.321126846916
0.0 0.6 0.0 0.0 0.0 0.0 0.0 0.0 0.0 -1.0 0.0 0.0 0.0 -9.337241865776
0.0 0.6 0.0 0.0 0.0 0.0 0.0 0.0 0.0 -0.6 0.0 0.0 0.0 -9.391093742469
0.0 0.6 0.0 0.0 0.0 0.0 0.0 0.0 0.0 -0.2 0.0 0.0 0.0 -9.416722558009
0.0 0.6 0.0 0.0 0.0 0.0 0.0 0.0 0.0 0.2 0.0 0.0 0.0 -9.416722106875
0.0 0.6 0.0 0.0 0.0 0.0 0.0 0.0 0.0 0.6 0.0 0.0 0.0 -9.391092293313
0.0 0.6 0.0 0.0 0.0 0.0 0.0 0.0 0.0 1.0 0.0 0.0 0.0 -9.337239118287
0.0 1.0 0.0 0.0 0.0 0.0 0.0 0.0 0.0 -1.0 0.0 0.0 0.0 -9.334721148179
0.0 1.0 0.0 0.0 0.0 0.0 0.0 0.0 0.0 -0.6 0.0 0.0 0.0 -9.367779170401
0.0 1.0 0.0 0.0 0.0 0.0 0.0 0.0 0.0 -0.2 0.0 0.0 0.0 -9.383659049819
0.0 1.0 0.0 0.0 0.0 0.0 0.0 0.0 0.0 0.2 0.0 0.0 0.0 -9.383658689475
0.0 1.0 0.0 0.0 0.0 0.0 0.0 0.0 0.0 0.6 0.0 0.0 0.0 -9.367778006892
0.0 1.0 0.0 0.0 0.0 0.0 0.0 0.0 0.0 1.0 0.0 0.0 0.0 -9.33471892595
0.0 -1.0 0.0 0.0 0.0 0.0 0.0 0.0 0.0 0.0 -1.0 0.0 0.0 -9.254905046605
0.0 -1.0 0.0 0.0 0.0 0.0 0.0 0.0 0.0 0.0 -0.6 0.0 0.0 -9.321015086419
0.0 -1.0 0.0 0.0 0.0 0.0 0.0 0.0 0.0 0.0 -0.2 0.0 0.0 -9.368411286828
0.0 -1.0 0.0 0.0 0.0 0.0 0.0 0.0 0.0 0.0 0.2 0.0 0.0 -9.398325028333
0.0 -1.0 0.0 0.0 0.0 0.0 0.0 0.0 0.0 0.0 0.6 0.0 0.0 -9.408785958641
0.0 -1.0 0.0 0.0 0.0 0.0 0.0 0.0 0.0 0.0 1.0 0.0 0.0 -9.395434354247
0.0 -0.6 0.0 0.0 0.0 0.0 0.0 0.0 0.0 0.0 -1.0 0.0 0.0 -9.305536727298
0.0 -0.6 0.0 0.0 0.0 0.0 0.0 0.0 0.0 0.0 -0.6 0.0 0.0 -9.369408868677
0.0 -0.6 0.0 0.0 0.0 0.0 0.0 0.0 0.0 0.0 -0.2 0.0 0.0 -9.409209474653
0.0 -0.6 0.0 0.0 0.0 0.0 0.0 0.0 0.0 0.0 0.2 0.0 0.0 -9.423720988275
0.0 -0.6 0.0 0.0 0.0 0.0 0.0 0.0 0.0 0.0 0.6 0.0 0.0 -9.407739759134
0.0 -0.6 0.0 0.0 0.0 0.0 0.0 0.0 0.0 0.0 1.0 0.0 0.0 -9.352475404536
0.0 -0.2 0.0 0.0 0.0 0.0 0.0 0.0 0.0 0.0 -1.0 0.0 0.0 -9.329617236123
0.0 -0.2 0.0 0.0 0.0 0.0 0.0 0.0 0.0 0.0 -0.6 0.0 0.0 -9.390325073698
0.0 -0.2 0.0 0.0 0.0 0.0 0.0 0.0 0.0 0.0 -0.2 0.0 0.0 -9.423016779585
0.0 -0.2 0.0 0.0 0.0 0.0 0.0 0.0 0.0 0.0 0.2 0.0 0.0 -9.42461852529
0.0 -0.2 0.0 0.0 0.0 0.0 0.0 0.0 0.0 0.0 0.6 0.0 0.0 -9.38733724429
0.0 -0.2 0.0 0.0 0.0 0.0 0.0 0.0 0.0 0.0 1.0 0.0 0.0 -9.298664269633
0.0 0.2 0.0 0.0 0.0 0.0 0.0 0.0 0.0 0.0 -1.0 0.0 0.0 -9.329617236118
0.0 0.2 0.0 0.0 0.0 0.0 0.0 0.0 0.0 0.0 -0.6 0.0 0.0 -9.390325073692
0.0 0.2 0.0 0.0 0.0 0.0 0.0 0.0 0.0 0.0 -0.2 0.0 0.0 -9.423016779581
0.0 0.2 0.0 0.0 0.0 0.0 0.0 0.0 0.0 0.0 0.2 0.0 0.0 -9.424618525293
0.0 0.2 0.0 0.0 0.0 0.0 0.0 0.0 0.0 0.0 0.6 0.0 0.0 -9.387337244303
0.0 0.2 0.0 0.0 0.0 0.0 0.0 0.0 0.0 0.0 1.0 0.0 0.0 -9.298664269662
0.0 0.6 0.0 0.0 0.0 0.0 0.0 0.0 0.0 0.0 -1.0 0.0 0.0 -9.305536727283
0.0 0.6 0.0 0.0 0.0 0.0 0.0 0.0 0.0 0.0 -0.6 0.0 0.0 -9.369408868656
0.0 0.6 0.0 0.0 0.0 0.0 0.0 0.0 0.0 0.0 -0.2 0.0 0.0 -9.409209474643
0.0 0.6 0.0 0.0 0.0 0.0 0.0 0.0 0.0 0.0 0.2 0.0 0.0 -9.423720988274
0.0 0.6 0.0 0.0 0.0 0.0 0.0 0.0 0.0 0.0 0.6 0.0 0.0 -9.407739759152
0.0 0.6 0.0 0.0 0.0 0.0 0.0 0.0 0.0 0.0 1.0 0.0 0.0 -9.352475404588
0.0 1.0 0.0 0.0 0.0 0.0 0.0 0.0 0.0 0.0 -1.0 0.0 0.0 -9.254905046574
0.0 1.0 0.0 0.0 0.0 0.0 0.0 0.0 0.0 0.0 -0.6 0.0 0.0 -9.321015086372
0.0 1.0 0.0 0.0 0.0 0.0 0.0 0.0 0.0 0.0 -0.2 0.0 0.0 -9.368411286778
0.0 1.0 0.0 0.0 0.0 0.0 0.0 0.0 0.0 0.0 0.2 0.0 0.0 -9.398325028293
0.0 1.0 0.0 0.0 0.0 0.0 0.0 0.0 0.0 0.0 0.6 0.0 0.0 -9.408785958622
0.0 1.0 0.0 0.0 0.0 0.0 0.0 0.0 0.0 0.0 1.0 0.0 0.0 -9.395434354264
0.0 -1.0 0.0 0.0 0.0 0.0 0.0 0.0 0.0 0.0 0.0 -1.0 0.0 -9.316685737522
0.0 -1.0 0.0 0.0 0.0 0.0 0.0 0.0 0.0 0.0 0.0 -0.6 0.0 -9.355193778093
0.0 -1.0 0.0 0.0 0.0 0.0 0.0 0.0 0.0 0.0 0.0 -0.2 0.0 -9.38176962436
0.0 -1.0 0.0 0.0 0.0 0.0 0.0 0.0 0.0 0.0 0.0 0.2 0.0 -9.37849146277
0.0 -1.0 0.0 0.0 0.0 0.0 0.0 0.0 0.0 0.0 0.0 0.6 0.0 -9.305918633487
0.0 -1.0 0.0 0.0 0.0 0.0 0.0 0.0 0.0 0.0 0.0 1.0 0.0 -9.07808545886
0.0 -0.6 0.0 0.0 0.0 0.0 0.0 0.0 0.0 0.0 0.0 -1.0 0.0 -9.3404911314
0.0 -0.6 0.0 0.0 0.0 0.0 0.0 0.0 0.0 0.0 0.0 -0.6 0.0 -9.384805897082
0.0 -0.6 0.0 0.0 0.0 0.0 0.0 0.0 0.0 0.0 0.0 -0.2 0.0 -9.415282958476
0.0 -0.6 0.0 0.0 0.0 0.0 0.0 0.0 0.0 0.0 0.0 0.2 0.0 -9.412119268011
0.0 -0.6 0.0 0.0 0.0 0.0 0.0 0.0 0.0 0.0 0.0 0.6 0.0 -9.330640487153
0.0 -0.6 0.0 0.0 0.0 0.0 0.0 0.0 0.0 0.0 0.0 1.0 0.0 -9.07048483319
0.0 -0.2 0.0 0.0 0.0 0.0 0.0 0.0 0.0 0.0 0.0 -1.0 0.0 -9.339948684797
0.0 -0.2 0.0 0.0 0.0 0.0 0.0 0.0 0.0 0.0 0.0 -0.6 0.0 -9.388769273249
0.0 -0.2 0.0 0.0 0.0 0.0 0.0 0.0 0.0 0.0 0.0 -0.2 0.0 -9.422559660577
0.0 -0.2 0.0 0.0 0.0 0.0 0.0 0.0 0.0 0.0 0.0 0.2 0.0 -9.420497514885
0.0 -0.2 0.0 0.0 0.0 0.0 0.0 0.0 0.0 0.0 0.0 0.6 0.0 -9.335002893546
0.0 -0.2 0.0 0.0 0.0 0.0 0.0 0.0 0.0 0.0 0.0 1.0 0.0 -9.057488090152
0.0 0.2 0.0 0.0 0.0 0.0 0.0 0.0 0.0 0.0 0.0 -1.0 0.0 -9.339948684805
0.0 0.2 0.0 0.0 0.0 0.0 0.0 0.0 0.0 0.0 0.0 -0.6 0.0 -9.388769273247
0.0 0.2 0.0 0.0 0.0 0.0 0.0 0.0 0.0 0.0 0.0 -0.2 0.0 -9.422559660574
0.0 0.2 0.0 0.0 0.0 0.0 0.0 0.0 0.0 0.0 0.0 0.2 0.0 -9.420497514892
0.0 0.2 0.0 0.0 0.0 0.0 0.0 0.0 0.0 0.0 0.0 0.6 0.0 -9.335002893577
0.0 0.2 0.0 0.0 0.0 0.0 0.0 0.0 0.0 0.0 0.0 1.0 0.0 -9.057488090234
0.0 0.6 0.0 0.0 0.0 0.0 0.0 0.0 0.0 0.0 0.0 -1.0 0.0 -9.34049113137
0.0 0.6 0.0 0.0 0.0 0.0 0.0 0.0 0.0 0.0 0.0 -0.6 0.0 -9.384805897085
0.0 0.6 0.0 0.0 0.0 0.0 0.0 0.0 0.0 0.0 0.0 -0.2 0.0 -9.415282958455
0.0 0.6 0.0 0.0 0.0 0.0 0.0 0.0 0.0 0.0 0.0 0.2 0.0 -9.412119268024
0.0 0.6 0.0 0.0 0.0 0.0 0.0 0.0 0.0 0.0 0.0 0.6 0.0 -9.330640487206
0.0 0.6 0.0 0.0 0.0 0.0 0.0 0.0 0.0 0.0 0.0 1.0 0.0 -9.070484833396
0.0 1.0 0.0 0.0 0.0 0.0 0.0 0.0 0.0 0.0 0.0 -1.0 0.0 -9.316685737456
0.0 1.0 0.0 0.0 0.0 0.0 0.0 0.0 0.0 0.0 0.0 -0.6 0.0 -9.355193778026
0.0 1.0 0.0 0.0 0.0 0.0 0.0 0.0 0.0 0.0 0.0 -0.2 0.0 -9.381769624302
0.0 1.0 0.0 0.0 0.0 0.0 0.0 0.0 0.0 0.0 0.0 0.2 0.0 -9.378491462744
0.0 1.0 0.0 0.0 0.0 0.0 0.0 0.0 0.0 0.0 0.0 0.6 0.0 -9.305918633548
0.0 1.0 0.0 0.0 0.0 0.0 0.0 0.0 0.0 0.0 0.0 1.0 0.0 -9.078085459142
0.0 -1.0 0.0 0.0 0.0 0.0 0.0 0.0 0.0 0.0 0.0 0.0 -1.0 -9.197550463624
0.0 -1.0 0.0 0.0 0.0 0.0 0.0 0.0 0.0 0.0 0.0 0.0 -0.6 -9.330543055901
0.0 -1.0 0.0 0.0 0.0 0.0 0.0 0.0 0.0 0.0 0.0 0.0 -0.2 -9.380125306247
0.0 -1.0 0.0 0.0 0.0 0.0 0.0 0.0 0.0 0.0 0.0 0.0 0.2 -9.380126499372
0.0 -1.0 0.0 0.0 0.0 0.0 0.0 0.0 0.0 0.0 0.0 0.0 0.6 -9.330547406412
0.0 -1.0 0.0 0.0 0.0 0.0 0.0 0.0 0.0 0.0 0.0 0.0 1.0 -9.197560733071
0.0 -0.6 0.0 0.0 0.0 0.0 0.0 0.0 0.0 0.0 0.0 0.0 -1.0 -9.205698308269
0.0 -0.6 0.0 0.0 0.0 0.0 0.0 0.0 0.0 0.0 0.0 0.0 -0.6 -9.357710902121
0.0 -0.6 0.0 0.0 0.0 0.0 0.0 0.0 0.0 0.0 0.0 0.0 -0.2 -9.413695415474
0.0 -0.6 0.0 0.0 0.0 0.0 0.0 0.0 0.0 0.0 0.0 0.0 0.2 -9.41369627051
0.0 -0.6 0.0 0.0 0.0 0.0 0.0 0.0 0.0 0.0 0.0 0.0 0.6 -9.357713992505
0.0 -0.6 0.0 0.0 0.0 0.0 0.0 0.0 0.0 0.0 0.0 0.0 1.0 -9.205705552119
0.0 -0.2 0.0 0.0 0.0 0.0 0.0 0.0 0.0 0.0 0.0 0.0 -1.0 -9.198948924558
0.0 -0.2 0.0 0.0 0.0 0.0 0.0 0.0 0.0 0.0 0.0 0.0 -0.6 -9.3618721383
0.0 -0.2 0.0 0.0 0.0 0.0 0.0 0.0 0.0 0.0 0.0 0.0 -0.2 -9.421522491471
0.0 -0.2 0.0 0.0 0.0 0.0 0.0 0.0 0.0 0.0 0.0 0.0 0.2 -9.421522806077
0.0 -0.2 0.0 0.0 0.0 0.0 0.0 0.0 0.0 0.0 0.0 0.0 0.6 -9.361873242653
0.0 -0.2 0.0 0.0 0.0 0.0 0.0 0.0 0.0 0.0 0.0 0.0 1.0 -9.198951397531
0.0 0.2 0.0 0.0 0.0 0.0 0.0 0.0 0.0 0.0 0.0 0.0 -1.0 -9.198951677653
0.0 0.2 0.0 0.0 0.0 0.0 0.0 0.0 0.0 0.0 0.0 0.0 -0.6 -9.361873291536
0.0 0.2 0.0 0.0 0.0 0.0 0.0 0.0 0.0 0.0 0.0 0.0 -0.2 -9.421522807748
0.0 0.2 0.0 0.0 0.0 0.0 0.0 0.0 0.0 0.0 0.0 0.0 0.2 -9.421522489801
0.0 0.2 0.0 0.0 0.0 0.0 0.0 0.0 0.0 0.0 0.0 0.0 0.6 -9.361872089436
0.0 0.2 0.0 0.0 0.0 0.0 0.0 0.0 0.0 0.0 0.0 0.0 1.0 -9.198948644505
0.0 0.6 0.0 0.0 0.0 0.0 0.0 0.0 0.0 0.0 0.0 0.0 -1.0 -9.205705811798
0.0 0.6 0.0 0.0 0.0 0.0 0.0 0.0 0.0 0.0 0.0 0.0 -0.6 -9.357714038342
0.0 0.6 0.0 0.0 0.0 0.0 0.0 0.0 0.0 0.0 0.0 0.0 -0.2 -9.413696272126
0.0 0.6 0.0 0.0 0.0 0.0 0.0 0.0 0.0 0.0 0.0 0.0 0.2 -9.413695413837
0.0 0.6 0.0 0.0 0.0 0.0 0.0 0.0 0.0 0.0 0.0 0.0 0.6 -9.357710856314
0.0 0.6 0.0 0.0 0.0 0.0 0.0 0.0 0.0 0.0 0.0 0.0 1.0 -9.205698048759
0.0 1.0 0.0 0.0 0.0 0.0 0.0 0.0 0.0 0.0 0.0 0.0 -1.0 -9.197560955107
0.0 1.0 0.0 0.0 0.0 0.0 0.0 0.0 0.0 0.0 0.0 0.0 -0.6 -9.330547445727
0.0 1.0 0.0 0.0 0.0 0.0 0.0 0.0 0.0 0.0 0.0 0.0 -0.2 -9.380126500524
0.0 1.0 0.0 0.0 0.0 0.0 0.0 0.0 0.0 0.0 0.0 0.0 0.2 -9.380125305009
0.0 1.0 0.0 0.0 0.0 0.0 0.0 0.0 0.0 0.0 0.0 0.0 0.6 -9.330543016573
0.0 1.0 0.0 0.0 0.0 0.0 0.0 0.0 0.0 0.0 0.0 0.0 1.0 -9.197550241775
0.0 0.0 -1.0 -1.0 0.0 0.0 0.0 0.0 0.0 0.0 0.0 0.0 0.0 -9.337768675985
0.0 0.0 -1.0 -0.6 0.0 0.0 0.0 0.0 0.0 0.0 0.0 0.0 0.0 -9.375831042216
0.0 0.0 -1.0 -0.2 0.0 0.0 0.0 0.0 0.0 0.0 0.0 0.0 0.0 -9.392361134239
0.0 0.0 -1.0 0.2 0.0 0.0 0.0 0.0 0.0 0.0 0.0 0.0 0.0 -9.392361214306
0.0 0.0 -1.0 0.6 0.0 0.0 0.0 0.0 0.0 0.0 0.0 0.0 0.0 -9.375831343578
0.0 0.0 -1.0 1.0 0.0 0.0 0.0 0.0 0.0 0.0 0.0 0.0 0.0 -9.33776935148
0.0 0.0 -0.6 -1.0 0.0 0.0 0.0 0.0 0.0 0.0 0.0 0.0 0.0 -9.375831010476
0.0 0.0 -0.6 -0.6 0.0 0.0 0.0 0.0 0.0 0.0 0.0 0.0 0.0 -9.406721853307
0.0 0.0 -0.6 -0.2 0.0 0.0 0.0 0.0 0.0 0.0 0.0 0.0 0.0 -9.418445823369
0.0 0.0 -0.6 0.2 0.0 0.0 0.0 0.0 0.0 0.0 0.0 0.0 0.0 -9.418445856467
0.0 0.0 -0.6 0.6 0.0 0.0 0.0 0.0 0.0 0.0 0.0 0.0 0.0 -9.406722026066
0.0 0.0 -0.6 1.0 0.0 0.0 0.0 0.0 0.0 0.0 0.0 0.0 0.0 -9.375831512719
0.0 0.0 -0.2 -1.0 0.0 0.0 0.0 0.0 0.0 0.0 0.0 0.0 0.0 -9.39236108363
0.0 0.0 -0.2 -0.6 0.0 0.0 0.0 0.0 0.0 0.0 0.0 0.0 0.0 -9.418445812909
0.0 0.0 -0.2 -0.2 0.0 0.0 0.0 0.0 0.0 0.0 0.0 0.0 0.0 -9.426971913511
0.0 0.0 -0.2 0.2 0.0 0.0 0.0 0.0 0.0 0.0 0.0 0.0 0.0 -9.426971920334
0.0 0.0 -0.2 0.6 0.0 0.0 0.0 0.0 0.0 0.0 0.0 0.0 0.0 -9.418445912193
0.0 0.0 -0.2 1.0 0.0 0.0 0.0 0.0 0.0 0.0 0.0 0.0 0.0 -9.392361483919
0.0 0.0 0.2 -1.0 0.0 0.0 0.0 0.0 0.0 0.0 0.0 0.0 0.0 -9.392361138366
0.0 0.0 0.2 -0.6 0.0 0.0 0.0 0.0 0.0 0.0 0.0 0.0 0.0 -9.418445835537
0.0 0.0 0.2 -0.2 0.0 0.0 0.0 0.0 0.0 0.0 0.0 0.0 0.0 -9.426971918177
0.0 0.0 0.2 0.2 0.0 0.0 0.0 0.0 0.0 0.0 0.0 0.0 0.0 -9.426971924996
0.0 0.0 0.2 0.6 0.0 0.0 0.0 0.0 0.0 0.0 0.0 0.0 0.0 -9.41844593481
0.0 0.0 0.2 1.0 0.0 0.0 0.0 0.0 0.0 0.0 0.0 0.0 0.0 -9.392361538633
0.0 0.0 0.6 -1.0 0.0 0.0 0.0 0.0 0.0 0.0 0.0 0.0 0.0 -9.37583121649
0.0 0.0 0.6 -0.6 0.0 0.0 0.0 0.0 0.0 0.0 0.0 0.0 0.0 -9.406721971409
0.0 0.0 0.6 -0.2 0.0 0.0 0.0 0.0 0.0 0.0 0.0 0.0 0.0 -9.418445891243
0.0 0.0 0.6 0.2 0.0 0.0 0.0 0.0 0.0 0.0 0.0 0.0 0.0 -9.41844592433
0.0 0.0 0.6 0.6 0.0 0.0 0.0 0.0 0.0 0.0 0.0 0.0 0.0 -9.406722144131
0.0 0.0 0.6 1.0 0.0 0.0 0.0 0.0 0.0 0.0 0.0 0.0 0.0 -9.375831718662
0.0 0.0 1.0 -1.0 0.0 0.0 0.0 0.0 0.0 0.0 0.0 0.0 0.0 -9.337769137756
0.0 0.0 1.0 -0.6 0.0 0.0 0.0 0.0 0.0 0.0 0.0 0.0 0.0 -9.375831385551
0.0 0.0 1.0 -0.2 0.0 0.0 0.0 0.0 0.0 0.0 0.0 0.0 0.0 -9.392361407874
0.0 0.0 1.0 0.2 0.0 0.0 0.0 0.0 0.0 0.0 0.0 0.0 0.0 -9.392361487918
0.0 0.0 1.0 0.6 0.0 0.0 0.0 0.0 0.0 0.0 0.0 0.0 0.0 -9.375831686839
0.0 0.0 1.0 1.0 0.0 0.0 0.0 0.0 0.0 0.0 0.0 0.0 0.0 -9.337769813112
0.0 0.0 -1.0 0.0 -1.0 0.0 0.0 0.0 0.0 0.0 0.0 0.0 0.0 -9.306955443393
0.0 0.0 -1.0 0.0 -0.6 0.0 0.0 0.0 0.0 0.0 0.0 0.0 0.0 -9.36137024506
0.0 0.0 -1.0 0.0 -0.2 0.0 0.0 0.0 0.0 0.0 0.0 0.0 0.0 -9.390387968194
0.0 0.0 -1.0 0.0 0.2 0.0 0.0 0.0 0.0 0.0 0.0 0.0 0.0 -9.390387973767
0.0 0.0 -1.0 0.0 0.6 0.0 0.0 0.0 0.0 0.0 0.0 0.0 0.0 -9.361370265631
0.0 0.0 -1.0 0.0 1.0 0.0 0.0 0.0 0.0 0.0 0.0 0.0 0.0 -9.306955469105
0.0 0.0 -0.6 0.0 -1.0 0.0 0.0 0.0 0.0 0.0 0.0 0.0 0.0 -9.337022245227
0.0 0.0 -0.6 0.0 -0.6 0.0 0.0 0.0 0.0 0.0 0.0 0.0 0.0 -9.393448584678
0.0 0.0 -0.6 0.0 -0.2 0.0 0.0 0.0 0.0 0.0 0.0 0.0 0.0 -9.417196451419
0.0 0.0 -0.6 0.0 0.2 0.0 0.0 0.0 0.0 0.0 0.0 0.0 0.0 -9.417196453724
0.0 0.0 -0.6 0.0 0.6 0.0 0.0 0.0 0.0 0.0 0.0 0.0 0.0 -9.393448598259
0.0 0.0 -0.6 0.0 1.0 0.0 0.0 0.0 0.0 0.0 0.0 0.0 0.0 -9.337022263055
0.0 0.0 -0.2 0.0 -1.0 0.0 0.0 0.0 0.0 0.0 0.0 0.0 0.0 -9.348798602558
0.0 0.0 -0.2 0.0 -0.6 0.0 0.0 0.0 0.0 0.0 0.0 0.0 0.0 -9.406264543477
0.0 0.0 -0.2 0.0 -0.2 0.0 0.0 0.0 0.0 0.0 0.0 0.0 0.0 -9.426308654175
0.0 0.0 -0.2 0.0 0.2 0.0 0.0 0.0 0.0 0.0 0.0 0.0 0.0 -9.426308654697
0.0 0.0 -0.2 0.0 0.6 0.0 0.0 0.0 0.0 0.0 0.0 0.0 0.0 -9.406264548254
0.0 0.0 -0.2 0.0 1.0 0.0 0.0 0.0 0.0 0.0 0.0 0.0 0.0 -9.348798609129
0.0 0.0 0.2 0.0 -1.0 0.0 0.0 0.0 0.0 0.0 0.0 0.0 0.0 -9.348798547436
0.0 0.0 0.2 0.0 -0.6 0.0 0.0 0.0 0.0 0.0 0.0 0.0 0.0 -9.406264520138
0.0 0.0 0.2 0.0 -0.2 0.0 0.0 0.0 0.0 0.0 0.0 0.0 0.0 -9.426308653875
0.0 0.0 0.2 0.0 0.2 0.0 0.0 0.0 0.0 0.0 0.0 0.0 0.0 -9.426308653348
0.0 0.0 0.2 0.0 0.6 0.0 0.0 0.0 0.0 0.0 0.0 0.0 0.0 -9.406264515322
0.0 0.0 0.2 0.0 1.0 0.0 0.0 0.0 0.0 0.0 0.0 0.0 0.0 -9.348798540786
0.0 0.0 0.6 0.0 -1.0 0.0 0.0 0.0 0.0 0.0 0.0 0.0 0.0 -9.33702215896
0.0 0.0 0.6 0.0 -0.6 0.0 0.0 0.0 0.0 0.0 0.0 0.0 0.0 -9.393448594528
0.0 0.0 0.6 0.0 -0.2 0.0 0.0 0.0 0.0 0.0 0.0 0.0 0.0 -9.417196510331
0.0 0.0 0.6 0.0 0.2 0.0 0.0 0.0 0.0 0.0 0.0 0.0 0.0 -9.417196508008
0.0 0.0 0.6 0.0 0.6 0.0 0.0 0.0 0.0 0.0 0.0 0.0 0.0 -9.39344858088
0.0 0.0 0.6 0.0 1.0 0.0 0.0 0.0 0.0 0.0 0.0 0.0 0.0 -9.33702214101
0.0 0.0 1.0 0.0 -1.0 0.0 0.0 0.0 0.0 0.0 0.0 0.0 0.0 -9.306955539164
0.0 0.0 1.0 0.0 -0.6 0.0 0.0 0.0 0.0 0.0 0.0 0.0 0.0 -9.361370489441
0.0 0.0 1.0 0.0 -0.2 0.0 0.0 0.0 0.0 0.0 0.0 0.0 0.0 -9.390388241115
0.0 0.0 1.0 0.0 0.2 0.0 0.0 0.0 0.0 0.0 0.0 0.0 0.0 -9.390388235505
0.0 0.0 1.0 0.0 0.6 0.0 0.0 0.0 0.0 0.0 0.0 0.0 0.0 -9.361370468761
0.0 0.0 1.0 0.0 1.0 0.0 0.0 0.0 0.0 0.0 0.0 0.0 0.0 -9.30695551327
0.0 0.0 -1.0 0.0 0.0 -1.0 0.0 0.0 0.0 0.0 0.0 0.0 0.0 -9.308690032213
0.0 0.0 -1.0 0.0 0.0 -0.6 0.0 0.0 0.0 0.0 0.0 0.0 0.0 -9.366502875956
0.0 0.0 -1.0 0.0 0.0 -0.2 0.0 0.0 0.0 0.0 0.0 0.0 0.0 -9.391633203078
0.0 0.0 -1.0 0.0 0.0 0.2 0.0 0.0 0.0 0.0 0.0 0.0 0.0 -9.391633200529
0.0 0.0 -1.0 0.0 0.0 0.6 0.0 0.0 0.0 0.0 0.0 0.0 0.0 -9.366502865898
0.0 0.0 -1.0 0.0 0.0 1.0 0.0 0.0 0.0 0.0 0.0 0.0 0.0 -9.308690021046
0.0 0.0 -0.6 0.0 0.0 -1.0 0.0 0.0 0.0 0.0 0.0 0.0 0.0 -9.337904458911
0.0 0.0 -0.6 0.0 0.0 -0.6 0.0 0.0 0.0 0.0 0.0 0.0 0.0 -9.395808495715
0.0 0.0 -0.6 0.0 0.0 -0.2 0.0 0.0 0.0 0.0 0.0 0.0 0.0 -9.41779664839
0.0 0.0 -0.6 0.0 0.0 0.2 0.0 0.0 0.0 0.0 0.0 0.0 0.0 -9.417796647345
0.0 0.0 -0.6 0.0 0.0 0.6 0.0 0.0 0.0 0.0 0.0 0.0 0.0 -9.395808489477
0.0 0.0 -0.6 0.0 0.0 1.0 0.0 0.0 0.0 0.0 0.0 0.0 0.0 -9.337904450947
0.0 0.0 -0.2 0.0 0.0 -1.0 0.0 0.0 0.0 0.0 0.0 0.0 0.0 -9.348921085428
0.0 0.0 -0.2 0.0 0.0 -0.6 0.0 0.0 0.0 0.0 0.0 0.0 0.0 -9.406559234444
0.0 0.0 -0.2 0.0 0.0 -0.2 0.0 0.0 0.0 0.0 0.0 0.0 0.0 -9.426385681565
0.0 0.0 -0.2 0.0 0.0 0.2 0.0 0.0 0.0 0.0 0.0 0.0 0.0 -9.426385681334
0.0 0.0 -0.2 0.0 0.0 0.6 0.0 0.0 0.0 0.0 0.0 0.0 0.0 -9.406559232343
0.0 0.0 -0.2 0.0 0.0 1.0 0.0 0.0 0.0 0.0 0.0 0.0 0.0 -9.348921082525
0.0 0.0 0.2 0.0 0.0 -1.0 0.0 0.0 0.0 0.0 0.0 0.0 0.0 -9.348921008175
0.0 0.0 0.2 0.0 0.0 -0.6 0.0 0.0 0.0 0.0 0.0 0.0 0.0 -9.406559182535
0.0 0.0 0.2 0.0 0.0 -0.2 0.0 0.0 0.0 0.0 0.0 0.0 0.0 -9.426385674909
0.0 0.0 0.2 0.0 0.0 0.2 0.0 0.0 0.0 0.0 0.0 0.0 0.0 -9.42638567514
0.0 0.0 0.2 0.0 0.0 0.6 0.0 0.0 0.0 0.0 0.0 0.0 0.0 -9.406559184637
0.0 0.0 0.2 0.0 0.0 1.0 0.0 0.0 0.0 0.0 0.0 0.0 0.0 -9.34892101108
0.0 0.0 0.6 0.0 0.0 -1.0 0.0 0.0 0.0 0.0 0.0 0.0 0.0 -9.337904305372
0.0 0.0 0.6 0.0 0.0 -0.6 0.0 0.0 0.0 0.0 0.0 0.0 0.0 -9.395808413605
0.0 0.0 0.6 0.0 0.0 -0.2 0.0 0.0 0.0 0.0 0.0 0.0 0.0 -9.417796686087
0.0 0.0 0.6 0.0 0.0 0.2 0.0 0.0 0.0 0.0 0.0 0.0 0.0 -9.417796687133
0.0 0.0 0.6 0.0 0.0 0.6 0.0 0.0 0.0 0.0 0.0 0.0 0.0 -9.395808419847
0.0 0.0 0.6 0.0 0.0 1.0 0.0 0.0 0.0 0.0 0.0 0.0 0.0 -9.337904313339
0.0 0.0 1.0 0.0 0.0 -1.0 0.0 0.0 0.0 0.0 0.0 0.0 0.0 -9.308690005963
0.0 0.0 1.0 0.0 0.0 -0.6 0.0 0.0 0.0 0.0 0.0 0.0 0.0 -9.366502953505
0.0 0.0 1.0 0.0 0.0 -0.2 0.0 0.0 0.0 0.0 0.0 0.0 0.0 -9.391633437025
0.0 0.0 1.0 0.0 0.0 0.2 0.0 0.0 0.0 0.0 0.0 0.0 0.0 -9.391633439578
0.0 0.0 1.0 0.0 0.0 0.6 0.0 0.0 0.0 0.0 0.0 0.0 0.0 -9.36650296357
0.0 0.0 1.0 0.0 0.0 1.0 0.0 0.0 0.0 0.0 0.0 0.0 0.0 -9.308690017135
0.0 0.0 -1.0 0.0 0.0 0.0 -1.0 0.0 0.0 0.0 0.0 0.0 0.0 -9.337658523347
0.0 0.0 -1.0 0.0 0.0 0.0 -0.6 0.0 0.0 0.0 0.0 0.0 0.0 -9.378518627262
0.0 0.0 -1.0 0.0 0.0 0.0 -0.2 0.0 0.0 0.0 0.0 0.0 0.0 -9.393516987245
0.0 0.0 -1.0 0.0 0.0 0.0 0.2 0.0 0.0 0.0 0.0 0.0 0.0 -9.39013632877
0.0 0.0 -1.0 0.0 0.0 0.0 0.6 0.0 0.0 0.0 0.0 0.0 0.0 -9.360912812769
0.0 0.0 -1.0 0.0 0.0 0.0 1.0 0.0 0.0 0.0 0.0 0.0 0.0 -9.301863708482
0.0 0.0 -0.6 0.0 0.0 0.0 -1.0 0.0 0.0 0.0 0.0 0.0 0.0 -9.359937267916
0.0 0.0 -0.6 0.0 0.0 0.0 -0.6 0.0 0.0 0.0 0.0 0.0 0.0 -9.403246236412
0.0 0.0 -0.6 0.0 0.0 0.0 -0.2 0.0 0.0 0.0 0.0 0.0 0.0 -9.418374173031
0.0 0.0 -0.6 0.0 0.0 0.0 0.2 0.0 0.0 0.0 0.0 0.0 0.0 -9.417277963541
0.0 0.0 -0.6 0.0 0.0 0.0 0.6 0.0 0.0 0.0 0.0 0.0 0.0 -9.393609677661
0.0 0.0 -0.6 0.0 0.0 0.0 1.0 0.0 0.0 0.0 0.0 0.0 0.0 -9.337759486074
0.0 0.0 -0.2 0.0 0.0 0.0 -1.0 0.0 0.0 0.0 0.0 0.0 0.0 -9.363656846875
0.0 0.0 -0.2 0.0 0.0 0.0 -0.6 0.0 0.0 0.0 0.0 0.0 0.0 -9.410382363168
0.0 0.0 -0.2 0.0 0.0 0.0 -0.2 0.0 0.0 0.0 0.0 0.0 0.0 -9.426407500129
0.0 0.0 -0.2 0.0 0.0 0.0 0.2 0.0 0.0 0.0 0.0 0.0 0.0 -9.426222268154
0.0 0.0 -0.2 0.0 0.0 0.0 0.6 0.0 0.0 0.0 0.0 0.0 0.0 -9.407322158664
0.0 0.0 -0.2 0.0 0.0 0.0 1.0 0.0 0.0 0.0 0.0 0.0 0.0 -9.356069458321
0.0 0.0 0.2 0.0 0.0 0.0 -1.0 0.0 0.0 0.0 0.0 0.0 0.0 -9.356069162649
0.0 0.0 0.2 0.0 0.0 0.0 -0.6 0.0 0.0 0.0 0.0 0.0 0.0 -9.407322031009
0.0 0.0 0.2 0.0 0.0 0.0 -0.2 0.0 0.0 0.0 0.0 0.0 0.0 -9.426222257732
0.0 0.0 0.2 0.0 0.0 0.0 0.2 0.0 0.0 0.0 0.0 0.0 0.0 -9.426407499509
0.0 0.0 0.2 0.0 0.0 0.0 0.6 0.0 0.0 0.0 0.0 0.0 0.0 -9.410382394168
0.0 0.0 0.2 0.0 0.0 0.0 1.0 0.0 0.0 0.0 0.0 0.0 0.0 -9.363656979141
0.0 0.0 0.6 0.0 0.0 0.0 -1.0 0.0 0.0 0.0 0.0 0.0 0.0 -9.337759183454
0.0 0.0 0.6 0.0 0.0 0.0 -0.6 0.0 0.0 0.0 0.0 0.0 0.0 -9.393609545941
0.0 0.0 0.6 0.0 0.0 0.0 -0.2 0.0 0.0 0.0 0.0 0.0 0.0 -9.417277994977
0.0 0.0 0.6 0.0 0.0 0.0 0.2 0.0 0.0 0.0 0.0 0.0 0.0 -9.418374224688
0.0 0.0 0.6 0.0 0.0 0.0 0.6 0.0 0.0 0.0 0.0 0.0 0.0 -9.403246233674
0.0 0.0 0.6 0.0 0.0 0.0 1.0 0.0 0.0 0.0 0.0 0.0 0.0 -9.359937265673
0.0 0.0 1.0 0.0 0.0 0.0 -1.0 0.0 0.0 0.0 0.0 0.0 0.0 -9.301863663061
0.0 0.0 1.0 0.0 0.0 0.0 -0.6 0.0 0.0 0.0 0.0 0.0 0.0 -9.360912882345
0.0 0.0 1.0 0.0 0.0 0.0 -0.2 0.0 0.0 0.0 0.0 0.0 0.0 -9.390136553758
0.0 0.0 1.0 0.0 0.0 0.0 0.2 0.0 0.0 0.0 0.0 0.0 0.0 -9.393517244747
0.0 0.0 1.0 0.0 0.0 0.0 0.6 0.0 0.0 0.0 0.0 0.0 0.0 -9.378518780087
0.0 0.0 1.0 0.0 0.0 0.0 1.0 0.0 0.0 0.0 0.0 0.0 0.0 -9.337658587464
0.0 0.0 -1.0 0.0 0.0 0.0 0.0 -1.0 0.0 0.0 0.0 0.0 0.0 -9.280345325941
0.0 0.0 -1.0 0.0 0.0 0.0 0.0 -0.6 0.0 0.0 0.0 0.0 0.0 -9.34738366097
0.0 0.0 -1.0 0.0 0.0 0.0 0.0 -0.2 0.0 0.0 0.0 0.0 0.0 -9.38721988301
0.0 0.0 -1.0 0.0 0.0 0.0 0.0 0.2 0.0 0.0 0.0 0.0 0.0 -9.394571788207
0.0 0.0 -1.0 0.0 0.0 0.0 0.0 0.6 0.0 0.0 0.0 0.0 0.0 -9.383444721764
0.0 0.0 -1.0 0.0 0.0 0.0 0.0 1.0 0.0 0.0 0.0 0.0 0.0 -9.355609155934
0.0 0.0 -0.6 0.0 0.0 0.0 0.0 -1.0 0.0 0.0 0.0 0.0 0.0 -9.323564882661
0.0 0.0 -0.6 0.0 0.0 0.0 0.0 -0.6 0.0 0.0 0.0 0.0 0.0 -9.386042951332
0.0 0.0 -0.6 0.0 0.0 0.0 0.0 -0.2 0.0 0.0 0.0 0.0 0.0 -9.41617375823
0.0 0.0 -0.6 0.0 0.0 0.0 0.0 0.2 0.0 0.0 0.0 0.0 0.0 -9.418566959578
0.0 0.0 -0.6 0.0 0.0 0.0 0.0 0.6 0.0 0.0 0.0 0.0 0.0 -9.406745857066
0.0 0.0 -0.6 0.0 0.0 0.0 0.0 1.0 0.0 0.0 0.0 0.0 0.0 -9.372116747178
0.0 0.0 -0.2 0.0 0.0 0.0 0.0 -1.0 0.0 0.0 0.0 0.0 0.0 -9.351231978496
0.0 0.0 -0.2 0.0 0.0 0.0 0.0 -0.6 0.0 0.0 0.0 0.0 0.0 -9.405177740925
0.0 0.0 -0.2 0.0 0.0 0.0 0.0 -0.2 0.0 0.0 0.0 0.0 0.0 -9.426049410515
0.0 0.0 -0.2 0.0 0.0 0.0 0.0 0.2 0.0 0.0 0.0 0.0 0.0 -9.426462456311
0.0 0.0 -0.2 0.0 0.0 0.0 0.0 0.6 0.0 0.0 0.0 0.0 0.0 -9.412011231543
0.0 0.0 -0.2 0.0 0.0 0.0 0.0 1.0 0.0 0.0 0.0 0.0 0.0 -9.368222314404
0.0 0.0 0.2 0.0 0.0 0.0 0.0 -1.0 0.0 0.0 0.0 0.0 0.0 -9.368221932356
0.0 0.0 0.2 0.0 0.0 0.0 0.0 -0.6 0.0 0.0 0.0 0.0 0.0 -9.412011106727
0.0 0.0 0.2 0.0 0.0 0.0 0.0 -0.2 0.0 0.0 0.0 0.0 0.0 -9.426462458641
0.0 0.0 0.2 0.0 0.0 0.0 0.0 0.2 0.0 0.0 0.0 0.0 0.0 -9.426049411965
0.0 0.0 0.2 0.0 0.0 0.0 0.0 0.6 0.0 0.0 0.0 0.0 0.0 -9.405177842635
0.0 0.0 0.2 0.0 0.0 0.0 0.0 1.0 0.0 0.0 0.0 0.0 0.0 -9.351232270768
0.0 0.0 0.6 0.0 0.0 0.0 0.0 -1.0 0.0 0.0 0.0 0.0 0.0 -9.37211656772
0.0 0.0 0.6 0.0 0.0 0.0 0.0 -0.6 0.0 0.0 0.0 0.0 0.0 -9.406745932769
0.0 0.0 0.6 0.0 0.0 0.0 0.0 -0.2 0.0 0.0 0.0 0.0 0.0 -9.418567075365
0.0 0.0 0.6 0.0 0.0 0.0 0.0 0.2 0.0 0.0 0.0 0.0 0.0 -9.416173770355
0.0 0.0 0.6 0.0 0.0 0.0 0.0 0.6 0.0 0.0 0.0 0.0 0.0 -9.386042972301
0.0 0.0 0.6 0.0 0.0 0.0 0.0 1.0 0.0 0.0 0.0 0.0 0.0 -9.323565000548
0.0 0.0 1.0 0.0 0.0 0.0 0.0 -1.0 0.0 0.0 0.0 0.0 0.0 -9.355609568526
0.0 0.0 1.0 0.0 0.0 0.0 0.0 -0.6 0.0 0.0 0.0 0.0 0.0 -9.383445286246
0.0 0.0 1.0 0.0 0.0 0.0 0.0 -0.2 0.0 0.0 0.0 0.0 0.0 -9.394572192877
0.0 0.0 1.0 0.0 0.0 0.0 0.0 0.2 0.0 0.0 0.0 0.0 0.0 -9.387220032797
0.0 0.0 1.0 0.0 0.0 0.0 0.0 0.6 0.0 0.0 0.0 0.0 0.0 -9.347383715939
0.0 0.0 1.0 0.0 0.0 0.0 0.0 1.0 0.0 0.0 0.0 0.0 0.0 -9.280345384632
0.0 0.0 -1.0 0.0 0.0 0.0 0.0 0.0 -1.0 0.0 0.0 0.0 0.0 -9.385491355389
0.0 0.0 -1.0 0.0 0.0 0.0 0.0 0.0 -0.6 0.0 0.0 0.0 0.0 -9.399612996363
0.0 0.0 -1.0 0.0 0.0 0.0 0.0 0.0 -0.2 0.0 0.0 0.0 0.0 -9.39884302093
0.0 0.0 -1.0 0.0 0.0 0.0 0.0 0.0 0.2 0.0 0.0 0.0 0.0 -9.387526448233
0.0 0.0 -1.0 0.0 0.0 0.0 0.0 0.0 0.6 0.0 0.0 0.0 0.0 -9.368789246941
0.0 0.0 -1.0 0.0 0.0 0.0 0.0 0.0 1.0 0.0 0.0 0.0 0.0 -9.344888642198
0.0 0.0 -0.6 0.0 0.0 0.0 0.0 0.0 -1.0 0.0 0.0 0.0 0.0 -9.380820903681
0.0 0.0 -0.6 0.0 0.0 0.0 0.0 0.0 -0.6 0.0 0.0 0.0 0.0 -9.411240881612
0.0 0.0 -0.6 0.0 0.0 0.0 0.0 0.0 -0.2 0.0 0.0 0.0 0.0 -9.420702277418
0.0 0.0 -0.6 0.0 0.0 0.0 0.0 0.0 0.2 0.0 0.0 0.0 0.0 -9.415727372272
0.0 0.0 -0.6 0.0 0.0 0.0 0.0 0.0 0.6 0.0 0.0 0.0 0.0 -9.400819579908
0.0 0.0 -0.6 0.0 0.0 0.0 0.0 0.0 1.0 0.0 0.0 0.0 0.0 -9.379102372622
0.0 0.0 -0.2 0.0 0.0 0.0 0.0 0.0 -1.0 0.0 0.0 0.0 0.0 -9.367393048074
0.0 0.0 -0.2 0.0 0.0 0.0 0.0 0.0 -0.6 0.0 0.0 0.0 0.0 -9.409485114354
0.0 0.0 -0.2 0.0 0.0 0.0 0.0 0.0 -0.2 0.0 0.0 0.0 0.0 -9.426238450095
0.0 0.0 -0.2 0.0 0.0 0.0 0.0 0.0 0.2 0.0 0.0 0.0 0.0 -9.425818858698
0.0 0.0 -0.2 0.0 0.0 0.0 0.0 0.0 0.6 0.0 0.0 0.0 0.0 -9.413738853921
0.0 0.0 -0.2 0.0 0.0 0.0 0.0 0.0 1.0 0.0 0.0 0.0 0.0 -9.393740843244
0.0 0.0 0.2 0.0 0.0 0.0 0.0 0.0 -1.0 0.0 0.0 0.0 0.0 -9.367393152269
0.0 0.0 0.2 0.0 0.0 0.0 0.0 0.0 -0.6 0.0 0.0 0.0 0.0 -9.40948514595
0.0 0.0 0.2 0.0 0.0 0.0 0.0 0.0 -0.2 0.0 0.0 0.0 0.0 -9.426238454354
0.0 0.0 0.2 0.0 0.0 0.0 0.0 0.0 0.2 0.0 0.0 0.0 0.0 -9.42581886483
0.0 0.0 0.2 0.0 0.0 0.0 0.0 0.0 0.6 0.0 0.0 0.0 0.0 -9.413738879846
0.0 0.0 0.2 0.0 0.0 0.0 0.0 0.0 1.0 0.0 0.0 0.0 0.0 -9.393740899208
0.0 0.0 0.6 0.0 0.0 0.0 0.0 0.0 -1.0 0.0 0.0 0.0 0.0 -9.380821147476
0.0 0.0 0.6 0.0 0.0 0.0 0.0 0.0 -0.6 0.0 0.0 0.0 0.0 -9.411240980639
0.0 0.0 0.6 0.0 0.0 0.0 0.0 0.0 -0.2 0.0 0.0 0.0 0.0 -9.420702333428
0.0 0.0 0.6 0.0 0.0 0.0 0.0 0.0 0.2 0.0 0.0 0.0 0.0 -9.415727452005
0.0 0.0 0.6 0.0 0.0 0.0 0.0 0.0 0.6 0.0 0.0 0.0 0.0 -9.400819724712
0.0 0.0 0.6 0.0 0.0 0.0 0.0 0.0 1.0 0.0 0.0 0.0 0.0 -9.379102606176
0.0 0.0 1.0 0.0 0.0 0.0 0.0 0.0 -1.0 0.0 0.0 0.0 0.0 -9.385491667961
0.0 0.0 1.0 0.0 0.0 0.0 0.0 0.0 -0.6 0.0 0.0 0.0 0.0 -9.399613220516
0.0 0.0 1.0 0.0 0.0 0.0 0.0 0.0 -0.2 0.0 0.0 0.0 0.0 -9.39884325434
0.0 0.0 1.0 0.0 0.0 0.0 0.0 0.0 0.2 0.0 0.0 0.0 0.0 -9.3875267567
0.0 0.0 1.0 0.0 0.0 0.0 0.0 0.0 0.6 0.0 0.0 0.0 0.0 -9.368789671845
0.0 0.0 1.0 0.0 0.0 0.0 0.0 0.0 1.0 0.0 0.0 0.0 0.0 -9.344889207229
0.0 0.0 -1.0 0.0 0.0 0.0 0.0 0.0 0.0 -1.0 0.0 0.0 0.0 -9.320692453596
0.0 0.0 -1.0 0.0 0.0 0.0 0.0 0.0 0.0 -0.6 0.0 0.0 0.0 -9.368632899833
0.0 0.0 -1.0 0.0 0.0 0.0 0.0 0.0 0.0 -0.2 0.0 0.0 0.0 -9.391479852745
0.0 0.0 -1.0 0.0 0.0 0.0 0.0 0.0 0.0 0.2 0.0 0.0 0.0 -9.39147985132
0.0 0.0 -1.0 0.0 0.0 0.0 0.0 0.0 0.0 0.6 0.0 0.0 0.0 -9.368632895242
0.0 0.0 -1.0 0.0 0.0 0.0 0.0 0.0 0.0 1.0 0.0 0.0 0.0 -9.32069244485
0.0 0.0 -0.6 0.0 0.0 0.0 0.0 0.0 0.0 -1.0 0.0 0.0 0.0 -9.324525248901
0.0 0.0 -0.6 0.0 0.0 0.0 0.0 0.0 0.0 -0.6 0.0 0.0 0.0 -9.386634852626
0.0 0.0 -0.6 0.0 0.0 0.0 0.0 0.0 0.0 -0.2 0.0 0.0 0.0 -9.41609083449
0.0 0.0 -0.6 0.0 0.0 0.0 0.0 0.0 0.0 0.2 0.0 0.0 0.0 -9.416090833754
0.0 0.0 -0.6 0.0 0.0 0.0 0.0 0.0 0.0 0.6 0.0 0.0 0.0 -9.386634850251
0.0 0.0 -0.6 0.0 0.0 0.0 0.0 0.0 0.0 1.0 0.0 0.0 0.0 -9.324525244361
0.0 0.0 -0.2 0.0 0.0 0.0 0.0 0.0 0.0 -1.0 0.0 0.0 0.0 -9.319074030738
0.0 0.0 -0.2 0.0 0.0 0.0 0.0 0.0 0.0 -0.6 0.0 0.0 0.0 -9.390085027951
0.0 0.0 -0.2 0.0 0.0 0.0 0.0 0.0 0.0 -0.2 0.0 0.0 0.0 -9.423670590683
0.0 0.0 -0.2 0.0 0.0 0.0 0.0 0.0 0.0 0.2 0.0 0.0 0.0 -9.423670590591
0.0 0.0 -0.2 0.0 0.0 0.0 0.0 0.0 0.0 0.6 0.0 0.0 0.0 -9.390085027638
0.0 0.0 -0.2 0.0 0.0 0.0 0.0 0.0 0.0 1.0 0.0 0.0 0.0 -9.319074030085
0.0 0.0 0.2 0.0 0.0 0.0 0.0 0.0 0.0 -1.0 0.0 0.0 0.0 -9.319073685785
0.0 0.0 0.2 0.0 0.0 0.0 0.0 0.0 0.0 -0.6 0.0 0.0 0.0 -9.390084911652
0.0 0.0 0.2 0.0 0.0 0.0 0.0 0.0 0.0 -0.2 0.0 0.0 0.0 -9.42367058019
0.0 0.0 0.2 0.0 0.0 0.0 0.0 0.0 0.0 0.2 0.0 0.0 0.0 -9.423670580096
0.0 0.0 0.2 0.0 0.0 0.0 0.0 0.0 0.0 0.6 0.0 0.0 0.0 -9.390084911332
0.0 0.0 0.2 0.0 0.0 0.0 0.0 0.0 0.0 1.0 0.0 0.0 0.0 -9.319073685119
0.0 0.0 0.6 0.0 0.0 0.0 0.0 0.0 0.0 -1.0 0.0 0.0 0.0 -9.324524414663
0.0 0.0 0.6 0.0 0.0 0.0 0.0 0.0 0.0 -0.6 0.0 0.0 0.0 -9.386634607096
0.0 0.0 0.6 0.0 0.0 0.0 0.0 0.0 0.0 -0.2 0.0 0.0 0.0 -9.416090862556
0.0 0.0 0.6 0.0 0.0 0.0 0.0 0.0 0.0 0.2 0.0 0.0 0.0 -9.416090861815
0.0 0.0 0.6 0.0 0.0 0.0 0.0 0.0 0.0 0.6 0.0 0.0 0.0 -9.386634604703
0.0 0.0 0.6 0.0 0.0 0.0 0.0 0.0 0.0 1.0 0.0 0.0 0.0 -9.32452441009
0.0 0.0 1.0 0.0 0.0 0.0 0.0 0.0 0.0 -1.0 0.0 0.0 0.0 -9.320691605409
0.0 0.0 1.0 0.0 0.0 0.0 0.0 0.0 0.0 -0.6 0.0 0.0 0.0 -9.368632781034
0.0 0.0 1.0 0.0 0.0 0.0 0.0 0.0 0.0 -0.2 0.0 0.0 0.0 -9.39148007552
0.0 0.0 1.0 0.0 0.0 0.0 0.0 0.0 0.0 0.2 0.0 0.0 0.0 -9.391480074088
0.0 0.0 1.0 0.0 0.0 0.0 0.0 0.0 0.0 0.6 0.0 0.0 0.0 -9.368632776423
0.0 0.0 1.0 0.0 0.0 0.0 0.0 0.0 0.0 1.0 0.0 0.0 0.0 -9.320691596625
0.0 0.0 -1.0 0.0 0.0 0.0 0.0 0.0 0.0 0.0 -1.0 0.0 0.0 -9.313224367644
0.0 0.0 -1.0 0.0 0.0 0.0 0.0 0.0 0.0 0.0 -0.6 0.0 0.0 -9.357748346341
0.0 0.0 -1.0 0.0 0.0 0.0 0.0 0.0 0.0 0.0 -0.2 0.0 0.0 -9.386681498997
0.0 0.0 -1.0 0.0 0.0 0.0 0.0 0.0 0.0 0.0 0.2 0.0 0.0 -9.396461789743
0.0 0.0 -1.0 0.0 0.0 0.0 0.0 0.0 0.0 0.0 0.6 0.0 0.0 -9.381096616357
0.0 0.0 -1.0 0.0 0.0 0.0 0.0 0.0 0.0 0.0 1.0 0.0 0.0 -9.332066638725
0.0 0.0 -0.6 0.0 0.0 0.0 0.0 0.0 0.0 0.0 -1.0 0.0 0.0 -9.331175008576
0.0 0.0 -0.6 0.0 0.0 0.0 0.0 0.0 0.0 0.0 -0.6 0.0 0.0 -9.384091119118
0.0 0.0 -0.6 0.0 0.0 0.0 0.0 0.0 0.0 0.0 -0.2 0.0 0.0 -9.414187438439
0.0 0.0 -0.6 0.0 0.0 0.0 0.0 0.0 0.0 0.0 0.2 0.0 0.0 -9.417857985196
0.0 0.0 -0.6 0.0 0.0 0.0 0.0 0.0 0.0 0.0 0.6 0.0 0.0 -9.387755011299
0.0 0.0 -0.6 0.0 0.0 0.0 0.0 0.0 0.0 0.0 1.0 0.0 0.0 -9.312695970334
0.0 0.0 -0.2 0.0 0.0 0.0 0.0 0.0 0.0 0.0 -1.0 0.0 0.0 -9.332770560736
0.0 0.0 -0.2 0.0 0.0 0.0 0.0 0.0 0.0 0.0 -0.6 0.0 0.0 -9.392025785689
0.0 0.0 -0.2 0.0 0.0 0.0 0.0 0.0 0.0 0.0 -0.2 0.0 0.0 -9.423411855433
0.0 0.0 -0.2 0.0 0.0 0.0 0.0 0.0 0.0 0.0 0.2 0.0 0.0 -9.423537021762
0.0 0.0 -0.2 0.0 0.0 0.0 0.0 0.0 0.0 0.0 0.6 0.0 0.0 -9.384312715171
0.0 0.0 -0.2 0.0 0.0 0.0 0.0 0.0 0.0 0.0 1.0 0.0 0.0 -9.292887699332
0.0 0.0 0.2 0.0 0.0 0.0 0.0 0.0 0.0 0.0 -1.0 0.0 0.0 -9.332771092547
0.0 0.0 0.2 0.0 0.0 0.0 0.0 0.0 0.0 0.0 -0.6 0.0 0.0 -9.392026101976
0.0 0.0 0.2 0.0 0.0 0.0 0.0 0.0 0.0 0.0 -0.2 0.0 0.0 -9.423411971108
0.0 0.0 0.2 0.0 0.0 0.0 0.0 0.0 0.0 0.0 0.2 0.0 0.0 -9.423536892985
0.0 0.0 0.2 0.0 0.0 0.0 0.0 0.0 0.0 0.0 0.6 0.0 0.0 -9.384312241881
0.0 0.0 0.2 0.0 0.0 0.0 0.0 0.0 0.0 0.0 1.0 0.0 0.0 -9.292886714993
0.0 0.0 0.6 0.0 0.0 0.0 0.0 0.0 0.0 0.0 -1.0 0.0 0.0 -9.331176327365
0.0 0.0 0.6 0.0 0.0 0.0 0.0 0.0 0.0 0.0 -0.6 0.0 0.0 -9.384091943588
0.0 0.0 0.6 0.0 0.0 0.0 0.0 0.0 0.0 0.0 -0.2 0.0 0.0 -9.414187780506
0.0 0.0 0.6 0.0 0.0 0.0 0.0 0.0 0.0 0.0 0.2 0.0 0.0 -9.417857717345
0.0 0.0 0.6 0.0 0.0 0.0 0.0 0.0 0.0 0.0 0.6 0.0 0.0 -9.387753868955
0.0 0.0 0.6 0.0 0.0 0.0 0.0 0.0 0.0 0.0 1.0 0.0 0.0 -9.312693525463
0.0 0.0 1.0 0.0 0.0 0.0 0.0 0.0 0.0 0.0 -1.0 0.0 0.0 -9.313225939113
0.0 0.0 1.0 0.0 0.0 0.0 0.0 0.0 0.0 0.0 -0.6 0.0 0.0 -9.357749443259
0.0 0.0 1.0 0.0 0.0 0.0 0.0 0.0 0.0 0.0 -0.2 0.0 0.0 -9.386682081976
0.0 0.0 1.0 0.0 0.0 0.0 0.0 0.0 0.0 0.0 0.2 0.0 0.0 -9.396461670076
0.0 0.0 1.0 0.0 0.0 0.0 0.0 0.0 0.0 0.0 0.6 0.0 0.0 -9.381095451699
0.0 0.0 1.0 0.0 0.0 0.0 0.0 0.0 0.0 0.0 1.0 0.0 0.0 -9.33206390098
0.0 0.0 -1.0 0.0 0.0 0.0 0.0 0.0 0.0 0.0 0.0 -1.0 0.0 -9.311373833692
0.0 0.0 -1.0 0.0 0.0 0.0 0.0 0.0 0.0 0.0 0.0 -0.6 0.0 -9.354158933456
0.0 0.0 -1.0 0.0 0.0 0.0 0.0 0.0 0.0 0.0 0.0 -0.2 0.0 -9.386286926006
0.0 0.0 -1.0 0.0 0.0 0.0 0.0 0.0 0.0 0.0 0.0 0.2 0.0 -9.393239948899
0.0 0.0 -1.0 0.0 0.0 0.0 0.0 0.0 0.0 0.0 0.0 0.6 0.0 -9.344937479133
0.0 0.0 -1.0 0.0 0.0 0.0 0.0 0.0 0.0 0.0 0.0 1.0 0.0 -9.18012396225
0.0 0.0 -0.6 0.0 0.0 0.0 0.0 0.0 0.0 0.0 0.0 -1.0 0.0 -9.332641761474
0.0 0.0 -0.6 0.0 0.0 0.0 0.0 0.0 0.0 0.0 0.0 -0.6 0.0 -9.379504638116
0.0 0.0 -0.6 0.0 0.0 0.0 0.0 0.0 0.0 0.0 0.0 -0.2 0.0 -9.413014574899
0.0 0.0 -0.6 0.0 0.0 0.0 0.0 0.0 0.0 0.0 0.0 0.2 0.0 -9.414899855832
0.0 0.0 -0.6 0.0 0.0 0.0 0.0 0.0 0.0 0.0 0.0 0.6 0.0 -9.344809273302
0.0 0.0 -0.6 0.0 0.0 0.0 0.0 0.0 0.0 0.0 0.0 1.0 0.0 -9.114427444195
0.0 0.0 -0.2 0.0 0.0 0.0 0.0 0.0 0.0 0.0 0.0 -1.0 0.0 -9.338590424593
0.0 0.0 -0.2 0.0 0.0 0.0 0.0 0.0 0.0 0.0 0.0 -0.6 0.0 -9.387772466706
0.0 0.0 -0.2 0.0 0.0 0.0 0.0 0.0 0.0 0.0 0.0 -0.2 0.0 -9.42197802819
0.0 0.0 -0.2 0.0 0.0 0.0 0.0 0.0 0.0 0.0 0.0 0.2 0.0 -9.420575623262
0.0 0.0 -0.2 0.0 0.0 0.0 0.0 0.0 0.0 0.0 0.0 0.6 0.0 -9.336531880863
0.0 0.0 -0.2 0.0 0.0 0.0 0.0 0.0 0.0 0.0 0.0 1.0 0.0 -9.062828267667
0.0 0.0 0.2 0.0 0.0 0.0 0.0 0.0 0.0 0.0 0.0 -1.0 0.0 -9.338590187727
0.0 0.0 0.2 0.0 0.0 0.0 0.0 0.0 0.0 0.0 0.0 -0.6 0.0 -9.387772312721
0.0 0.0 0.2 0.0 0.0 0.0 0.0 0.0 0.0 0.0 0.0 -0.2 0.0 -9.421977970516
0.0 0.0 0.2 0.0 0.0 0.0 0.0 0.0 0.0 0.0 0.0 0.2 0.0 -9.420575699986
0.0 0.0 0.2 0.0 0.0 0.0 0.0 0.0 0.0 0.0 0.0 0.6 0.0 -9.336532182526
0.0 0.0 0.2 0.0 0.0 0.0 0.0 0.0 0.0 0.0 0.0 1.0 0.0 -9.062828987418
0.0 0.0 0.6 0.0 0.0 0.0 0.0 0.0 0.0 0.0 0.0 -1.0 0.0 -9.332641209458
0.0 0.0 0.6 0.0 0.0 0.0 0.0 0.0 0.0 0.0 0.0 -0.6 0.0 -9.379504296405
0.0 0.0 0.6 0.0 0.0 0.0 0.0 0.0 0.0 0.0 0.0 -0.2 0.0 -9.413014480996
0.0 0.0 0.6 0.0 0.0 0.0 0.0 0.0 0.0 0.0 0.0 0.2 0.0 -9.414900109412
0.0 0.0 0.6 0.0 0.0 0.0 0.0 0.0 0.0 0.0 0.0 0.6 0.0 -9.344810102623
0.0 0.0 0.6 0.0 0.0 0.0 0.0 0.0 0.0 0.0 0.0 1.0 0.0 -9.114429312376
0.0 0.0 1.0 0.0 0.0 0.0 0.0 0.0 0.0 0.0 0.0 -1.0 0.0 -9.311373351321
0.0 0.0 1.0 0.0 0.0 0.0 0.0 0.0 0.0 0.0 0.0 -0.6 0.0 -9.35415870081
0.0 0.0 1.0 0.0 0.0 0.0 0.0 0.0 0.0 0.0 0.0 -0.2 0.0 -9.386286997484
0.0 0.0 1.0 0.0 0.0 0.0 0.0 0.0 0.0 0.0 0.0 0.2 0.0 -9.393240452426
0.0 0.0 1.0 0.0 0.0 0.0 0.0 0.0 0.0 0.0 0.0 0.6 0.0 -9.34493868719
0.0 0.0 1.0 0.0 0.0 0.0 0.0 0.0 0.0 0.0 0.0 1.0 0.0 -9.180126378388
0.0 0.0 -1.0 0.0 0.0 0.0 0.0 0.0 0.0 0.0 0.0 0.0 -1.0 -9.245813619144
0.0 0.0 -1.0 0.0 0.0 0.0 0.0 0.0 0.0 0.0 0.0 0.0 -0.6 -9.349522283342
0.0 0.0 -1.0 0.0 0.0 0.0 0.0 0.0 0.0 0.0 0.0 0.0 -0.2 -9.389758100507
0.0 0.0 -1.0 0.0 0.0 0.0 0.0 0.0 0.0 0.0 0.0 0.0 0.2 -9.389758105008
0.0 0.0 -1.0 0.0 0.0 0.0 0.0 0.0 0.0 0.0 0.0 0.0 0.6 -9.349522273908
0.0 0.0 -1.0 0.0 0.0 0.0 0.0 0.0 0.0 0.0 0.0 0.0 1.0 -9.245813507833
0.0 0.0 -0.6 0.0 0.0 0.0 0.0 0.0 0.0 0.0 0.0 0.0 -1.0 -9.223686014693
0.0 0.0 -0.6 0.0 0.0 0.0 0.0 0.0 0.0 0.0 0.0 0.0 -0.6 -9.362135438569
0.0 0.0 -0.6 0.0 0.0 0.0 0.0 0.0 0.0 0.0 0.0 0.0 -0.2 -9.413951221633
0.0 0.0 -0.6 0.0 0.0 0.0 0.0 0.0 0.0 0.0 0.0 0.0 0.2 -9.413951222793
0.0 0.0 -0.6 0.0 0.0 0.0 0.0 0.0 0.0 0.0 0.0 0.0 0.6 -9.362135407285
0.0 0.0 -0.6 0.0 0.0 0.0 0.0 0.0 0.0 0.0 0.0 0.0 1.0 -9.223685809975
0.0 0.0 -0.2 0.0 0.0 0.0 0.0 0.0 0.0 0.0 0.0 0.0 -1.0 -9.200932182381
0.0 0.0 -0.2 0.0 0.0 0.0 0.0 0.0 0.0 0.0 0.0 0.0 -0.6 -9.362137107276
0.0 0.0 -0.2 0.0 0.0 0.0 0.0 0.0 0.0 0.0 0.0 0.0 -0.2 -9.421270761054
0.0 0.0 -0.2 0.0 0.0 0.0 0.0 0.0 0.0 0.0 0.0 0.0 0.2 -9.421270759743
0.0 0.0 -0.2 0.0 0.0 0.0 0.0 0.0 0.0 0.0 0.0 0.0 0.6 -9.362137060279
0.0 0.0 -0.2 0.0 0.0 0.0 0.0 0.0 0.0 0.0 0.0 0.0 1.0 -9.200931909482
0.0 0.0 0.2 0.0 0.0 0.0 0.0 0.0 0.0 0.0 0.0 0.0 -1.0 -9.200932398988
0.0 0.0 0.2 0.0 0.0 0.0 0.0 0.0 0.0 0.0 0.0 0.0 -0.6 -9.362137175365
0.0 0.0 0.2 0.0 0.0 0.0 0.0 0.0 0.0 0.0 0.0 0.0 -0.2 -9.421270770071
0.0 0.0 0.2 0.0 0.0 0.0 0.0 0.0 0.0 0.0 0.0 0.0 0.2 -9.421270768763
0.0 0.0 0.2 0.0 0.0 0.0 0.0 0.0 0.0 0.0 0.0 0.0 0.6 -9.362137128383
0.0 0.0 0.2 0.0 0.0 0.0 0.0 0.0 0.0 0.0 0.0 0.0 1.0 -9.200932126136
0.0 0.0 0.6 0.0 0.0 0.0 0.0 0.0 0.0 0.0 0.0 0.0 -1.0 -9.223686610319
0.0 0.0 0.6 0.0 0.0 0.0 0.0 0.0 0.0 0.0 0.0 0.0 -0.6 -9.362135667658
0.0 0.0 0.6 0.0 0.0 0.0 0.0 0.0 0.0 0.0 0.0 0.0 -0.2 -9.413951300164
0.0 0.0 0.6 0.0 0.0 0.0 0.0 0.0 0.0 0.0 0.0 0.0 0.2 -9.413951301332
0.0 0.0 0.6 0.0 0.0 0.0 0.0 0.0 0.0 0.0 0.0 0.0 0.6 -9.362135636411
0.0 0.0 0.6 0.0 0.0 0.0 0.0 0.0 0.0 0.0 0.0 0.0 1.0 -9.223686405716
0.0 0.0 1.0 0.0 0.0 0.0 0.0 0.0 0.0 0.0 0.0 0.0 -1.0 -9.245814511987
0.0 0.0 1.0 0.0 0.0 0.0 0.0 0.0 0.0 0.0 0.0 0.0 -0.6 -9.349522753087
0.0 0.0 1.0 0.0 0.0 0.0 0.0 0.0 0.0 0.0 0.0 0.0 -0.2 -9.389758386395
0.0 0.0 1.0 0.0 0.0 0.0 0.0 0.0 0.0 0.0 0.0 0.0 0.2 -9.389758390907
0.0 0.0 1.0 0.0 0.0 0.0 0.0 0.0 0.0 0.0 0.0 0.0 0.6 -9.349522743698
0.0 0.0 1.0 0.0 0.0 0.0 0.0 0.0 0.0 0.0 0.0 0.0 1.0 -9.245814400813
0.0 0.0 0.0 -1.0 -1.0 0.0 0.0 0.0 0.0 0.0 0.0 0.0 0.0 -9.308690020787
0.0 0.0 0.0 -1.0 -0.6 0.0 0.0 0.0 0.0 0.0 0.0 0.0 0.0 -9.366502825679
0.0 0.0 0.0 -1.0 -0.2 0.0 0.0 0.0 0.0 0.0 0.0 0.0 0.0 -9.391633140395
0.0 0.0 0.0 -1.0 0.2 0.0 0.0 0.0 0.0 0.0 0.0 0.0 0.0 -9.391633142936
0.0 0.0 0.0 -1.0 0.6 0.0 0.0 0.0 0.0 0.0 0.0 0.0 0.0 -9.366502835663
0.0 0.0 0.0 -1.0 1.0 0.0 0.0 0.0 0.0 0.0 0.0 0.0 0.0 -9.308690031741
0.0 0.0 0.0 -0.6 -1.0 0.0 0.0 0.0 0.0 0.0 0.0 0.0 0.0 -9.337904476616
0.0 0.0 0.0 -0.6 -0.6 0.0 0.0 0.0 0.0 0.0 0.0 0.0 0.0 -9.395808489796
0.0 0.0 0.0 -0.6 -0.2 0.0 0.0 0.0 0.0 0.0 0.0 0.0 0.0 -9.417796633855
0.0 0.0 0.0 -0.6 0.2 0.0 0.0 0.0 0.0 0.0 0.0 0.0 0.0 -9.417796634893
0.0 0.0 0.0 -0.6 0.6 0.0 0.0 0.0 0.0 0.0 0.0 0.0 0.0 -9.39580849598
0.0 0.0 0.0 -0.6 1.0 0.0 0.0 0.0 0.0 0.0 0.0 0.0 0.0 -9.337904484437
0.0 0.0 0.0 -0.2 -1.0 0.0 0.0 0.0 0.0 0.0 0.0 0.0 0.0 -9.348921095821
0.0 0.0 0.0 -0.2 -0.6 0.0 0.0 0.0 0.0 0.0 0.0 0.0 0.0 -9.406559237051
0.0 0.0 0.0 -0.2 -0.2 0.0 0.0 0.0 0.0 0.0 0.0 0.0 0.0 -9.426385681049
0.0 0.0 0.0 -0.2 0.2 0.0 0.0 0.0 0.0 0.0 0.0 0.0 0.0 -9.426385681276
0.0 0.0 0.0 -0.2 0.6 0.0 0.0 0.0 0.0 0.0 0.0 0.0 0.0 -9.406559239124
0.0 0.0 0.0 -0.2 1.0 0.0 0.0 0.0 0.0 0.0 0.0 0.0 0.0 -9.348921098655
0.0 0.0 0.0 0.2 -1.0 0.0 0.0 0.0 0.0 0.0 0.0 0.0 0.0 -9.34892099778
0.0 0.0 0.0 0.2 -0.6 0.0 0.0 0.0 0.0 0.0 0.0 0.0 0.0 -9.406559179937
0.0 0.0 0.0 0.2 -0.2 0.0 0.0 0.0 0.0 0.0 0.0 0.0 0.0 -9.426385675428
0.0 0.0 0.0 0.2 0.2 0.0 0.0 0.0 0.0 0.0 0.0 0.0 0.0 -9.426385675197
0.0 0.0 0.0 0.2 0.6 0.0 0.0 0.0 0.0 0.0 0.0 0.0 0.0 -9.406559177826
0.0 0.0 0.0 0.2 1.0 0.0 0.0 0.0 0.0 0.0 0.0 0.0 0.0 -9.348920994866
0.0 0.0 0.0 0.6 -1.0 0.0 0.0 0.0 0.0 0.0 0.0 0.0 0.0 -9.337904287734
0.0 0.0 0.0 0.6 -0.6 0.0 0.0 0.0 0.0 0.0 0.0 0.0 0.0 -9.395808419581
0.0 0.0 0.0 0.6 -0.2 0.0 0.0 0.0 0.0 0.0 0.0 0.0 0.0 -9.417796700651
0.0 0.0 0.0 0.6 0.2 0.0 0.0 0.0 0.0 0.0 0.0 0.0 0.0 -9.417796699598
0.0 0.0 0.0 0.6 0.6 0.0 0.0 0.0 0.0 0.0 0.0 0.0 0.0 -9.395808413327
0.0 0.0 0.0 0.6 1.0 0.0 0.0 0.0 0.0 0.0 0.0 0.0 0.0 -9.337904279787
0.0 0.0 0.0 1.0 -1.0 0.0 0.0 0.0 0.0 0.0 0.0 0.0 0.0 -9.308690017605
0.0 0.0 0.0 1.0 -0.6 0.0 0.0 0.0 0.0 0.0 0.0 0.0 0.0 -9.366503003959
0.0 0.0 0.0 1.0 -0.2 0.0 0.0 0.0 0.0 0.0 0.0 0.0 0.0 -9.391633499834
0.0 0.0 0.0 1.0 0.2 0.0 0.0 0.0 0.0 0.0 0.0 0.0 0.0 -9.39163349726
0.0 0.0 0.0 1.0 0.6 0.0 0.0 0.0 0.0 0.0 0.0 0.0 0.0 -9.366502993862
0.0 0.0 0.0 1.0 1.0 0.0 0.0 0.0 0.0 0.0 0.0 0.0 0.0 -9.308690006458
0.0 0.0 0.0 -1.0 0.0 -1.0 0.0 0.0 0.0 0.0 0.0 0.0 0.0 -9.306955440086
0.0 0.0 0.0 -1.0 0.0 -0.6 0.0 0.0 0.0 0.0 0.0 0.0 0.0 -9.361370217874
0.0 0.0 0.0 -1.0 0.0 -0.2 0.0 0.0 0.0 0.0 0.0 0.0 0.0 -9.390387911928
0.0 0.0 0.0 -1.0 0.0 0.2 0.0 0.0 0.0 0.0 0.0 0.0 0.0 -9.390387917591
0.0 0.0 0.0 -1.0 0.0 0.6 0.0 0.0 0.0 0.0 0.0 0.0 0.0 -9.361370238644
0.0 0.0 0.0 -1.0 0.0 1.0 0.0 0.0 0.0 0.0 0.0 0.0 0.0 -9.306955466173
0.0 0.0 0.0 -0.6 0.0 -1.0 0.0 0.0 0.0 0.0 0.0 0.0 0.0 -9.337022279146
0.0 0.0 0.0 -0.6 0.0 -0.6 0.0 0.0 0.0 0.0 0.0 0.0 0.0 -9.393448604051
0.0 0.0 0.0 -0.6 0.0 -0.2 0.0 0.0 0.0 0.0 0.0 0.0 0.0 -9.417196442897
0.0 0.0 0.0 -0.6 0.0 0.2 0.0 0.0 0.0 0.0 0.0 0.0 0.0 -9.41719644524
0.0 0.0 0.0 -0.6 0.0 0.6 0.0 0.0 0.0 0.0 0.0 0.0 0.0 -9.393448617751
0.0 0.0 0.0 -0.6 0.0 1.0 0.0 0.0 0.0 0.0 0.0 0.0 0.0 -9.337022297252
0.0 0.0 0.0 -0.2 0.0 -1.0 0.0 0.0 0.0 0.0 0.0 0.0 0.0 -9.348798620799
0.0 0.0 0.0 -0.2 0.0 -0.6 0.0 0.0 0.0 0.0 0.0 0.0 0.0 -9.406264556859
0.0 0.0 0.0 -0.2 0.0 -0.2 0.0 0.0 0.0 0.0 0.0 0.0 0.0 -9.426308656142
0.0 0.0 0.0 -0.2 0.0 0.2 0.0 0.0 0.0 0.0 0.0 0.0 0.0 -9.426308656672
0.0 0.0 0.0 -0.2 0.0 0.6 0.0 0.0 0.0 0.0 0.0 0.0 0.0 -9.406264561684
0.0 0.0 0.0 -0.2 0.0 1.0 0.0 0.0 0.0 0.0 0.0 0.0 0.0 -9.348798627491
0.0 0.0 0.0 0.2 0.0 -1.0 0.0 0.0 0.0 0.0 0.0 0.0 0.0 -9.348798529204
0.0 0.0 0.0 0.2 0.0 -0.6 0.0 0.0 0.0 0.0 0.0 0.0 0.0 -9.406264506756
0.0 0.0 0.0 0.2 0.0 -0.2 0.0 0.0 0.0 0.0 0.0 0.0 0.0 -9.426308651909
0.0 0.0 0.0 0.2 0.0 0.2 0.0 0.0 0.0 0.0 0.0 0.0 0.0 -9.426308651378
0.0 0.0 0.0 0.2 0.0 0.6 0.0 0.0 0.0 0.0 0.0 0.0 0.0 -9.406264501931
0.0 0.0 0.0 0.2 0.0 1.0 0.0 0.0 0.0 0.0 0.0 0.0 0.0 -9.348798522514
0.0 0.0 0.0 0.6 0.0 -1.0 0.0 0.0 0.0 0.0 0.0 0.0 0.0 -9.337022125053
0.0 0.0 0.0 0.6 0.0 -0.6 0.0 0.0 0.0 0.0 0.0 0.0 0.0 -9.393448575192
0.0 0.0 0.0 0.6 0.0 -0.2 0.0 0.0 0.0 0.0 0.0 0.0 0.0 -9.417196518875
0.0 0.0 0.0 0.6 0.0 0.2 0.0 0.0 0.0 0.0 0.0 0.0 0.0 -9.417196516532
0.0 0.0 0.0 0.6 0.0 0.6 0.0 0.0 0.0 0.0 0.0 0.0 0.0 -9.393448561491
0.0 0.0 0.0 0.6 0.0 1.0 0.0 0.0 0.0 0.0 0.0 0.0 0.0 -9.337022106949
0.0 0.0 0.0 1.0 0.0 -1.0 0.0 0.0 0.0 0.0 0.0 0.0 0.0 -9.306955542532
0.0 0.0 0.0 1.0 0.0 -0.6 0.0 0.0 0.0 0.0 0.0 0.0 0.0 -9.361370516759
0.0 0.0 0.0 1.0 0.0 -0.2 0.0 0.0 0.0 0.0 0.0 0.0 0.0 -9.390388297487
0.0 0.0 0.0 1.0 0.0 0.2 0.0 0.0 0.0 0.0 0.0 0.0 0.0 -9.390388291823
0.0 0.0 0.0 1.0 0.0 0.6 0.0 0.0 0.0 0.0 0.0 0.0 0.0 -9.361370495988
0.0 0.0 0.0 1.0 0.0 1.0 0.0 0.0 0.0 0.0 0.0 0.0 0.0 -9.306955516446
0.0 0.0 0.0 -1.0 0.0 0.0 -1.0 0.0 0.0 0.0 0.0 0.0 0.0 -9.280345340531
0.0 0.0 0.0 -1.0 0.0 0.0 -0.6 0.0 0.0 0.0 0.0 0.0 0.0 -9.347383658375
0.0 0.0 0.0 -1.0 0.0 0.0 -0.2 0.0 0.0 0.0 0.0 0.0 0.0 -9.387219839945
0.0 0.0 0.0 -1.0 0.0 0.0 0.2 0.0 0.0 0.0 0.0 0.0 0.0 -9.394571719179
0.0 0.0 0.0 -1.0 0.0 0.0 0.6 0.0 0.0 0.0 0.0 0.0 0.0 -9.383444671557
0.0 0.0 0.0 -1.0 0.0 0.0 1.0 0.0 0.0 0.0 0.0 0.0 0.0 -9.355609131889
0.0 0.0 0.0 -0.6 0.0 0.0 -1.0 0.0 0.0 0.0 0.0 0.0 0.0 -9.323564969195
0.0 0.0 0.0 -0.6 0.0 0.0 -0.6 0.0 0.0 0.0 0.0 0.0 0.0 -9.386042996451
0.0 0.0 0.0 -0.6 0.0 0.0 -0.2 0.0 0.0 0.0 0.0 0.0 0.0 -9.416173756355
0.0 0.0 0.0 -0.6 0.0 0.0 0.2 0.0 0.0 0.0 0.0 0.0 0.0 -9.418566944535
0.0 0.0 0.0 -0.6 0.0 0.0 0.6 0.0 0.0 0.0 0.0 0.0 0.0 -9.406745855172
0.0 0.0 0.0 -0.6 0.0 0.0 1.0 0.0 0.0 0.0 0.0 0.0 0.0 -9.372116742055
0.0 0.0 0.0 -0.2 0.0 0.0 -1.0 0.0 0.0 0.0 0.0 0.0 0.0 -9.351232067219
0.0 0.0 0.0 -0.2 0.0 0.0 -0.6 0.0 0.0 0.0 0.0 0.0 0.0 -9.405177780607
0.0 0.0 0.0 -0.2 0.0 0.0 -0.2 0.0 0.0 0.0 0.0 0.0 0.0 -9.426049414436
0.0 0.0 0.0 -0.2 0.0 0.0 0.2 0.0 0.0 0.0 0.0 0.0 0.0 -9.426462456346
0.0 0.0 0.0 -0.2 0.0 0.0 0.6 0.0 0.0 0.0 0.0 0.0 0.0 -9.41201122116
0.0 0.0 0.0 -0.2 0.0 0.0 1.0 0.0 0.0 0.0 0.0 0.0 0.0 -9.368222270279
0.0 0.0 0.0 0.2 0.0 0.0 -1.0 0.0 0.0 0.0 0.0 0.0 0.0 -9.368221976347
0.0 0.0 0.0 0.2 0.0 0.0 -0.6 0.0 0.0 0.0 0.0 0.0 0.0 -9.412011117071
0.0 0.0 0.0 0.2 0.0 0.0 -0.2 0.0 0.0 0.0 0.0 0.0 0.0 -9.426462458603
0.0 0.0 0.0 0.2 0.0 0.0 0.2 0.0 0.0 0.0 0.0 0.0 0.0 -9.426049408049
0.0 0.0 0.0 0.2 0.0 0.0 0.6 0.0 0.0 0.0 0.0 0.0 0.0 -9.405177802957
0.0 0.0 0.0 0.2 0.0 0.0 1.0 0.0 0.0 0.0 0.0 0.0 0.0 -9.35123218201
0.0 0.0 0.0 0.6 0.0 0.0 -1.0 0.0 0.0 0.0 0.0 0.0 0.0 -9.372116572679
0.0 0.0 0.0 0.6 0.0 0.0 -0.6 0.0 0.0 0.0 0.0 0.0 0.0 -9.406745934634
0.0 0.0 0.0 0.6 0.0 0.0 -0.2 0.0 0.0 0.0 0.0 0.0 0.0 -9.418567090417
0.0 0.0 0.0 0.6 0.0 0.0 0.2 0.0 0.0 0.0 0.0 0.0 0.0 -9.416173772273
0.0 0.0 0.0 0.6 0.0 0.0 0.6 0.0 0.0 0.0 0.0 0.0 0.0 -9.386042927276
0.0 0.0 0.0 0.6 0.0 0.0 1.0 0.0 0.0 0.0 0.0 0.0 0.0 -9.323564914126
0.0 0.0 0.0 1.0 0.0 0.0 -1.0 0.0 0.0 0.0 0.0 0.0 0.0 -9.355609592481
0.0 0.0 0.0 1.0 0.0 0.0 -0.6 0.0 0.0 0.0 0.0 0.0 0.0 -9.383445336497
0.0 0.0 0.0 1.0 0.0 0.0 -0.2 0.0 0.0 0.0 0.0 0.0 0.0 -9.39457226198
0.0 0.0 0.0 1.0 0.0 0.0 0.2 0.0 0.0 0.0 0.0 0.0 0.0 -9.387220076019
0.0 0.0 0.0 1.0 0.0 0.0 0.6 0.0 0.0 0.0 0.0 0.0 0.0 -9.34738371878
0.0 0.0 0.0 1.0 0.0 0.0 1.0 0.0 0.0 0.0 0.0 0.0 0.0 -9.280345370291
0.0 0.0 0.0 -1.0 0.0 0.0 0.0 -1.0 0.0 0.0 0.0 0.0 0.0 -9.301863666328
0.0 0.0 0.0 -1.0 0.0 0.0 0.0 -0.6 0.0 0.0 0.0 0.0 0.0 -9.360912798556
0.0 0.0 0.0 -1.0 0.0 0.0 0.0 -0.2 0.0 0.0 0.0 0.0 0.0 -9.3901363036
0.0 0.0 0.0 -1.0 0.0 0.0 0.0 0.2 0.0 0.0 0.0 0.0 0.0 -9.393516884994
0.0 0.0 0.0 -1.0 0.0 0.0 0.0 0.6 0.0 0.0 0.0 0.0 0.0 -9.378518510031
0.0 0.0 0.0 -1.0 0.0 0.0 0.0 1.0 0.0 0.0 0.0 0.0 0.0 -9.337658486296
0.0 0.0 0.0 -0.6 0.0 0.0 0.0 -1.0 0.0 0.0 0.0 0.0 0.0 -9.337759319278
0.0 0.0 0.0 -0.6 0.0 0.0 0.0 -0.6 0.0 0.0 0.0 0.0 0.0 -9.393609621971
0.0 0.0 0.0 -0.6 0.0 0.0 0.0 -0.2 0.0 0.0 0.0 0.0 0.0 -9.417277961043
0.0 0.0 0.0 -0.6 0.0 0.0 0.0 0.2 0.0 0.0 0.0 0.0 0.0 -9.418374143744
0.0 0.0 0.0 -0.6 0.0 0.0 0.0 0.6 0.0 0.0 0.0 0.0 0.0 -9.403246260565
0.0 0.0 0.0 -0.6 0.0 0.0 0.0 1.0 0.0 0.0 0.0 0.0 0.0 -9.359937443905
0.0 0.0 0.0 -0.2 0.0 0.0 0.0 -1.0 0.0 0.0 0.0 0.0 0.0 -9.356069187569
0.0 0.0 0.0 -0.2 0.0 0.0 0.0 -0.6 0.0 0.0 0.0 0.0 0.0 -9.407322059218
0.0 0.0 0.0 -0.2 0.0 0.0 0.0 -0.2 0.0 0.0 0.0 0.0 0.0 -9.426222263879
0.0 0.0 0.0 -0.2 0.0 0.0 0.0 0.2 0.0 0.0 0.0 0.0 0.0 -9.426407502138
0.0 0.0 0.0 -0.2 0.0 0.0 0.0 0.6 0.0 0.0 0.0 0.0 0.0 -9.41038246117
0.0 0.0 0.0 -0.2 0.0 0.0 0.0 1.0 0.0 0.0 0.0 0.0 0.0 -9.363657131881
0.0 0.0 0.0 0.2 0.0 0.0 0.0 -1.0 0.0 0.0 0.0 0.0 0.0 -9.363656694252
0.0 0.0 0.0 0.2 0.0 0.0 0.0 -0.6 0.0 0.0 0.0 0.0 0.0 -9.410382296201
0.0 0.0 0.0 0.2 0.0 0.0 0.0 -0.2 0.0 0.0 0.0 0.0 0.0 -9.426407497503
0.0 0.0 0.0 0.2 0.0 0.0 0.0 0.2 0.0 0.0 0.0 0.0 0.0 -9.426222262008
0.0 0.0 0.0 0.2 0.0 0.0 0.0 0.6 0.0 0.0 0.0 0.0 0.0 -9.407322130472
0.0 0.0 0.0 0.2 0.0 0.0 0.0 1.0 0.0 0.0 0.0 0.0 0.0 -9.356069433475
0.0 0.0 0.0 0.6 0.0 0.0 0.0 -1.0 0.0 0.0 0.0 0.0 0.0 -9.359937089875
0.0 0.0 0.0 0.6 0.0 0.0 0.0 -0.6 0.0 0.0 0.0 0.0 0.0 -9.403246209599
0.0 0.0 0.0 0.6 0.0 0.0 0.0 -0.2 0.0 0.0 0.0 0.0 0.0 -9.418374254001
0.0 0.0 0.0 0.6 0.0 0.0 0.0 0.2 0.0 0.0 0.0 0.0 0.0 -9.417277997495
0.0 0.0 0.0 0.6 0.0 0.0 0.0 0.6 0.0 0.0 0.0 0.0 0.0 -9.393609601663
0.0 0.0 0.0 0.6 0.0 0.0 0.0 1.0 0.0 0.0 0.0 0.0 0.0 -9.337759350317
0.0 0.0 0.0 1.0 0.0 0.0 0.0 -1.0 0.0 0.0 0.0 0.0 0.0 -9.337658624831
0.0 0.0 0.0 1.0 0.0 0.0 0.0 -0.6 0.0 0.0 0.0 0.0 0.0 -9.378518897497
0.0 0.0 0.0 1.0 0.0 0.0 0.0 -0.2 0.0 0.0 0.0 0.0 0.0 -9.39351734711
0.0 0.0 0.0 1.0 0.0 0.0 0.0 0.2 0.0 0.0 0.0 0.0 0.0 -9.390136579038
0.0 0.0 0.0 1.0 0.0 0.0 0.0 0.6 0.0 0.0 0.0 0.0 0.0 -9.360912896678
0.0 0.0 0.0 1.0 0.0 0.0 0.0 1.0 0.0 0.0 0.0 0.0 0.0 -9.301863705355
0.0 0.0 0.0 -1.0 0.0 0.0 0.0 0.0 -1.0 0.0 0.0 0.0 0.0 -9.385491283081
0.0 0.0 0.0 -1.0 0.0 0.0 0.0 0.0 -0.6 0.0 0.0 0.0 0.0 -9.399612944535
0.0 0.0 0.0 -1.0 0.0 0.0 0.0 0.0 -0.2 0.0 0.0 0.0 0.0 -9.398842966965
0.0 0.0 0.0 -1.0 0.0 0.0 0.0 0.0 0.2 0.0 0.0 0.0 0.0 -9.387526376891
0.0 0.0 0.0 -1.0 0.0 0.0 0.0 0.0 0.6 0.0 0.0 0.0 0.0 -9.36878914864
0.0 0.0 0.0 -1.0 0.0 0.0 0.0 0.0 1.0 0.0 0.0 0.0 0.0 -9.344888511449
0.0 0.0 0.0 -0.6 0.0 0.0 0.0 0.0 -1.0 0.0 0.0 0.0 0.0 -9.38082084724
0.0 0.0 0.0 -0.6 0.0 0.0 0.0 0.0 -0.6 0.0 0.0 0.0 0.0 -9.411240858693
0.0 0.0 0.0 -0.6 0.0 0.0 0.0 0.0 -0.2 0.0 0.0 0.0 0.0 -9.420702264465
0.0 0.0 0.0 -0.6 0.0 0.0 0.0 0.0 0.2 0.0 0.0 0.0 0.0 -9.415727353832
0.0 0.0 0.0 -0.6 0.0 0.0 0.0 0.0 0.6 0.0 0.0 0.0 0.0 -9.400819546408
0.0 0.0 0.0 -0.6 0.0 0.0 0.0 0.0 1.0 0.0 0.0 0.0 0.0 -9.379102318577
0.0 0.0 0.0 -0.2 0.0 0.0 0.0 0.0 -1.0 0.0 0.0 0.0 0.0 -9.367393023949
0.0 0.0 0.0 -0.2 0.0 0.0 0.0 0.0 -0.6 0.0 0.0 0.0 0.0 -9.409485107037
0.0 0.0 0.0 -0.2 0.0 0.0 0.0 0.0 -0.2 0.0 0.0 0.0 0.0 -9.42623844911
0.0 0.0 0.0 -0.2 0.0 0.0 0.0 0.0 0.2 0.0 0.0 0.0 0.0 -9.425818857282
0.0 0.0 0.0 -0.2 0.0 0.0 0.0 0.0 0.6 0.0 0.0 0.0 0.0 -9.413738847923
0.0 0.0 0.0 -0.2 0.0 0.0 0.0 0.0 1.0 0.0 0.0 0.0 0.0 -9.393740830294
0.0 0.0 0.0 0.2 0.0 0.0 0.0 0.0 -1.0 0.0 0.0 0.0 0.0 -9.367393176389
0.0 0.0 0.0 0.2 0.0 0.0 0.0 0.0 -0.6 0.0 0.0 0.0 0.0 -9.409485153266
0.0 0.0 0.0 0.2 0.0 0.0 0.0 0.0 -0.2 0.0 0.0 0.0 0.0 -9.426238455339
0.0 0.0 0.0 0.2 0.0 0.0 0.0 0.0 0.2 0.0 0.0 0.0 0.0 -9.425818866248
0.0 0.0 0.0 0.2 0.0 0.0 0.0 0.0 0.6 0.0 0.0 0.0 0.0 -9.413738885846
0.0 0.0 0.0 0.2 0.0 0.0 0.0 0.0 1.0 0.0 0.0 0.0 0.0 -9.393740912161
0.0 0.0 0.0 0.6 0.0 0.0 0.0 0.0 -1.0 0.0 0.0 0.0 0.0 -9.380821203899
0.0 0.0 0.0 0.6 0.0 0.0 0.0 0.0 -0.6 0.0 0.0 0.0 0.0 -9.411241003561
0.0 0.0 0.0 0.6 0.0 0.0 0.0 0.0 -0.2 0.0 0.0 0.0 0.0 -9.420702346397
0.0 0.0 0.0 0.6 0.0 0.0 0.0 0.0 0.2 0.0 0.0 0.0 0.0 -9.415727470469
0.0 0.0 0.0 0.6 0.0 0.0 0.0 0.0 0.6 0.0 0.0 0.0 0.0 -9.400819758243
0.0 0.0 0.0 0.6 0.0 0.0 0.0 0.0 1.0 0.0 0.0 0.0 0.0 -9.379102660255
0.0 0.0 0.0 1.0 0.0 0.0 0.0 0.0 -1.0 0.0 0.0 0.0 0.0 -9.385491740299
0.0 0.0 0.0 1.0 0.0 0.0 0.0 0.0 -0.6 0.0 0.0 0.0 0.0 -9.399613272415
0.0 0.0 0.0 1.0 0.0 0.0 0.0 0.0 -0.2 0.0 0.0 0.0 0.0 -9.398843308402
0.0 0.0 0.0 1.0 0.0 0.0 0.0 0.0 0.2 0.0 0.0 0.0 0.0 -9.387526828155
0.0 0.0 0.0 1.0 0.0 0.0 0.0 0.0 0.6 0.0 0.0 0.0 0.0 -9.36878977027
0.0 0.0 0.0 1.0 0.0 0.0 0.0 0.0 1.0 0.0 0.0 0.0 0.0 -9.344889338108
0.0 0.0 0.0 -1.0 0.0 0.0 0.0 0.0 0.0 -1.0 0.0 0.0 0.0 -9.320692650061
0.0 0.0 0.0 -1.0 0.0 0.0 0.0 0.0 0.0 -0.6 0.0 0.0 0.0 -9.368632927433
0.0 0.0 0.0 -1.0 0.0 0.0 0.0 0.0 0.0 -0.2 0.0 0.0 0.0 -9.391479801253
0.0 0.0 0.0 -1.0 0.0 0.0 0.0 0.0 0.0 0.2 0.0 0.0 0.0 -9.391479799804
0.0 0.0 0.0 -1.0 0.0 0.0 0.0 0.0 0.0 0.6 0.0 0.0 0.0 -9.368632922765
0.0 0.0 0.0 -1.0 0.0 0.0 0.0 0.0 0.0 1.0 0.0 0.0 0.0 -9.320692641169
0.0 0.0 0.0 -0.6 0.0 0.0 0.0 0.0 0.0 -1.0 0.0 0.0 0.0 -9.324525442064
0.0 0.0 0.0 -0.6 0.0 0.0 0.0 0.0 0.0 -0.6 0.0 0.0 0.0 -9.386634909497
0.0 0.0 0.0 -0.6 0.0 0.0 0.0 0.0 0.0 -0.2 0.0 0.0 0.0 -9.416090828014
0.0 0.0 0.0 -0.6 0.0 0.0 0.0 0.0 0.0 0.2 0.0 0.0 0.0 -9.416090827266
0.0 0.0 0.0 -0.6 0.0 0.0 0.0 0.0 0.0 0.6 0.0 0.0 0.0 -9.386634907084
0.0 0.0 0.0 -0.6 0.0 0.0 0.0 0.0 0.0 1.0 0.0 0.0 0.0 -9.324525437451
0.0 0.0 0.0 -0.2 0.0 0.0 0.0 0.0 0.0 -1.0 0.0 0.0 0.0 -9.319074110599
0.0 0.0 0.0 -0.2 0.0 0.0 0.0 0.0 0.0 -0.6 0.0 0.0 0.0 -9.390085054878
0.0 0.0 0.0 -0.2 0.0 0.0 0.0 0.0 0.0 -0.2 0.0 0.0 0.0 -9.423670593114
0.0 0.0 0.0 -0.2 0.0 0.0 0.0 0.0 0.0 0.2 0.0 0.0 0.0 -9.423670593021
0.0 0.0 0.0 -0.2 0.0 0.0 0.0 0.0 0.0 0.6 0.0 0.0 0.0 -9.39008505456
0.0 0.0 0.0 -0.2 0.0 0.0 0.0 0.0 0.0 1.0 0.0 0.0 0.0 -9.319074109937
0.0 0.0 0.0 0.2 0.0 0.0 0.0 0.0 0.0 -1.0 0.0 0.0 0.0 -9.319073605931
0.0 0.0 0.0 0.2 0.0 0.0 0.0 0.0 0.0 -0.6 0.0 0.0 0.0 -9.39008488473
0.0 0.0 0.0 0.2 0.0 0.0 0.0 0.0 0.0 -0.2 0.0 0.0 0.0 -9.423670577761
0.0 0.0 0.0 0.2 0.0 0.0 0.0 0.0 0.0 0.2 0.0 0.0 0.0 -9.423670577665
0.0 0.0 0.0 0.2 0.0 0.0 0.0 0.0 0.0 0.6 0.0 0.0 0.0 -9.390084884404
0.0 0.0 0.0 0.2 0.0 0.0 0.0 0.0 0.0 1.0 0.0 0.0 0.0 -9.319073605253
0.0 0.0 0.0 0.6 0.0 0.0 0.0 0.0 0.0 -1.0 0.0 0.0 0.0 -9.324524221565
0.0 0.0 0.0 0.6 0.0 0.0 0.0 0.0 0.0 -0.6 0.0 0.0 0.0 -9.386634550275
0.0 0.0 0.0 0.6 0.0 0.0 0.0 0.0 0.0 -0.2 0.0 0.0 0.0 -9.416090869064
0.0 0.0 0.0 0.6 0.0 0.0 0.0 0.0 0.0 0.2 0.0 0.0 0.0 -9.416090868309
0.0 0.0 0.0 0.6 0.0 0.0 0.0 0.0 0.0 0.6 0.0 0.0 0.0 -9.38663454784
0.0 0.0 0.0 0.6 0.0 0.0 0.0 0.0 0.0 1.0 0.0 0.0 0.0 -9.324524216912
0.0 0.0 0.0 1.0 0.0 0.0 0.0 0.0 0.0 -1.0 0.0 0.0 0.0 -9.320691409134
0.0 0.0 0.0 1.0 0.0 0.0 0.0 0.0 0.0 -0.6 0.0 0.0 0.0 -9.368632753598
0.0 0.0 0.0 1.0 0.0 0.0 0.0 0.0 0.0 -0.2 0.0 0.0 0.0 -9.39148012714
0.0 0.0 0.0 1.0 0.0 0.0 0.0 0.0 0.0 0.2 0.0 0.0 0.0 -9.391480125684
0.0 0.0 0.0 1.0 0.0 0.0 0.0 0.0 0.0 0.6 0.0 0.0 0.0 -9.368632748907
0.0 0.0 0.0 1.0 0.0 0.0 0.0 0.0 0.0 1.0 0.0 0.0 0.0 -9.320691400198
0.0 0.0 0.0 -1.0 0.0 0.0 0.0 0.0 0.0 0.0 -1.0 0.0 0.0 -9.313224003911
0.0 0.0 0.0 -1.0 0.0 0.0 0.0 0.0 0.0 0.0 -0.6 0.0 0.0 -9.357748092479
0.0 0.0 0.0 -1.0 0.0 0.0 0.0 0.0 0.0 0.0 -0.2 0.0 0.0 -9.386681364106
0.0 0.0 0.0 -1.0 0.0 0.0 0.0 0.0 0.0 0.0 0.2 0.0 0.0 -9.396461817508
0.0 0.0 0.0 -1.0 0.0 0.0 0.0 0.0 0.0 0.0 0.6 0.0 0.0 -9.381096886007
0.0 0.0 0.0 -1.0 0.0 0.0 0.0 0.0 0.0 0.0 1.0 0.0 0.0 -9.332067272496
0.0 0.0 0.0 -0.6 0.0 0.0 0.0 0.0 0.0 0.0 -1.0 0.0 0.0 -9.331174703281
0.0 0.0 0.0 -0.6 0.0 0.0 0.0 0.0 0.0 0.0 -0.6 0.0 0.0 -9.384090928289
0.0 0.0 0.0 -0.6 0.0 0.0 0.0 0.0 0.0 0.0 -0.2 0.0 0.0 -9.414187359268
0.0 0.0 0.0 -0.6 0.0 0.0 0.0 0.0 0.0 0.0 0.2 0.0 0.0 -9.417858047217
0.0 0.0 0.0 -0.6 0.0 0.0 0.0 0.0 0.0 0.0 0.6 0.0 0.0 -9.387755275749
0.0 0.0 0.0 -0.6 0.0 0.0 0.0 0.0 0.0 0.0 1.0 0.0 0.0 -9.312696536292
0.0 0.0 0.0 -0.2 0.0 0.0 0.0 0.0 0.0 0.0 -1.0 0.0 0.0 -9.332770437618
0.0 0.0 0.0 -0.2 0.0 0.0 0.0 0.0 0.0 0.0 -0.6 0.0 0.0 -9.392025712464
0.0 0.0 0.0 -0.2 0.0 0.0 0.0 0.0 0.0 0.0 -0.2 0.0 0.0 -9.423411828656
0.0 0.0 0.0 -0.2 0.0 0.0 0.0 0.0 0.0 0.0 0.2 0.0 0.0 -9.423537051574
0.0 0.0 0.0 -0.2 0.0 0.0 0.0 0.0 0.0 0.0 0.6 0.0 0.0 -9.384312824736
0.0 0.0 0.0 -0.2 0.0 0.0 0.0 0.0 0.0 0.0 1.0 0.0 0.0 -9.2928879272
0.0 0.0 0.0 0.2 0.0 0.0 0.0 0.0 0.0 0.0 -1.0 0.0 0.0 -9.332771215665
0.0 0.0 0.0 0.2 0.0 0.0 0.0 0.0 0.0 0.0 -0.6 0.0 0.0 -9.392026175191
0.0 0.0 0.0 0.2 0.0 0.0 0.0 0.0 0.0 0.0 -0.2 0.0 0.0 -9.423411997887
0.0 0.0 0.0 0.2 0.0 0.0 0.0 0.0 0.0 0.0 0.2 0.0 0.0 -9.423536863172
0.0 0.0 0.0 0.2 0.0 0.0 0.0 0.0 0.0 0.0 0.6 0.0 0.0 -9.384312132313
0.0 0.0 0.0 0.2 0.0 0.0 0.0 0.0 0.0 0.0 1.0 0.0 0.0 -9.292886487117
0.0 0.0 0.0 0.6 0.0 0.0 0.0 0.0 0.0 0.0 -1.0 0.0 0.0 -9.331176632677
0.0 0.0 0.0 0.6 0.0 0.0 0.0 0.0 0.0 0.0 -0.6 0.0 0.0 -9.384092134486
0.0 0.0 0.0 0.6 0.0 0.0 0.0 0.0 0.0 0.0 -0.2 0.0 0.0 -9.414187859701
0.0 0.0 0.0 0.6 0.0 0.0 0.0 0.0 0.0 0.0 0.2 0.0 0.0 -9.417857655338
0.0 0.0 0.0 0.6 0.0 0.0 0.0 0.0 0.0 0.0 0.6 0.0 0.0 -9.387753604495
0.0 0.0 0.0 0.6 0.0 0.0 0.0 0.0 0.0 0.0 1.0 0.0 0.0 -9.312692959454
0.0 0.0 0.0 1.0 0.0 0.0 0.0 0.0 0.0 0.0 -1.0 0.0 0.0 -9.313226302952
0.0 0.0 0.0 1.0 0.0 0.0 0.0 0.0 0.0 0.0 -0.6 0.0 0.0 -9.357749697241
0.0 0.0 0.0 1.0 0.0 0.0 0.0 0.0 0.0 0.0 -0.2 0.0 0.0 -9.38668221697
0.0 0.0 0.0 1.0 0.0 0.0 0.0 0.0 0.0 0.0 0.2 0.0 0.0 -9.396461642404
0.0 0.0 0.0 1.0 0.0 0.0 0.0 0.0 0.0 0.0 0.6 0.0 0.0 -9.381095182093
0.0 0.0 0.0 1.0 0.0 0.0 0.0 0.0 0.0 0.0 1.0 0.0 0.0 -9.332063267172
0.0 0.0 0.0 -1.0 0.0 0.0 0.0 0.0 0.0 0.0 0.0 -1.0 0.0 -9.311373945439
0.0 0.0 0.0 -1.0 0.0 0.0 0.0 0.0 0.0 0.0 0.0 -0.6 0.0 -9.354158987399
0.0 0.0 0.0 -1.0 0.0 0.0 0.0 0.0 0.0 0.0 0.0 -0.2 0.0 -9.386286909541
0.0 0.0 0.0 -1.0 0.0 0.0 0.0 0.0 0.0 0.0 0.0 0.2 0.0 -9.393239832379
0.0 0.0 0.0 -1.0 0.0 0.0 0.0 0.0 0.0 0.0 0.0 0.6 0.0 -9.344937199397
0.0 0.0 0.0 -1.0 0.0 0.0 0.0 0.0 0.0 0.0 0.0 1.0 0.0 -9.180123402517
0.0 0.0 0.0 -0.6 0.0 0.0 0.0 0.0 0.0 0.0 0.0 -1.0 0.0 -9.332641889287
0.0 0.0 0.0 -0.6 0.0 0.0 0.0 0.0 0.0 0.0 0.0 -0.6 0.0 -9.379504717247
0.0 0.0 0.0 -0.6 0.0 0.0 0.0 0.0 0.0 0.0 0.0 -0.2 0.0 -9.41301459666
0.0 0.0 0.0 -0.6 0.0 0.0 0.0 0.0 0.0 0.0 0.0 0.2 0.0 -9.414899797132
0.0 0.0 0.0 -0.6 0.0 0.0 0.0 0.0 0.0 0.0 0.0 0.6 0.0 -9.344809081259
0.0 0.0 0.0 -0.6 0.0 0.0 0.0 0.0 0.0 0.0 0.0 1.0 0.0 -9.114427011486
0.0 0.0 0.0 -0.2 0.0 0.0 0.0 0.0 0.0 0.0 0.0 -1.0 0.0 -9.33859047943
0.0 0.0 0.0 -0.2 0.0 0.0 0.0 0.0 0.0 0.0 0.0 -0.6 0.0 -9.387772502357
0.0 0.0 0.0 -0.2 0.0 0.0 0.0 0.0 0.0 0.0 0.0 -0.2 0.0 -9.421978041544
0.0 0.0 0.0 -0.2 0.0 0.0 0.0 0.0 0.0 0.0 0.0 0.2 0.0 -9.4205756055
0.0 0.0 0.0 -0.2 0.0 0.0 0.0 0.0 0.0 0.0 0.0 0.6 0.0 -9.336531811019
0.0 0.0 0.0 -0.2 0.0 0.0 0.0 0.0 0.0 0.0 0.0 1.0 0.0 -9.06282810101
0.0 0.0 0.0 0.2 0.0 0.0 0.0 0.0 0.0 0.0 0.0 -1.0 0.0 -9.338590132892
0.0 0.0 0.0 0.2 0.0 0.0 0.0 0.0 0.0 0.0 0.0 -0.6 0.0 -9.387772277074
0.0 0.0 0.0 0.2 0.0 0.0 0.0 0.0 0.0 0.0 0.0 -0.2 0.0 -9.421977957165
0.0 0.0 0.0 0.2 0.0 0.0 0.0 0.0 0.0 0.0 0.0 0.2 0.0 -9.420575717746
0.0 0.0 0.0 0.2 0.0 0.0 0.0 0.0 0.0 0.0 0.0 0.6 0.0 -9.336532252354
0.0 0.0 0.0 0.2 0.0 0.0 0.0 0.0 0.0 0.0 0.0 1.0 0.0 -9.062829154017
0.0 0.0 0.0 0.6 0.0 0.0 0.0 0.0 0.0 0.0 0.0 -1.0 0.0 -9.332641081676
0.0 0.0 0.0 0.6 0.0 0.0 0.0 0.0 0.0 0.0 0.0 -0.6 0.0 -9.37950421731
0.0 0.0 0.0 0.6 0.0 0.0 0.0 0.0 0.0 0.0 0.0 -0.2 0.0 -9.413014459267
0.0 0.0 0.0 0.6 0.0 0.0 0.0 0.0 0.0 0.0 0.0 0.2 0.0 -9.41490016811
0.0 0.0 0.0 0.6 0.0 0.0 0.0 0.0 0.0 0.0 0.0 0.6 0.0 -9.344810294555
0.0 0.0 0.0 0.6 0.0 0.0 0.0 0.0 0.0 0.0 0.0 1.0 0.0 -9.114429744657
0.0 0.0 0.0 1.0 0.0 0.0 0.0 0.0 0.0 0.0 0.0 -1.0 0.0 -9.311373239698
0.0 0.0 0.0 1.0 0.0 0.0 0.0 0.0 0.0 0.0 0.0 -0.6 0.0 -9.354158647005
0.0 0.0 0.0 1.0 0.0 0.0 0.0 0.0 0.0 0.0 0.0 -0.2 0.0 -9.386287014079
0.0 0.0 0.0 1.0 0.0 0.0 0.0 0.0 0.0 0.0 0.0 0.2 0.0 -9.393240569009
0.0 0.0 0.0 1.0 0.0 0.0 0.0 0.0 0.0 0.0 0.0 0.6 0.0 -9.344938966767
0.0 0.0 0.0 1.0 0.0 0.0 0.0 0.0 0.0 0.0 0.0 1.0 0.0 -9.180126937334
0.0 0.0 0.0 -1.0 0.0 0.0 0.0 0.0 0.0 0.0 0.0 0.0 -1.0 -9.245813411886
0.0 0.0 0.0 -1.0 0.0 0.0 0.0 0.0 0.0 0.0 0.0 0.0 -0.6 -9.349522174463
0.0 0.0 0.0 -1.0 0.0 0.0 0.0 0.0 0.0 0.0 0.0 0.0 -0.2 -9.389758034354
0.0 0.0 0.0 -1.0 0.0 0.0 0.0 0.0 0.0 0.0 0.0 0.0 0.2 -9.38975803892
0.0 0.0 0.0 -1.0 0.0 0.0 0.0 0.0 0.0 0.0 0.0 0.0 0.6 -9.349522165314
0.0 0.0 0.0 -1.0 0.0 0.0 0.0 0.0 0.0 0.0 0.0 0.0 1.0 -9.245813301427
0.0 0.0 0.0 -0.6 0.0 0.0 0.0 0.0 0.0 0.0 0.0 0.0 -1.0 -9.22368587649
0.0 0.0 0.0 -0.6 0.0 0.0 0.0 0.0 0.0 0.0 0.0 0.0 -0.6 -9.362135385447
0.0 0.0 0.0 -0.6 0.0 0.0 0.0 0.0 0.0 0.0 0.0 0.0 -0.2 -9.41395120345
0.0 0.0 0.0 -0.6 0.0 0.0 0.0 0.0 0.0 0.0 0.0 0.0 0.2 -9.413951204643
0.0 0.0 0.0 -0.6 0.0 0.0 0.0 0.0 0.0 0.0 0.0 0.0 0.6 -9.362135354311
0.0 0.0 0.0 -0.6 0.0 0.0 0.0 0.0 0.0 0.0 0.0 0.0 1.0 -9.223685672227
0.0 0.0 0.0 -0.2 0.0 0.0 0.0 0.0 0.0 0.0 0.0 0.0 -1.0 -9.200932132189
0.0 0.0 0.0 -0.2 0.0 0.0 0.0 0.0 0.0 0.0 0.0 0.0 -0.6 -9.362137091499
0.0 0.0 0.0 -0.2 0.0 0.0 0.0 0.0 0.0 0.0 0.0 0.0 -0.2 -9.421270758965
0.0 0.0 0.0 -0.2 0.0 0.0 0.0 0.0 0.0 0.0 0.0 0.0 0.2 -9.421270757659
0.0 0.0 0.0 -0.2 0.0 0.0 0.0 0.0 0.0 0.0 0.0 0.0 0.6 -9.362137044525
0.0 0.0 0.0 -0.2 0.0 0.0 0.0 0.0 0.0 0.0 0.0 0.0 1.0 -9.200931859363
0.0 0.0 0.0 0.2 0.0 0.0 0.0 0.0 0.0 0.0 0.0 0.0 -1.0 -9.200932449098
0.0 0.0 0.0 0.2 0.0 0.0 0.0 0.0 0.0 0.0 0.0 0.0 -0.6 -9.362137191118
0.0 0.0 0.0 0.2 0.0 0.0 0.0 0.0 0.0 0.0 0.0 0.0 -0.2 -9.421270772156
0.0 0.0 0.0 0.2 0.0 0.0 0.0 0.0 0.0 0.0 0.0 0.0 0.2 -9.421270770851
0.0 0.0 0.0 0.2 0.0 0.0 0.0 0.0 0.0 0.0 0.0 0.0 0.6 -9.362137144147
0.0 0.0 0.0 0.2 0.0 0.0 0.0 0.0 0.0 0.0 0.0 0.0 1.0 -9.200932176282
0.0 0.0 0.0 0.6 0.0 0.0 0.0 0.0 0.0 0.0 0.0 0.0 -1.0 -9.223686747915
0.0 0.0 0.0 0.6 0.0 0.0 0.0 0.0 0.0 0.0 0.0 0.0 -0.6 -9.36213572061
0.0 0.0 0.0 0.6 0.0 0.0 0.0 0.0 0.0 0.0 0.0 0.0 -0.2 -9.413951318332
0.0 0.0 0.0 0.6 0.0 0.0 0.0 0.0 0.0 0.0 0.0 0.0 0.2 -9.413951319527
0.0 0.0 0.0 0.6 0.0 0.0 0.0 0.0 0.0 0.0 0.0 0.0 0.6 -9.362135689481
0.0 0.0 0.0 0.6 0.0 0.0 0.0 0.0 0.0 0.0 0.0 0.0 1.0 -9.223686543676
0.0 0.0 0.0 1.0 0.0 0.0 0.0 0.0 0.0 0.0 0.0 0.0 -1.0 -9.245814718128
0.0 0.0 0.0 1.0 0.0 0.0 0.0 0.0 0.0 0.0 0.0 0.0 -0.6 -9.349522861689
0.0 0.0 0.0 1.0 0.0 0.0 0.0 0.0 0.0 0.0 0.0 0.0 -0.2 -9.389758452583
0.0 0.0 0.0 1.0 0.0 0.0 0.0 0.0 0.0 0.0 0.0 0.0 0.2 -9.389758457151
0.0 0.0 0.0 1.0 0.0 0.0 0.0 0.0 0.0 0.0 0.0 0.0 0.6 -9.349522852549
0.0 0.0 0.0 1.0 0.0 0.0 0.0 0.0 0.0 0.0 0.0 0.0 1.0 -9.245814607695
0.0 0.0 0.0 0.0 -1.0 -1.0 0.0 0.0 0.0 0.0 0.0 0.0 0.0 -9.262649140932
0.0 0.0 0.0 0.0 -1.0 -0.6 0.0 0.0 0.0 0.0 0.0 0.0 0.0 -9.316850207127
0.0 0.0 0.0 0.0 -1.0 -0.2 0.0 0.0 0.0 0.0 0.0 0.0 0.0 -9.346334133049
0.0 0.0 0.0 0.0 -1.0 0.2 0.0 0.0 0.0 0.0 0.0 0.0 0.0 -9.346334133559
0.0 0.0 0.0 0.0 -1.0 0.6 0.0 0.0 0.0 0.0 0.0 0.0 0.0 -9.316850207125
0.0 0.0 0.0 0.0 -1.0 1.0 0.0 0.0 0.0 0.0 0.0 0.0 0.0 -9.262649140929
0.0 0.0 0.0 0.0 -0.6 -1.0 0.0 0.0 0.0 0.0 0.0 0.0 0.0 -9.316850207134
0.0 0.0 0.0 0.0 -0.6 -0.6 0.0 0.0 0.0 0.0 0.0 0.0 0.0 -9.376342736379
0.0 0.0 0.0 0.0 -0.6 -0.2 0.0 0.0 0.0 0.0 0.0 0.0 0.0 -9.404499358997
0.0 0.0 0.0 0.0 -0.6 0.2 0.0 0.0 0.0 0.0 0.0 0.0 0.0 -9.404499359029
0.0 0.0 0.0 0.0 -0.6 0.6 0.0 0.0 0.0 0.0 0.0 0.0 0.0 -9.376342736393
0.0 0.0 0.0 0.0 -0.6 1.0 0.0 0.0 0.0 0.0 0.0 0.0 0.0 -9.316850206744
0.0 0.0 0.0 0.0 -0.2 -1.0 0.0 0.0 0.0 0.0 0.0 0.0 0.0 -9.346334133662
0.0 0.0 0.0 0.0 -0.2 -0.6 0.0 0.0 0.0 0.0 0.0 0.0 0.0 -9.404499359017
0.0 0.0 0.0 0.0 -0.2 -0.2 0.0 0.0 0.0 0.0 0.0 0.0 0.0 -9.42555861721
0.0 0.0 0.0 0.0 -0.2 0.2 0.0 0.0 0.0 0.0 0.0 0.0 0.0 -9.425558617211
0.0 0.0 0.0 0.0 -0.2 0.6 0.0 0.0 0.0 0.0 0.0 0.0 0.0 -9.404499359064
0.0 0.0 0.0 0.0 -0.2 1.0 0.0 0.0 0.0 0.0 0.0 0.0 0.0 -9.346334134903
0.0 0.0 0.0 0.0 0.2 -1.0 0.0 0.0 0.0 0.0 0.0 0.0 0.0 -9.346334134499
0.0 0.0 0.0 0.0 0.2 -0.6 0.0 0.0 0.0 0.0 0.0 0.0 0.0 -9.40449935905
0.0 0.0 0.0 0.0 0.2 -0.2 0.0 0.0 0.0 0.0 0.0 0.0 0.0 -9.425558617209
0.0 0.0 0.0 0.0 0.2 0.2 0.0 0.0 0.0 0.0 0.0 0.0 0.0 -9.425558617209
0.0 0.0 0.0 0.0 0.2 0.6 0.0 0.0 0.0 0.0 0.0 0.0 0.0 -9.404499359034
0.0 0.0 0.0 0.0 0.2 1.0 0.0 0.0 0.0 0.0 0.0 0.0 0.0 -9.3463341342
0.0 0.0 0.0 0.0 0.6 -1.0 0.0 0.0 0.0 0.0 0.0 0.0 0.0 -9.316850206325
0.0 0.0 0.0 0.0 0.6 -0.6 0.0 0.0 0.0 0.0 0.0 0.0 0.0 -9.376342736372
0.0 0.0 0.0 0.0 0.6 -0.2 0.0 0.0 0.0 0.0 0.0 0.0 0.0 -9.40449935903
0.0 0.0 0.0 0.0 0.6 0.2 0.0 0.0 0.0 0.0 0.0 0.0 0.0 -9.404499359005
0.0 0.0 0.0 0.0 0.6 0.6 0.0 0.0 0.0 0.0 0.0 0.0 0.0 -9.376342736363
0.0 0.0 0.0 0.0 0.6 1.0 0.0 0.0 0.0 0.0 0.0 0.0 0.0 -9.316850207115
0.0 0.0 0.0 0.0 1.0 -1.0 0.0 0.0 0.0 0.0 0.0 0.0 0.0 -9.2626491409
0.0 0.0 0.0 0.0 1.0 -0.6 0.0 0.0 0.0 0.0 0.0 0.0 0.0 -9.31685020709
0.0 0.0 0.0 0.0 1.0 -0.2 0.0 0.0 0.0 0.0 0.0 0.0 0.0 -9.34633413407
0.0 0.0 0.0 0.0 1.0 0.2 0.0 0.0 0.0 0.0 0.0 0.0 0.0 -9.346334133522
0.0 0.0 0.0 0.0 1.0 0.6 0.0 0.0 0.0 0.0 0.0 0.0 0.0 -9.316850207093
0.0 0.0 0.0 0.0 1.0 1.0 0.0 0.0 0.0 0.0 0.0 0.0 0.0 -9.262649140904
0.0 0.0 0.0 0.0 -1.0 0.0 -1.0 0.0 0.0 0.0 0.0 0.0 0.0 -9.272976492692
0.0 0.0 0.0 0.0 -1.0 0.0 -0.6 0.0 0.0 0.0 0.0 0.0 0.0 -9.321065468601
0.0 0.0 0.0 0.0 -1.0 0.0 -0.2 0.0 0.0 0.0 0.0 0.0 0.0 -9.346817613331
0.0 0.0 0.0 0.0 -1.0 0.0 0.2 0.0 0.0 0.0 0.0 0.0 0.0 -9.346817658257
0.0 0.0 0.0 0.0 -1.0 0.0 0.6 0.0 0.0 0.0 0.0 0.0 0.0 -9.321065607081
0.0 0.0 0.0 0.0 -1.0 0.0 1.0 0.0 0.0 0.0 0.0 0.0 0.0 -9.272976723087
0.0 0.0 0.0 0.0 -0.6 0.0 -1.0 0.0 0.0 0.0 0.0 0.0 0.0 -9.328109820884
0.0 0.0 0.0 0.0 -0.6 0.0 -0.6 0.0 0.0 0.0 0.0 0.0 0.0 -9.38017256419
0.0 0.0 0.0 0.0 -0.6 0.0 -0.2 0.0 0.0 0.0 0.0 0.0 0.0 -9.404815521555
0.0 0.0 0.0 0.0 -0.6 0.0 0.2 0.0 0.0 0.0 0.0 0.0 0.0 -9.40481555354
0.0 0.0 0.0 0.0 -0.6 0.0 0.6 0.0 0.0 0.0 0.0 0.0 0.0 -9.3801726877
0.0 0.0 0.0 0.0 -0.6 0.0 1.0 0.0 0.0 0.0 0.0 0.0 0.0 -9.328110058297
0.0 0.0 0.0 0.0 -0.2 0.0 -1.0 0.0 0.0 0.0 0.0 0.0 0.0 -9.357388306223
0.0 0.0 0.0 0.0 -0.2 0.0 -0.6 0.0 0.0 0.0 0.0 0.0 0.0 -9.407020495641
0.0 0.0 0.0 0.0 -0.2 0.0 -0.2 0.0 0.0 0.0 0.0 0.0 0.0 -9.425541333828
0.0 0.0 0.0 0.0 -0.2 0.0 0.2 0.0 0.0 0.0 0.0 0.0 0.0 -9.425541342539
0.0 0.0 0.0 0.0 -0.2 0.0 0.6 0.0 0.0 0.0 0.0 0.0 0.0 -9.407020584058
0.0 0.0 0.0 0.0 -0.2 0.0 1.0 0.0 0.0 0.0 0.0 0.0 0.0 -9.357388532041
0.0 0.0 0.0 0.0 0.2 0.0 -1.0 0.0 0.0 0.0 0.0 0.0 0.0 -9.357388306234
0.0 0.0 0.0 0.0 0.2 0.0 -0.6 0.0 0.0 0.0 0.0 0.0 0.0 -9.407020495671
0.0 0.0 0.0 0.0 0.2 0.0 -0.2 0.0 0.0 0.0 0.0 0.0 0.0 -9.425541333825
0.0 0.0 0.0 0.0 0.2 0.0 0.2 0.0 0.0 0.0 0.0 0.0 0.0 -9.425541342539
0.0 0.0 0.0 0.0 0.2 0.0 0.6 0.0 0.0 0.0 0.0 0.0 0.0 -9.407020584017
0.0 0.0 0.0 0.0 0.2 0.0 1.0 0.0 0.0 0.0 0.0 0.0 0.0 -9.357388532016
0.0 0.0 0.0 0.0 0.6 0.0 -1.0 0.0 0.0 0.0 0.0 0.0 0.0 -9.328109820837
0.0 0.0 0.0 0.0 0.6 0.0 -0.6 0.0 0.0 0.0 0.0 0.0 0.0 -9.380172564181
0.0 0.0 0.0 0.0 0.6 0.0 -0.2 0.0 0.0 0.0 0.0 0.0 0.0 -9.404815521511
0.0 0.0 0.0 0.0 0.6 0.0 0.2 0.0 0.0 0.0 0.0 0.0 0.0 -9.404815553549
0.0 0.0 0.0 0.0 0.6 0.0 0.6 0.0 0.0 0.0 0.0 0.0 0.0 -9.380172687667
0.0 0.0 0.0 0.0 0.6 0.0 1.0 0.0 0.0 0.0 0.0 0.0 0.0 -9.328110058303
0.0 0.0 0.0 0.0 1.0 0.0 -1.0 0.0 0.0 0.0 0.0 0.0 0.0 -9.272976492705
0.0 0.0 0.0 0.0 1.0 0.0 -0.6 0.0 0.0 0.0 0.0 0.0 0.0 -9.321065468669
0.0 0.0 0.0 0.0 1.0 0.0 -0.2 0.0 0.0 0.0 0.0 0.0 0.0 -9.346817613318
0.0 0.0 0.0 0.0 1.0 0.0 0.2 0.0 0.0 0.0 0.0 0.0 0.0 -9.346817658197
0.0 0.0 0.0 0.0 1.0 0.0 0.6 0.0 0.0 0.0 0.0 0.0 0.0 -9.321065606945
0.0 0.0 0.0 0.0 1.0 0.0 1.0 0.0 0.0 0.0 0.0 0.0 0.0 -9.272976723016
0.0 0.0 0.0 0.0 -1.0 0.0 0.0 -1.0 0.0 0.0 0.0 0.0 0.0 -9.288281583789
0.0 0.0 0.0 0.0 -1.0 0.0 0.0 -0.6 0.0 0.0 0.0 0.0 0.0 -9.324668095097
0.0 0.0 0.0 0.0 -1.0 0.0 0.0 -0.2 0.0 0.0 0.0 0.0 0.0 -9.347153423753
0.0 0.0 0.0 0.0 -1.0 0.0 0.0 0.2 0.0 0.0 0.0 0.0 0.0 -9.347153487161
0.0 0.0 0.0 0.0 -1.0 0.0 0.0 0.6 0.0 0.0 0.0 0.0 0.0 -9.324668262838
0.0 0.0 0.0 0.0 -1.0 0.0 0.0 1.0 0.0 0.0 0.0 0.0 0.0 -9.288281767958
0.0 0.0 0.0 0.0 -0.6 0.0 0.0 -1.0 0.0 0.0 0.0 0.0 0.0 -9.328167734897
0.0 0.0 0.0 0.0 -0.6 0.0 0.0 -0.6 0.0 0.0 0.0 0.0 0.0 -9.373133330914
0.0 0.0 0.0 0.0 -0.6 0.0 0.0 -0.2 0.0 0.0 0.0 0.0 0.0 -9.403278692943
0.0 0.0 0.0 0.0 -0.6 0.0 0.0 0.2 0.0 0.0 0.0 0.0 0.0 -9.403278772875
0.0 0.0 0.0 0.0 -0.6 0.0 0.0 0.6 0.0 0.0 0.0 0.0 0.0 -9.37313350581
0.0 0.0 0.0 0.0 -0.6 0.0 0.0 1.0 0.0 0.0 0.0 0.0 0.0 -9.328167979406
0.0 0.0 0.0 0.0 -0.2 0.0 0.0 -1.0 0.0 0.0 0.0 0.0 0.0 -9.356925690163
0.0 0.0 0.0 0.0 -0.2 0.0 0.0 -0.6 0.0 0.0 0.0 0.0 0.0 -9.405104298402
0.0 0.0 0.0 0.0 -0.2 0.0 0.0 -0.2 0.0 0.0 0.0 0.0 0.0 -9.425079802528
0.0 0.0 0.0 0.0 -0.2 0.0 0.0 0.2 0.0 0.0 0.0 0.0 0.0 -9.425079824377
0.0 0.0 0.0 0.0 -0.2 0.0 0.0 0.6 0.0 0.0 0.0 0.0 0.0 -9.405104433205
0.0 0.0 0.0 0.0 -0.2 0.0 0.0 1.0 0.0 0.0 0.0 0.0 0.0 -9.356926031415
0.0 0.0 0.0 0.0 0.2 0.0 0.0 -1.0 0.0 0.0 0.0 0.0 0.0 -9.356925687664
0.0 0.0 0.0 0.0 0.2 0.0 0.0 -0.6 0.0 0.0 0.0 0.0 0.0 -9.40510429472
0.0 0.0 0.0 0.0 0.2 0.0 0.0 -0.2 0.0 0.0 0.0 0.0 0.0 -9.42507980267
0.0 0.0 0.0 0.0 0.2 0.0 0.0 0.2 0.0 0.0 0.0 0.0 0.0 -9.42507982423
0.0 0.0 0.0 0.0 0.2 0.0 0.0 0.6 0.0 0.0 0.0 0.0 0.0 -9.405104436866
0.0 0.0 0.0 0.0 0.2 0.0 0.0 1.0 0.0 0.0 0.0 0.0 0.0 -9.356926033898
0.0 0.0 0.0 0.0 0.6 0.0 0.0 -1.0 0.0 0.0 0.0 0.0 0.0 -9.328167729554
0.0 0.0 0.0 0.0 0.6 0.0 0.0 -0.6 0.0 0.0 0.0 0.0 0.0 -9.373133331139
0.0 0.0 0.0 0.0 0.6 0.0 0.0 -0.2 0.0 0.0 0.0 0.0 0.0 -9.403278695754
0.0 0.0 0.0 0.0 0.6 0.0 0.0 0.2 0.0 0.0 0.0 0.0 0.0 -9.403278770029
0.0 0.0 0.0 0.0 0.6 0.0 0.0 0.6 0.0 0.0 0.0 0.0 0.0 -9.373133505546
0.0 0.0 0.0 0.0 0.6 0.0 0.0 1.0 0.0 0.0 0.0 0.0 0.0 -9.328167984715
0.0 0.0 0.0 0.0 1.0 0.0 0.0 -1.0 0.0 0.0 0.0 0.0 0.0 -9.288281585501
0.0 0.0 0.0 0.0 1.0 0.0 0.0 -0.6 0.0 0.0 0.0 0.0 0.0 -9.32466809531
0.0 0.0 0.0 0.0 1.0 0.0 0.0 -0.2 0.0 0.0 0.0 0.0 0.0 -9.347153421855
0.0 0.0 0.0 0.0 1.0 0.0 0.0 0.2 0.0 0.0 0.0 0.0 0.0 -9.34715348899
0.0 0.0 0.0 0.0 1.0 0.0 0.0 0.6 0.0 0.0 0.0 0.0 0.0 -9.324668262578
0.0 0.0 0.0 0.0 1.0 0.0 0.0 1.0 0.0 0.0 0.0 0.0 0.0 -9.288281766218
0.0 0.0 0.0 0.0 -1.0 0.0 0.0 0.0 -1.0 0.0 0.0 0.0 0.0 -9.289042438801
0.0 0.0 0.0 0.0 -1.0 0.0 0.0 0.0 -0.6 0.0 0.0 0.0 0.0 -9.331545203257
0.0 0.0 0.0 0.0 -1.0 0.0 0.0 0.0 -0.2 0.0 0.0 0.0 0.0 -9.348476529507
0.0 0.0 0.0 0.0 -1.0 0.0 0.0 0.0 0.2 0.0 0.0 0.0 0.0 -9.348213421828
0.0 0.0 0.0 0.0 -1.0 0.0 0.0 0.0 0.6 0.0 0.0 0.0 0.0 -9.336388767806
0.0 0.0 0.0 0.0 -1.0 0.0 0.0 0.0 1.0 0.0 0.0 0.0 0.0 -9.316811195242
0.0 0.0 0.0 0.0 -0.6 0.0 0.0 0.0 -1.0 0.0 0.0 0.0 0.0 -9.345901684914
0.0 0.0 0.0 0.0 -0.6 0.0 0.0 0.0 -0.6 0.0 0.0 0.0 0.0 -9.38886764341
0.0 0.0 0.0 0.0 -0.6 0.0 0.0 0.0 -0.2 0.0 0.0 0.0 0.0 -9.406030770563
0.0 0.0 0.0 0.0 -0.6 0.0 0.0 0.0 0.2 0.0 0.0 0.0 0.0 -9.405785153834
0.0 0.0 0.0 0.0 -0.6 0.0 0.0 0.0 0.6 0.0 0.0 0.0 0.0 -9.393778425189
0.0 0.0 0.0 0.0 -0.6 0.0 0.0 0.0 1.0 0.0 0.0 0.0 0.0 -9.373832289886
0.0 0.0 0.0 0.0 -0.2 0.0 0.0 0.0 -1.0 0.0 0.0 0.0 0.0 -9.364030939791
0.0 0.0 0.0 0.0 -0.2 0.0 0.0 0.0 -0.6 0.0 0.0 0.0 0.0 -9.407663268702
0.0 0.0 0.0 0.0 -0.2 0.0 0.0 0.0 -0.2 0.0 0.0 0.0 0.0 -9.425346308859
0.0 0.0 0.0 0.0 -0.2 0.0 0.0 0.0 0.2 0.0 0.0 0.0 0.0 -9.425485359545
0.0 0.0 0.0 0.0 -0.2 0.0 0.0 0.0 0.6 0.0 0.0 0.0 0.0 -9.413737782944
0.0 0.0 0.0 0.0 -0.2 0.0 0.0 0.0 1.0 0.0 0.0 0.0 0.0 -9.39393360936
0.0 0.0 0.0 0.0 0.2 0.0 0.0 0.0 -1.0 0.0 0.0 0.0 0.0 -9.364030939808
0.0 0.0 0.0 0.0 0.2 0.0 0.0 0.0 -0.6 0.0 0.0 0.0 0.0 -9.407663268714
0.0 0.0 0.0 0.0 0.2 0.0 0.0 0.0 -0.2 0.0 0.0 0.0 0.0 -9.425346308861
0.0 0.0 0.0 0.0 0.2 0.0 0.0 0.0 0.2 0.0 0.0 0.0 0.0 -9.425485359542
0.0 0.0 0.0 0.0 0.2 0.0 0.0 0.0 0.6 0.0 0.0 0.0 0.0 -9.413737782939
0.0 0.0 0.0 0.0 0.2 0.0 0.0 0.0 1.0 0.0 0.0 0.0 0.0 -9.393933609359
0.0 0.0 0.0 0.0 0.6 0.0 0.0 0.0 -1.0 0.0 0.0 0.0 0.0 -9.345901684944
0.0 0.0 0.0 0.0 0.6 0.0 0.0 0.0 -0.6 0.0 0.0 0.0 0.0 -9.388867643377
0.0 0.0 0.0 0.0 0.6 0.0 0.0 0.0 -0.2 0.0 0.0 0.0 0.0 -9.406030770572
0.0 0.0 0.0 0.0 0.6 0.0 0.0 0.0 0.2 0.0 0.0 0.0 0.0 -9.405785153837
0.0 0.0 0.0 0.0 0.6 0.0 0.0 0.0 0.6 0.0 0.0 0.0 0.0 -9.393778425193
0.0 0.0 0.0 0.0 0.6 0.0 0.0 0.0 1.0 0.0 0.0 0.0 0.0 -9.373832289929
0.0 0.0 0.0 0.0 1.0 0.0 0.0 0.0 -1.0 0.0 0.0 0.0 0.0 -9.289042438325
0.0 0.0 0.0 0.0 1.0 0.0 0.0 0.0 -0.6 0.0 0.0 0.0 0.0 -9.331545203616
0.0 0.0 0.0 0.0 1.0 0.0 0.0 0.0 -0.2 0.0 0.0 0.0 0.0 -9.348476529894
0.0 0.0 0.0 0.0 1.0 0.0 0.0 0.0 0.2 0.0 0.0 0.0 0.0 -9.348213422128
0.0 0.0 0.0 0.0 1.0 0.0 0.0 0.0 0.6 0.0 0.0 0.0 0.0 -9.336388767972
0.0 0.0 0.0 0.0 1.0 0.0 0.0 0.0 1.0 0.0 0.0 0.0 0.0 -9.316811195352
0.0 0.0 0.0 0.0 -1.0 0.0 0.0 0.0 0.0 -1.0 0.0 0.0 0.0 -9.246696481428
0.0 0.0 0.0 0.0 -1.0 0.0 0.0 0.0 0.0 -0.6 0.0 0.0 0.0 -9.314256174882
0.0 0.0 0.0 0.0 -1.0 0.0 0.0 0.0 0.0 -0.2 0.0 0.0 0.0 -9.346184530546
0.0 0.0 0.0 0.0 -1.0 0.0 0.0 0.0 0.0 0.2 0.0 0.0 0.0 -9.346184439051
0.0 0.0 0.0 0.0 -1.0 0.0 0.0 0.0 0.0 0.6 0.0 0.0 0.0 -9.314255874063
0.0 0.0 0.0 0.0 -1.0 0.0 0.0 0.0 0.0 1.0 0.0 0.0 0.0 -9.246695887144
0.0 0.0 0.0 0.0 -0.6 0.0 0.0 0.0 0.0 -1.0 0.0 0.0 0.0 -9.300568045176
0.0 0.0 0.0 0.0 -0.6 0.0 0.0 0.0 0.0 -0.6 0.0 0.0 0.0 -9.370558338168
0.0 0.0 0.0 0.0 -0.6 0.0 0.0 0.0 0.0 -0.2 0.0 0.0 0.0 -9.403633147647
0.0 0.0 0.0 0.0 -0.6 0.0 0.0 0.0 0.0 0.2 0.0 0.0 0.0 -9.403633084429
0.0 0.0 0.0 0.0 -0.6 0.0 0.0 0.0 0.0 0.6 0.0 0.0 0.0 -9.370558131966
0.0 0.0 0.0 0.0 -0.6 0.0 0.0 0.0 0.0 1.0 0.0 0.0 0.0 -9.300567643127
0.0 0.0 0.0 0.0 -0.2 0.0 0.0 0.0 0.0 -1.0 0.0 0.0 0.0 -9.31714664792
0.0 0.0 0.0 0.0 -0.2 0.0 0.0 0.0 0.0 -0.6 0.0 0.0 0.0 -9.389051388172
0.0 0.0 0.0 0.0 -0.2 0.0 0.0 0.0 0.0 -0.2 0.0 0.0 0.0 -9.423044289025
0.0 0.0 0.0 0.0 -0.2 0.0 0.0 0.0 0.0 0.2 0.0 0.0 0.0 -9.423044263771
0.0 0.0 0.0 0.0 -0.2 0.0 0.0 0.0 0.0 0.6 0.0 0.0 0.0 -9.38905130661
0.0 0.0 0.0 0.0 -0.2 0.0 0.0 0.0 0.0 1.0 0.0 0.0 0.0 -9.317146491537
0.0 0.0 0.0 0.0 0.2 0.0 0.0 0.0 0.0 -1.0 0.0 0.0 0.0 -9.317146492137
0.0 0.0 0.0 0.0 0.2 0.0 0.0 0.0 0.0 -0.6 0.0 0.0 0.0 -9.389051306927
0.0 0.0 0.0 0.0 0.2 0.0 0.0 0.0 0.0 -0.2 0.0 0.0 0.0 -9.423044263869
0.0 0.0 0.0 0.0 0.2 0.0 0.0 0.0 0.0 0.2 0.0 0.0 0.0 -9.423044288927
0.0 0.0 0.0 0.0 0.2 0.0 0.0 0.0 0.0 0.6 0.0 0.0 0.0 -9.389051387869
0.0 0.0 0.0 0.0 0.2 0.0 0.0 0.0 0.0 1.0 0.0 0.0 0.0 -9.317146647366
0.0 0.0 0.0 0.0 0.6 0.0 0.0 0.0 0.0 -1.0 0.0 0.0 0.0 -9.300567643069
0.0 0.0 0.0 0.0 0.6 0.0 0.0 0.0 0.0 -0.6 0.0 0.0 0.0 -9.370558131943
0.0 0.0 0.0 0.0 0.6 0.0 0.0 0.0 0.0 -0.2 0.0 0.0 0.0 -9.40363308441
0.0 0.0 0.0 0.0 0.6 0.0 0.0 0.0 0.0 0.2 0.0 0.0 0.0 -9.403633147637
0.0 0.0 0.0 0.0 0.6 0.0 0.0 0.0 0.0 0.6 0.0 0.0 0.0 -9.370558338201
0.0 0.0 0.0 0.0 0.6 0.0 0.0 0.0 0.0 1.0 0.0 0.0 0.0 -9.30056804533
0.0 0.0 0.0 0.0 1.0 0.0 0.0 0.0 0.0 -1.0 0.0 0.0 0.0 -9.246695880675
0.0 0.0 0.0 0.0 1.0 0.0 0.0 0.0 0.0 -0.6 0.0 0.0 0.0 -9.314255870376
0.0 0.0 0.0 0.0 1.0 0.0 0.0 0.0 0.0 -0.2 0.0 0.0 0.0 -9.346184437827
0.0 0.0 0.0 0.0 1.0 0.0 0.0 0.0 0.0 0.2 0.0 0.0 0.0 -9.346184531705
0.0 0.0 0.0 0.0 1.0 0.0 0.0 0.0 0.0 0.6 0.0 0.0 0.0 -9.314256178566
0.0 0.0 0.0 0.0 1.0 0.0 0.0 0.0 0.0 1.0 0.0 0.0 0.0 -9.246696488026
0.0 0.0 0.0 0.0 -1.0 0.0 0.0 0.0 0.0 0.0 -1.0 0.0 0.0 -9.258465334258
0.0 0.0 0.0 0.0 -1.0 0.0 0.0 0.0 0.0 0.0 -0.6 0.0 0.0 -9.315360624135
0.0 0.0 0.0 0.0 -1.0 0.0 0.0 0.0 0.0 0.0 -0.2 0.0 0.0 -9.345651390348
0.0 0.0 0.0 0.0 -1.0 0.0 0.0 0.0 0.0 0.0 0.2 0.0 0.0 -9.346394325348
0.0 0.0 0.0 0.0 -1.0 0.0 0.0 0.0 0.0 0.0 0.6 0.0 0.0 -9.309901492647
0.0 0.0 0.0 0.0 -1.0 0.0 0.0 0.0 0.0 0.0 1.0 0.0 0.0 -9.223817213121
0.0 0.0 0.0 0.0 -0.6 0.0 0.0 0.0 0.0 0.0 -1.0 0.0 0.0 -9.310966213159
0.0 0.0 0.0 0.0 -0.6 0.0 0.0 0.0 0.0 0.0 -0.6 0.0 0.0 -9.370694310547
0.0 0.0 0.0 0.0 -0.6 0.0 0.0 0.0 0.0 0.0 -0.2 0.0 0.0 -9.402795277012
0.0 0.0 0.0 0.0 -0.6 0.0 0.0 0.0 0.0 0.0 0.2 0.0 0.0 -9.404077210783
0.0 0.0 0.0 0.0 -0.6 0.0 0.0 0.0 0.0 0.0 0.6 0.0 0.0 -9.366553909711
0.0 0.0 0.0 0.0 -0.6 0.0 0.0 0.0 0.0 0.0 1.0 0.0 0.0 -9.277434627984
0.0 0.0 0.0 0.0 -0.2 0.0 0.0 0.0 0.0 0.0 -1.0 0.0 0.0 -9.330807081417
0.0 0.0 0.0 0.0 -0.2 0.0 0.0 0.0 0.0 0.0 -0.6 0.0 0.0 -9.391044380367
0.0 0.0 0.0 0.0 -0.2 0.0 0.0 0.0 0.0 0.0 -0.2 0.0 0.0 -9.422828970194
0.0 0.0 0.0 0.0 -0.2 0.0 0.0 0.0 0.0 0.0 0.2 0.0 0.0 -9.422832498728
0.0 0.0 0.0 0.0 -0.2 0.0 0.0 0.0 0.0 0.0 0.6 0.0 0.0 -9.382897207591
0.0 0.0 0.0 0.0 -0.2 0.0 0.0 0.0 0.0 0.0 1.0 0.0 0.0 -9.289981192109
0.0 0.0 0.0 0.0 0.2 0.0 0.0 0.0 0.0 0.0 -1.0 0.0 0.0 -9.330807081419
0.0 0.0 0.0 0.0 0.2 0.0 0.0 0.0 0.0 0.0 -0.6 0.0 0.0 -9.391044381015
0.0 0.0 0.0 0.0 0.2 0.0 0.0 0.0 0.0 0.0 -0.2 0.0 0.0 -9.422828970192
0.0 0.0 0.0 0.0 0.2 0.0 0.0 0.0 0.0 0.0 0.2 0.0 0.0 -9.422832498733
0.0 0.0 0.0 0.0 0.2 0.0 0.0 0.0 0.0 0.0 0.6 0.0 0.0 -9.382897207616
0.0 0.0 0.0 0.0 0.2 0.0 0.0 0.0 0.0 0.0 1.0 0.0 0.0 -9.289981192165
0.0 0.0 0.0 0.0 0.6 0.0 0.0 0.0 0.0 0.0 -1.0 0.0 0.0 -9.310966213162
0.0 0.0 0.0 0.0 0.6 0.0 0.0 0.0 0.0 0.0 -0.6 0.0 0.0 -9.370694310523
0.0 0.0 0.0 0.0 0.6 0.0 0.0 0.0 0.0 0.0 -0.2 0.0 0.0 -9.402795277239
0.0 0.0 0.0 0.0 0.6 0.0 0.0 0.0 0.0 0.0 0.2 0.0 0.0 -9.404077210781
0.0 0.0 0.0 0.0 0.6 0.0 0.0 0.0 0.0 0.0 0.6 0.0 0.0 -9.366553909759
0.0 0.0 0.0 0.0 0.6 0.0 0.0 0.0 0.0 0.0 1.0 0.0 0.0 -9.277434628115
0.0 0.0 0.0 0.0 1.0 0.0 0.0 0.0 0.0 0.0 -1.0 0.0 0.0 -9.258465334267
0.0 0.0 0.0 0.0 1.0 0.0 0.0 0.0 0.0 0.0 -0.6 0.0 0.0 -9.315360624095
0.0 0.0 0.0 0.0 1.0 0.0 0.0 0.0 0.0 0.0 -0.2 0.0 0.0 -9.3456513903
0.0 0.0 0.0 0.0 1.0 0.0 0.0 0.0 0.0 0.0 0.2 0.0 0.0 -9.346394325336
0.0 0.0 0.0 0.0 1.0 0.0 0.0 0.0 0.0 0.0 0.6 0.0 0.0 -9.309901492707
0.0 0.0 0.0 0.0 1.0 0.0 0.0 0.0 0.0 0.0 1.0 0.0 0.0 -9.223817213308
0.0 0.0 0.0 0.0 -1.0 0.0 0.0 0.0 0.0 0.0 0.0 -1.0 0.0 -9.252235203295
0.0 0.0 0.0 0.0 -1.0 0.0 0.0 0.0 0.0 0.0 0.0 -0.6 0.0 -9.294993522091
0.0 0.0 0.0 0.0 -1.0 0.0 0.0 0.0 0.0 0.0 0.0 -0.2 0.0 -9.333264283608
0.0 0.0 0.0 0.0 -1.0 0.0 0.0 0.0 0.0 0.0 0.0 0.2 0.0 -9.364671897871
0.0 0.0 0.0 0.0 -1.0 0.0 0.0 0.0 0.0 0.0 0.0 0.6 0.0 -9.384433697552
0.0 0.0 0.0 0.0 -1.0 0.0 0.0 0.0 0.0 0.0 0.0 1.0 0.0 -9.386353949706
0.0 0.0 0.0 0.0 -0.6 0.0 0.0 0.0 0.0 0.0 0.0 -1.0 0.0 -9.305842204022
0.0 0.0 0.0 0.0 -0.6 0.0 0.0 0.0 0.0 0.0 0.0 -0.6 0.0 -9.35370490678
0.0 0.0 0.0 0.0 -0.6 0.0 0.0 0.0 0.0 0.0 0.0 -0.2 0.0 -9.393506016885
0.0 0.0 0.0 0.0 -0.6 0.0 0.0 0.0 0.0 0.0 0.0 0.2 0.0 -9.415795293417
0.0 0.0 0.0 0.0 -0.6 0.0 0.0 0.0 0.0 0.0 0.0 0.6 0.0 -9.403038395393
0.0 0.0 0.0 0.0 -0.6 0.0 0.0 0.0 0.0 0.0 0.0 1.0 0.0 -9.323482643078
0.0 0.0 0.0 0.0 -0.2 0.0 0.0 0.0 0.0 0.0 0.0 -1.0 0.0 -9.335266202795
0.0 0.0 0.0 0.0 -0.2 0.0 0.0 0.0 0.0 0.0 0.0 -0.6 0.0 -9.384708708767
0.0 0.0 0.0 0.0 -0.2 0.0 0.0 0.0 0.0 0.0 0.0 -0.2 0.0 -9.420062910978
0.0 0.0 0.0 0.0 -0.2 0.0 0.0 0.0 0.0 0.0 0.0 0.2 0.0 -9.422326156527
0.0 0.0 0.0 0.0 -0.2 0.0 0.0 0.0 0.0 0.0 0.0 0.6 0.0 -9.349015335887
0.0 0.0 0.0 0.0 -0.2 0.0 0.0 0.0 0.0 0.0 0.0 1.0 0.0 -9.105857499392
0.0 0.0 0.0 0.0 0.2 0.0 0.0 0.0 0.0 0.0 0.0 -1.0 0.0 -9.33526620279
0.0 0.0 0.0 0.0 0.2 0.0 0.0 0.0 0.0 0.0 0.0 -0.6 0.0 -9.384708708761
0.0 0.0 0.0 0.0 0.2 0.0 0.0 0.0 0.0 0.0 0.0 -0.2 0.0 -9.420062910974
0.0 0.0 0.0 0.0 0.2 0.0 0.0 0.0 0.0 0.0 0.0 0.2 0.0 -9.422326156532
0.0 0.0 0.0 0.0 0.2 0.0 0.0 0.0 0.0 0.0 0.0 0.6 0.0 -9.349015335926
0.0 0.0 0.0 0.0 0.2 0.0 0.0 0.0 0.0 0.0 0.0 1.0 0.0 -9.10585749953
0.0 0.0 0.0 0.0 0.6 0.0 0.0 0.0 0.0 0.0 0.0 -1.0 0.0 -9.305842204005
0.0 0.0 0.0 0.0 0.6 0.0 0.0 0.0 0.0 0.0 0.0 -0.6 0.0 -9.353704906744
0.0 0.0 0.0 0.0 0.6 0.0 0.0 0.0 0.0 0.0 0.0 -0.2 0.0 -9.39350601687
0.0 0.0 0.0 0.0 0.6 0.0 0.0 0.0 0.0 0.0 0.0 0.2 0.0 -9.415795293441
0.0 0.0 0.0 0.0 0.6 0.0 0.0 0.0 0.0 0.0 0.0 0.6 0.0 -9.403038395407
0.0 0.0 0.0 0.0 0.6 0.0 0.0 0.0 0.0 0.0 0.0 1.0 0.0 -9.323482643293
0.0 0.0 0.0 0.0 1.0 0.0 0.0 0.0 0.0 0.0 0.0 -1.0 0.0 -9.252235203305
0.0 0.0 0.0 0.0 1.0 0.0 0.0 0.0 0.0 0.0 0.0 -0.6 0.0 -9.29499352208
0.0 0.0 0.0 0.0 1.0 0.0 0.0 0.0 0.0 0.0 0.0 -0.2 0.0 -9.333264283888
0.0 0.0 0.0 0.0 1.0 0.0 0.0 0.0 0.0 0.0 0.0 0.2 0.0 -9.36467189778
0.0 0.0 0.0 0.0 1.0 0.0 0.0 0.0 0.0 0.0 0.0 0.6 0.0 -9.384433695056
0.0 0.0 0.0 0.0 1.0 0.0 0.0 0.0 0.0 0.0 0.0 1.0 0.0 -9.38635394969
0.0 0.0 0.0 0.0 -1.0 0.0 0.0 0.0 0.0 0.0 0.0 0.0 -1.0 -9.318693040357
0.0 0.0 0.0 0.0 -1.0 0.0 0.0 0.0 0.0 0.0 0.0 0.0 -0.6 -9.339488022719
0.0 0.0 0.0 0.0 -1.0 0.0 0.0 0.0 0.0 0.0 0.0 0.0 -0.2 -9.348942711244
0.0 0.0 0.0 0.0 -1.0 0.0 0.0 0.0 0.0 0.0 0.0 0.0 0.2 -9.348942700991
0.0 0.0 0.0 0.0 -1.0 0.0 0.0 0.0 0.0 0.0 0.0 0.0 0.6 -9.339488008175
0.0 0.0 0.0 0.0 -1.0 0.0 0.0 0.0 0.0 0.0 0.0 0.0 1.0 -9.3186930712
0.0 0.0 0.0 0.0 -0.6 0.0 0.0 0.0 0.0 0.0 0.0 0.0 -1.0 -9.314266367284
0.0 0.0 0.0 0.0 -0.6 0.0 0.0 0.0 0.0 0.0 0.0 0.0 -0.6 -9.378205313788
0.0 0.0 0.0 0.0 -0.6 0.0 0.0 0.0 0.0 0.0 0.0 0.0 -0.2 -9.404630869821
0.0 0.0 0.0 0.0 -0.6 0.0 0.0 0.0 0.0 0.0 0.0 0.0 0.2 -9.404630906215
0.0 0.0 0.0 0.0 -0.6 0.0 0.0 0.0 0.0 0.0 0.0 0.0 0.6 -9.378205466679
0.0 0.0 0.0 0.0 -0.6 0.0 0.0 0.0 0.0 0.0 0.0 0.0 1.0 -9.314266802144
0.0 0.0 0.0 0.0 -0.2 0.0 0.0 0.0 0.0 0.0 0.0 0.0 -1.0 -9.220678994623
0.0 0.0 0.0 0.0 -0.2 0.0 0.0 0.0 0.0 0.0 0.0 0.0 -0.6 -9.366821901658
0.0 0.0 0.0 0.0 -0.2 0.0 0.0 0.0 0.0 0.0 0.0 0.0 -0.2 -9.421186201308
0.0 0.0 0.0 0.0 -0.2 0.0 0.0 0.0 0.0 0.0 0.0 0.0 0.2 -9.421186232073
0.0 0.0 0.0 0.0 -0.2 0.0 0.0 0.0 0.0 0.0 0.0 0.0 0.6 -9.366822007328
0.0 0.0 0.0 0.0 -0.2 0.0 0.0 0.0 0.0 0.0 0.0 0.0 1.0 -9.220679236248
0.0 0.0 0.0 0.0 0.2 0.0 0.0 0.0 0.0 0.0 0.0 0.0 -1.0 -9.220679460242
0.0 0.0 0.0 0.0 0.2 0.0 0.0 0.0 0.0 0.0 0.0 0.0 -0.6 -9.366822042118
0.0 0.0 0.0 0.0 0.2 0.0 0.0 0.0 0.0 0.0 0.0 0.0 -0.2 -9.421186231186
0.0 0.0 0.0 0.0 0.2 0.0 0.0 0.0 0.0 0.0 0.0 0.0 0.2 -9.421186202196
0.0 0.0 0.0 0.0 0.2 0.0 0.0 0.0 0.0 0.0 0.0 0.0 0.6 -9.366821866903
0.0 0.0 0.0 0.0 0.2 0.0 0.0 0.0 0.0 0.0 0.0 0.0 1.0 -9.220678770762
0.0 0.0 0.0 0.0 0.6 0.0 0.0 0.0 0.0 0.0 0.0 0.0 -1.0 -9.314266809045
0.0 0.0 0.0 0.0 0.6 0.0 0.0 0.0 0.0 0.0 0.0 0.0 -0.6 -9.378205446335
0.0 0.0 0.0 0.0 0.6 0.0 0.0 0.0 0.0 0.0 0.0 0.0 -0.2 -9.404630895855
0.0 0.0 0.0 0.0 0.6 0.0 0.0 0.0 0.0 0.0 0.0 0.0 0.2 -9.404630880152
0.0 0.0 0.0 0.0 0.6 0.0 0.0 0.0 0.0 0.0 0.0 0.0 0.6 -9.378205334143
0.0 0.0 0.0 0.0 0.6 0.0 0.0 0.0 0.0 0.0 0.0 0.0 1.0 -9.314266360503
0.0 0.0 0.0 0.0 1.0 0.0 0.0 0.0 0.0 0.0 0.0 0.0 -1.0 -9.318693029732
0.0 0.0 0.0 0.0 1.0 0.0 0.0 0.0 0.0 0.0 0.0 0.0 -0.6 -9.339487980736
0.0 0.0 0.0 0.0 1.0 0.0 0.0 0.0 0.0 0.0 0.0 0.0 -0.2 -9.3489426914
0.0 0.0 0.0 0.0 1.0 0.0 0.0 0.0 0.0 0.0 0.0 0.0 0.2 -9.348942720765
0.0 0.0 0.0 0.0 1.0 0.0 0.0 0.0 0.0 0.0 0.0 0.0 0.6 -9.339488050107
0.0 0.0 0.0 0.0 1.0 0.0 0.0 0.0 0.0 0.0 0.0 0.0 1.0 -9.318693081818
0.0 0.0 0.0 0.0 0.0 -1.0 -1.0 0.0 0.0 0.0 0.0 0.0 0.0 -9.288281618501
0.0 0.0 0.0 0.0 0.0 -1.0 -0.6 0.0 0.0 0.0 0.0 0.0 0.0 -9.324668127142
0.0 0.0 0.0 0.0 0.0 -1.0 -0.2 0.0 0.0 0.0 0.0 0.0 0.0 -9.347153436314
0.0 0.0 0.0 0.0 0.0 -1.0 0.2 0.0 0.0 0.0 0.0 0.0 0.0 -9.347153474606
0.0 0.0 0.0 0.0 0.0 -1.0 0.6 0.0 0.0 0.0 0.0 0.0 0.0 -9.324668230777
0.0 0.0 0.0 0.0 0.0 -1.0 1.0 0.0 0.0 0.0 0.0 0.0 0.0 -9.288281733211
0.0 0.0 0.0 0.0 0.0 -0.6 -1.0 0.0 0.0 0.0 0.0 0.0 0.0 -9.328167782595
0.0 0.0 0.0 0.0 0.0 -0.6 -0.6 0.0 0.0 0.0 0.0 0.0 0.0 -9.373133363991
0.0 0.0 0.0 0.0 0.0 -0.6 -0.2 0.0 0.0 0.0 0.0 0.0 0.0 -9.403278707535
0.0 0.0 0.0 0.0 0.0 -0.6 0.2 0.0 0.0 0.0 0.0 0.0 0.0 -9.403278758274
0.0 0.0 0.0 0.0 0.0 -0.6 0.6 0.0 0.0 0.0 0.0 0.0 0.0 -9.373133472694
0.0 0.0 0.0 0.0 0.0 -0.6 1.0 0.0 0.0 0.0 0.0 0.0 0.0 -9.32816793164
0.0 0.0 0.0 0.0 0.0 -0.2 -1.0 0.0 0.0 0.0 0.0 0.0 0.0 -9.356925756062
0.0 0.0 0.0 0.0 0.0 -0.2 -0.6 0.0 0.0 0.0 0.0 0.0 0.0 -9.405104324861
0.0 0.0 0.0 0.0 0.0 -0.2 -0.2 0.0 0.0 0.0 0.0 0.0 0.0 -9.425079806629
0.0 0.0 0.0 0.0 0.0 -0.2 0.2 0.0 0.0 0.0 0.0 0.0 0.0 -9.425079820273
0.0 0.0 0.0 0.0 0.0 -0.2 0.6 0.0 0.0 0.0 0.0 0.0 0.0 -9.405104406711
0.0 0.0 0.0 0.0 0.0 -0.2 1.0 0.0 0.0 0.0 0.0 0.0 0.0 -9.356925965422
0.0 0.0 0.0 0.0 0.0 0.2 -1.0 0.0 0.0 0.0 0.0 0.0 0.0 -9.356925753567
0.0 0.0 0.0 0.0 0.0 0.2 -0.6 0.0 0.0 0.0 0.0 0.0 0.0 -9.4051043212
0.0 0.0 0.0 0.0 0.0 0.2 -0.2 0.0 0.0 0.0 0.0 0.0 0.0 -9.425079806771
0.0 0.0 0.0 0.0 0.0 0.2 0.2 0.0 0.0 0.0 0.0 0.0 0.0 -9.425079820131
0.0 0.0 0.0 0.0 0.0 0.2 0.6 0.0 0.0 0.0 0.0 0.0 0.0 -9.405104410374
0.0 0.0 0.0 0.0 0.0 0.2 1.0 0.0 0.0 0.0 0.0 0.0 0.0 -9.356925967919
0.0 0.0 0.0 0.0 0.0 0.6 -1.0 0.0 0.0 0.0 0.0 0.0 0.0 -9.328167777263
0.0 0.0 0.0 0.0 0.0 0.6 -0.6 0.0 0.0 0.0 0.0 0.0 0.0 -9.373133364199
0.0 0.0 0.0 0.0 0.0 0.6 -0.2 0.0 0.0 0.0 0.0 0.0 0.0 -9.403278710331
0.0 0.0 0.0 0.0 0.0 0.6 0.2 0.0 0.0 0.0 0.0 0.0 0.0 -9.403278755479
0.0 0.0 0.0 0.0 0.0 0.6 0.6 0.0 0.0 0.0 0.0 0.0 0.0 -9.373133472491
0.0 0.0 0.0 0.0 0.0 0.6 1.0 0.0 0.0 0.0 0.0 0.0 0.0 -9.32816793698
0.0 0.0 0.0 0.0 0.0 1.0 -1.0 0.0 0.0 0.0 0.0 0.0 0.0 -9.288281620186
0.0 0.0 0.0 0.0 0.0 1.0 -0.6 0.0 0.0 0.0 0.0 0.0 0.0 -9.324668127333
0.0 0.0 0.0 0.0 0.0 1.0 -0.2 0.0 0.0 0.0 0.0 0.0 0.0 -9.347153434443
0.0 0.0 0.0 0.0 0.0 1.0 0.2 0.0 0.0 0.0 0.0 0.0 0.0 -9.347153476479
0.0 0.0 0.0 0.0 0.0 1.0 0.6 0.0 0.0 0.0 0.0 0.0 0.0 -9.32466823059
0.0 0.0 0.0 0.0 0.0 1.0 1.0 0.0 0.0 0.0 0.0 0.0 0.0 -9.288281731534
0.0 0.0 0.0 0.0 0.0 -1.0 0.0 -1.0 0.0 0.0 0.0 0.0 0.0 -9.272976422062
0.0 0.0 0.0 0.0 0.0 -1.0 0.0 -0.6 0.0 0.0 0.0 0.0 0.0 -9.32106542626
0.0 0.0 0.0 0.0 0.0 -1.0 0.0 -0.2 0.0 0.0 0.0 0.0 0.0 -9.346817599456
0.0 0.0 0.0 0.0 0.0 -1.0 0.0 0.2 0.0 0.0 0.0 0.0 0.0 -9.346817672146
0.0 0.0 0.0 0.0 0.0 -1.0 0.0 0.6 0.0 0.0 0.0 0.0 0.0 -9.321065649466
0.0 0.0 0.0 0.0 0.0 -1.0 0.0 1.0 0.0 0.0 0.0 0.0 0.0 -9.27297679381
0.0 0.0 0.0 0.0 0.0 -0.6 0.0 -1.0 0.0 0.0 0.0 0.0 0.0 -9.32810974724
0.0 0.0 0.0 0.0 0.0 -0.6 0.0 -0.6 0.0 0.0 0.0 0.0 0.0 -9.380172525429
0.0 0.0 0.0 0.0 0.0 -0.6 0.0 -0.2 0.0 0.0 0.0 0.0 0.0 -9.404815511243
0.0 0.0 0.0 0.0 0.0 -0.6 0.0 0.2 0.0 0.0 0.0 0.0 0.0 -9.404815563851
0.0 0.0 0.0 0.0 0.0 -0.6 0.0 0.6 0.0 0.0 0.0 0.0 0.0 -9.380172726488
0.0 0.0 0.0 0.0 0.0 -0.6 0.0 1.0 0.0 0.0 0.0 0.0 0.0 -9.328110132028
0.0 0.0 0.0 0.0 0.0 -0.2 0.0 -1.0 0.0 0.0 0.0 0.0 0.0 -9.357388235961
0.0 0.0 0.0 0.0 0.0 -0.2 0.0 -0.6 0.0 0.0 0.0 0.0 0.0 -9.407020468037
0.0 0.0 0.0 0.0 0.0 -0.2 0.0 -0.2 0.0 0.0 0.0 0.0 0.0 -9.425541331016
0.0 0.0 0.0 0.0 0.0 -0.2 0.0 0.2 0.0 0.0 0.0 0.0 0.0 -9.425541345351
0.0 0.0 0.0 0.0 0.0 -0.2 0.0 0.6 0.0 0.0 0.0 0.0 0.0 -9.407020611684
0.0 0.0 0.0 0.0 0.0 -0.2 0.0 1.0 0.0 0.0 0.0 0.0 0.0 -9.35738860239
0.0 0.0 0.0 0.0 0.0 0.2 0.0 -1.0 0.0 0.0 0.0 0.0 0.0 -9.357388235942
0.0 0.0 0.0 0.0 0.0 0.2 0.0 -0.6 0.0 0.0 0.0 0.0 0.0 -9.407020468
0.0 0.0 0.0 0.0 0.0 0.2 0.0 -0.2 0.0 0.0 0.0 0.0 0.0 -9.425541331017
0.0 0.0 0.0 0.0 0.0 0.2 0.0 0.2 0.0 0.0 0.0 0.0 0.0 -9.42554134535
0.0 0.0 0.0 0.0 0.0 0.2 0.0 0.6 0.0 0.0 0.0 0.0 0.0 -9.40702061172
0.0 0.0 0.0 0.0 0.0 0.2 0.0 1.0 0.0 0.0 0.0 0.0 0.0 -9.357388602409
0.0 0.0 0.0 0.0 0.0 0.6 0.0 -1.0 0.0 0.0 0.0 0.0 0.0 -9.328109747265
0.0 0.0 0.0 0.0 0.0 0.6 0.0 -0.6 0.0 0.0 0.0 0.0 0.0 -9.380172525416
0.0 0.0 0.0 0.0 0.0 0.6 0.0 -0.2 0.0 0.0 0.0 0.0 0.0 -9.404815511269
0.0 0.0 0.0 0.0 0.0 0.6 0.0 0.2 0.0 0.0 0.0 0.0 0.0 -9.404815563826
0.0 0.0 0.0 0.0 0.0 0.6 0.0 0.6 0.0 0.0 0.0 0.0 0.0 -9.380172726502
0.0 0.0 0.0 0.0 0.0 0.6 0.0 1.0 0.0 0.0 0.0 0.0 0.0 -9.328110132005
0.0 0.0 0.0 0.0 0.0 1.0 0.0 -1.0 0.0 0.0 0.0 0.0 0.0 -9.272976422019
0.0 0.0 0.0 0.0 0.0 1.0 0.0 -0.6 0.0 0.0 0.0 0.0 0.0 -9.321065426158
0.0 0.0 0.0 0.0 0.0 1.0 0.0 -0.2 0.0 0.0 0.0 0.0 0.0 -9.346817599432
0.0 0.0 0.0 0.0 0.0 1.0 0.0 0.2 0.0 0.0 0.0 0.0 0.0 -9.346817672172
0.0 0.0 0.0 0.0 0.0 1.0 0.0 0.6 0.0 0.0 0.0 0.0 0.0 -9.32106564957
0.0 0.0 0.0 0.0 0.0 1.0 0.0 1.0 0.0 0.0 0.0 0.0 0.0 -9.272976793854
0.0 0.0 0.0 0.0 0.0 -1.0 0.0 0.0 -1.0 0.0 0.0 0.0 0.0 -9.28904243938
0.0 0.0 0.0 0.0 0.0 -1.0 0.0 0.0 -0.6 0.0 0.0 0.0 0.0 -9.331545203377
0.0 0.0 0.0 0.0 0.0 -1.0 0.0 0.0 -0.2 0.0 0.0 0.0 0.0 -9.348476529956
0.0 0.0 0.0 0.0 0.0 -1.0 0.0 0.0 0.2 0.0 0.0 0.0 0.0 -9.348213422514
0.0 0.0 0.0 0.0 0.0 -1.0 0.0 0.0 0.6 0.0 0.0 0.0 0.0 -9.336388768321
0.0 0.0 0.0 0.0 0.0 -1.0 0.0 0.0 1.0 0.0 0.0 0.0 0.0 -9.316811195559
0.0 0.0 0.0 0.0 0.0 -0.6 0.0 0.0 -1.0 0.0 0.0 0.0 0.0 -9.345901684896
0.0 0.0 0.0 0.0 0.0 -0.6 0.0 0.0 -0.6 0.0 0.0 0.0 0.0 -9.388867643447
0.0 0.0 0.0 0.0 0.0 -0.6 0.0 0.0 -0.2 0.0 0.0 0.0 0.0 -9.406030770578
0.0 0.0 0.0 0.0 0.0 -0.6 0.0 0.0 0.2 0.0 0.0 0.0 0.0 -9.405785153852
0.0 0.0 0.0 0.0 0.0 -0.6 0.0 0.0 0.6 0.0 0.0 0.0 0.0 -9.393778425201
0.0 0.0 0.0 0.0 0.0 -0.6 0.0 0.0 1.0 0.0 0.0 0.0 0.0 -9.373832290007
0.0 0.0 0.0 0.0 0.0 -0.2 0.0 0.0 -1.0 0.0 0.0 0.0 0.0 -9.364030939919
0.0 0.0 0.0 0.0 0.0 -0.2 0.0 0.0 -0.6 0.0 0.0 0.0 0.0 -9.407663268715
0.0 0.0 0.0 0.0 0.0 -0.2 0.0 0.0 -0.2 0.0 0.0 0.0 0.0 -9.42534630886
0.0 0.0 0.0 0.0 0.0 -0.2 0.0 0.0 0.2 0.0 0.0 0.0 0.0 -9.425485359544
0.0 0.0 0.0 0.0 0.0 -0.2 0.0 0.0 0.6 0.0 0.0 0.0 0.0 -9.413737782952
0.0 0.0 0.0 0.0 0.0 -0.2 0.0 0.0 1.0 0.0 0.0 0.0 0.0 -9.393933609434
0.0 0.0 0.0 0.0 0.0 0.2 0.0 0.0 -1.0 0.0 0.0 0.0 0.0 -9.364030939905
0.0 0.0 0.0 0.0 0.0 0.2 0.0 0.0 -0.6 0.0 0.0 0.0 0.0 -9.407663268713
0.0 0.0 0.0 0.0 0.0 0.2 0.0 0.0 -0.2 0.0 0.0 0.0 0.0 -9.42534630886
0.0 0.0 0.0 0.0 0.0 0.2 0.0 0.0 0.2 0.0 0.0 0.0 0.0 -9.425485359544
0.0 0.0 0.0 0.0 0.0 0.2 0.0 0.0 0.6 0.0 0.0 0.0 0.0 -9.413737782952
0.0 0.0 0.0 0.0 0.0 0.2 0.0 0.0 1.0 0.0 0.0 0.0 0.0 -9.393933609437
0.0 0.0 0.0 0.0 0.0 0.6 0.0 0.0 -1.0 0.0 0.0 0.0 0.0 -9.345901684917
0.0 0.0 0.0 0.0 0.0 0.6 0.0 0.0 -0.6 0.0 0.0 0.0 0.0 -9.388867643404
0.0 0.0 0.0 0.0 0.0 0.6 0.0 0.0 -0.2 0.0 0.0 0.0 0.0 -9.406030770596
0.0 0.0 0.0 0.0 0.0 0.6 0.0 0.0 0.2 0.0 0.0 0.0 0.0 -9.405785153862
0.0 0.0 0.0 0.0 0.0 0.6 0.0 0.0 0.6 0.0 0.0 0.0 0.0 -9.3937784252
0.0 0.0 0.0 0.0 0.0 0.6 0.0 0.0 1.0 0.0 0.0 0.0 0.0 -9.373832290021
0.0 0.0 0.0 0.0 0.0 1.0 0.0 0.0 -1.0 0.0 0.0 0.0 0.0 -9.289042438414
0.0 0.0 0.0 0.0 0.0 1.0 0.0 0.0 -0.6 0.0 0.0 0.0 0.0 -9.331545203651
0.0 0.0 0.0 0.0 0.0 1.0 0.0 0.0 -0.2 0.0 0.0 0.0 0.0 -9.348476530339
0.0 0.0 0.0 0.0 0.0 1.0 0.0 0.0 0.2 0.0 0.0 0.0 0.0 -9.348213422776
0.0 0.0 0.0 0.0 0.0 1.0 0.0 0.0 0.6 0.0 0.0 0.0 0.0 -9.336388768418
0.0 0.0 0.0 0.0 0.0 1.0 0.0 0.0 1.0 0.0 0.0 0.0 0.0 -9.316811195577
0.0 0.0 0.0 0.0 0.0 -1.0 0.0 0.0 0.0 -1.0 0.0 0.0 0.0 -9.246696370483
0.0 0.0 0.0 0.0 0.0 -1.0 0.0 0.0 0.0 -0.6 0.0 0.0 0.0 -9.314256118647
0.0 0.0 0.0 0.0 0.0 -1.0 0.0 0.0 0.0 -0.2 0.0 0.0 0.0 -9.346184513429
0.0 0.0 0.0 0.0 0.0 -1.0 0.0 0.0 0.0 0.2 0.0 0.0 0.0 -9.346184456183
0.0 0.0 0.0 0.0 0.0 -1.0 0.0 0.0 0.0 0.6 0.0 0.0 0.0 -9.314255930353
0.0 0.0 0.0 0.0 0.0 -1.0 0.0 0.0 0.0 1.0 0.0 0.0 0.0 -9.246695998229
0.0 0.0 0.0 0.0 0.0 -0.6 0.0 0.0 0.0 -1.0 0.0 0.0 0.0 -9.300567970904
0.0 0.0 0.0 0.0 0.0 -0.6 0.0 0.0 0.0 -0.6 0.0 0.0 0.0 -9.370558300074
0.0 0.0 0.0 0.0 0.0 -0.6 0.0 0.0 0.0 -0.2 0.0 0.0 0.0 -9.403633135965
0.0 0.0 0.0 0.0 0.0 -0.6 0.0 0.0 0.0 0.2 0.0 0.0 0.0 -9.403633096109
0.0 0.0 0.0 0.0 0.0 -0.6 0.0 0.0 0.0 0.6 0.0 0.0 0.0 -9.370558170082
0.0 0.0 0.0 0.0 0.0 -0.6 0.0 0.0 0.0 1.0 0.0 0.0 0.0 -9.300567717469
0.0 0.0 0.0 0.0 0.0 -0.2 0.0 0.0 0.0 -1.0 0.0 0.0 0.0 -9.317146619148
0.0 0.0 0.0 0.0 0.0 -0.2 0.0 0.0 0.0 -0.6 0.0 0.0 0.0 -9.389051373166
0.0 0.0 0.0 0.0 0.0 -0.2 0.0 0.0 0.0 -0.2 0.0 0.0 0.0 -9.423044284378
0.0 0.0 0.0 0.0 0.0 -0.2 0.0 0.0 0.0 0.2 0.0 0.0 0.0 -9.423044268419
0.0 0.0 0.0 0.0 0.0 -0.2 0.0 0.0 0.0 0.6 0.0 0.0 0.0 -9.389051321624
0.0 0.0 0.0 0.0 0.0 -0.2 0.0 0.0 0.0 1.0 0.0 0.0 0.0 -9.317146520332
0.0 0.0 0.0 0.0 0.0 0.2 0.0 0.0 0.0 -1.0 0.0 0.0 0.0 -9.317146520902
0.0 0.0 0.0 0.0 0.0 0.2 0.0 0.0 0.0 -0.6 0.0 0.0 0.0 -9.38905132193
0.0 0.0 0.0 0.0 0.0 0.2 0.0 0.0 0.0 -0.2 0.0 0.0 0.0 -9.423044268515
0.0 0.0 0.0 0.0 0.0 0.2 0.0 0.0 0.0 0.2 0.0 0.0 0.0 -9.423044284282
0.0 0.0 0.0 0.0 0.0 0.2 0.0 0.0 0.0 0.6 0.0 0.0 0.0 -9.38905137286
0.0 0.0 0.0 0.0 0.0 0.2 0.0 0.0 0.0 1.0 0.0 0.0 0.0 -9.317146618579
0.0 0.0 0.0 0.0 0.0 0.6 0.0 0.0 0.0 -1.0 0.0 0.0 0.0 -9.300567717327
0.0 0.0 0.0 0.0 0.0 0.6 0.0 0.0 0.0 -0.6 0.0 0.0 0.0 -9.370558170035
0.0 0.0 0.0 0.0 0.0 0.6 0.0 0.0 0.0 -0.2 0.0 0.0 0.0 -9.4036330961
0.0 0.0 0.0 0.0 0.0 0.6 0.0 0.0 0.0 0.2 0.0 0.0 0.0 -9.403633135975
0.0 0.0 0.0 0.0 0.0 0.6 0.0 0.0 0.0 0.6 0.0 0.0 0.0 -9.370558300121
0.0 0.0 0.0 0.0 0.0 0.6 0.0 0.0 0.0 1.0 0.0 0.0 0.0 -9.300567971046
0.0 0.0 0.0 0.0 0.0 1.0 0.0 0.0 0.0 -1.0 0.0 0.0 0.0 -9.246695991647
0.0 0.0 0.0 0.0 0.0 1.0 0.0 0.0 0.0 -0.6 0.0 0.0 0.0 -9.314255926646
0.0 0.0 0.0 0.0 0.0 1.0 0.0 0.0 0.0 -0.2 0.0 0.0 0.0 -9.346184454987
0.0 0.0 0.0 0.0 0.0 1.0 0.0 0.0 0.0 0.2 0.0 0.0 0.0 -9.346184514627
0.0 0.0 0.0 0.0 0.0 1.0 0.0 0.0 0.0 0.6 0.0 0.0 0.0 -9.314256122354
0.0 0.0 0.0 0.0 0.0 1.0 0.0 0.0 0.0 1.0 0.0 0.0 0.0 -9.246696377061
0.0 0.0 0.0 0.0 0.0 -1.0 0.0 0.0 0.0 0.0 -1.0 0.0 0.0 -9.258465334279
0.0 0.0 0.0 0.0 0.0 -1.0 0.0 0.0 0.0 0.0 -0.6 0.0 0.0 -9.315360624133
0.0 0.0 0.0 0.0 0.0 -1.0 0.0 0.0 0.0 0.0 -0.2 0.0 0.0 -9.345651390345
0.0 0.0 0.0 0.0 0.0 -1.0 0.0 0.0 0.0 0.0 0.2 0.0 0.0 -9.34639432537
0.0 0.0 0.0 0.0 0.0 -1.0 0.0 0.0 0.0 0.0 0.6 0.0 0.0 -9.309901492716
0.0 0.0 0.0 0.0 0.0 -1.0 0.0 0.0 0.0 0.0 1.0 0.0 0.0 -9.223817213271
0.0 0.0 0.0 0.0 0.0 -0.6 0.0 0.0 0.0 0.0 -1.0 0.0 0.0 -9.310966213169
0.0 0.0 0.0 0.0 0.0 -0.6 0.0 0.0 0.0 0.0 -0.6 0.0 0.0 -9.370694309818
0.0 0.0 0.0 0.0 0.0 -0.6 0.0 0.0 0.0 0.0 -0.2 0.0 0.0 -9.402795277124
0.0 0.0 0.0 0.0 0.0 -0.6 0.0 0.0 0.0 0.0 0.2 0.0 0.0 -9.404077210791
0.0 0.0 0.0 0.0 0.0 -0.6 0.0 0.0 0.0 0.0 0.6 0.0 0.0 -9.366553909746
0.0 0.0 0.0 0.0 0.0 -0.6 0.0 0.0 0.0 0.0 1.0 0.0 0.0 -9.277434628068
0.0 0.0 0.0 0.0 0.0 -0.2 0.0 0.0 0.0 0.0 -1.0 0.0 0.0 -9.330807081418
0.0 0.0 0.0 0.0 0.0 -0.2 0.0 0.0 0.0 0.0 -0.6 0.0 0.0 -9.391044380294
0.0 0.0 0.0 0.0 0.0 -0.2 0.0 0.0 0.0 0.0 -0.2 0.0 0.0 -9.422828970194
0.0 0.0 0.0 0.0 0.0 -0.2 0.0 0.0 0.0 0.0 0.2 0.0 0.0 -9.422832498731
0.0 0.0 0.0 0.0 0.0 -0.2 0.0 0.0 0.0 0.0 0.6 0.0 0.0 -9.382897207604
0.0 0.0 0.0 0.0 0.0 -0.2 0.0 0.0 0.0 0.0 1.0 0.0 0.0 -9.289981192138
0.0 0.0 0.0 0.0 0.0 0.2 0.0 0.0 0.0 0.0 -1.0 0.0 0.0 -9.330807081418
0.0 0.0 0.0 0.0 0.0 0.2 0.0 0.0 0.0 0.0 -0.6 0.0 0.0 -9.391044380925
0.0 0.0 0.0 0.0 0.0 0.2 0.0 0.0 0.0 0.0 -0.2 0.0 0.0 -9.422828970196
0.0 0.0 0.0 0.0 0.0 0.2 0.0 0.0 0.0 0.0 0.2 0.0 0.0 -9.422832498731
0.0 0.0 0.0 0.0 0.0 0.2 0.0 0.0 0.0 0.0 0.6 0.0 0.0 -9.382897207603
0.0 0.0 0.0 0.0 0.0 0.2 0.0 0.0 0.0 0.0 1.0 0.0 0.0 -9.289981192137
0.0 0.0 0.0 0.0 0.0 0.6 0.0 0.0 0.0 0.0 -1.0 0.0 0.0 -9.310966213167
0.0 0.0 0.0 0.0 0.0 0.6 0.0 0.0 0.0 0.0 -0.6 0.0 0.0 -9.37069431054
0.0 0.0 0.0 0.0 0.0 0.6 0.0 0.0 0.0 0.0 -0.2 0.0 0.0 -9.402795277392
0.0 0.0 0.0 0.0 0.0 0.6 0.0 0.0 0.0 0.0 0.2 0.0 0.0 -9.404077210792
0.0 0.0 0.0 0.0 0.0 0.6 0.0 0.0 0.0 0.0 0.6 0.0 0.0 -9.366553909745
0.0 0.0 0.0 0.0 0.0 0.6 0.0 0.0 0.0 0.0 1.0 0.0 0.0 -9.277434628065
0.0 0.0 0.0 0.0 0.0 1.0 0.0 0.0 0.0 0.0 -1.0 0.0 0.0 -9.258465334279
0.0 0.0 0.0 0.0 0.0 1.0 0.0 0.0 0.0 0.0 -0.6 0.0 0.0 -9.315360624134
0.0 0.0 0.0 0.0 0.0 1.0 0.0 0.0 0.0 0.0 -0.2 0.0 0.0 -9.345651390346
0.0 0.0 0.0 0.0 0.0 1.0 0.0 0.0 0.0 0.0 0.2 0.0 0.0 -9.346394325373
0.0 0.0 0.0 0.0 0.0 1.0 0.0 0.0 0.0 0.0 0.6 0.0 0.0 -9.309901492715
0.0 0.0 0.0 0.0 0.0 1.0 0.0 0.0 0.0 0.0 1.0 0.0 0.0 -9.223817213267
0.0 0.0 0.0 0.0 0.0 -1.0 0.0 0.0 0.0 0.0 0.0 -1.0 0.0 -9.252235203327
0.0 0.0 0.0 0.0 0.0 -1.0 0.0 0.0 0.0 0.0 0.0 -0.6 0.0 -9.294993522299
0.0 0.0 0.0 0.0 0.0 -1.0 0.0 0.0 0.0 0.0 0.0 -0.2 0.0 -9.333264284576
0.0 0.0 0.0 0.0 0.0 -1.0 0.0 0.0 0.0 0.0 0.0 0.2 0.0 -9.364671897894
0.0 0.0 0.0 0.0 0.0 -1.0 0.0 0.0 0.0 0.0 0.0 0.6 0.0 -9.384433695149
0.0 0.0 0.0 0.0 0.0 -1.0 0.0 0.0 0.0 0.0 0.0 1.0 0.0 -9.386353949693
0.0 0.0 0.0 0.0 0.0 -0.6 0.0 0.0 0.0 0.0 0.0 -1.0 0.0 -9.305842204098
0.0 0.0 0.0 0.0 0.0 -0.6 0.0 0.0 0.0 0.0 0.0 -0.6 0.0 -9.353704906822
0.0 0.0 0.0 0.0 0.0 -0.6 0.0 0.0 0.0 0.0 0.0 -0.2 0.0 -9.393506016886
0.0 0.0 0.0 0.0 0.0 -0.6 0.0 0.0 0.0 0.0 0.0 0.2 0.0 -9.415795293452
0.0 0.0 0.0 0.0 0.0 -0.6 0.0 0.0 0.0 0.0 0.0 0.6 0.0 -9.403038395385
0.0 0.0 0.0 0.0 0.0 -0.6 0.0 0.0 0.0 0.0 0.0 1.0 0.0 -9.32348264324
0.0 0.0 0.0 0.0 0.0 -0.2 0.0 0.0 0.0 0.0 0.0 -1.0 0.0 -9.335266202799
0.0 0.0 0.0 0.0 0.0 -0.2 0.0 0.0 0.0 0.0 0.0 -0.6 0.0 -9.384708708766
0.0 0.0 0.0 0.0 0.0 -0.2 0.0 0.0 0.0 0.0 0.0 -0.2 0.0 -9.420062910977
0.0 0.0 0.0 0.0 0.0 -0.2 0.0 0.0 0.0 0.0 0.0 0.2 0.0 -9.422326156529
0.0 0.0 0.0 0.0 0.0 -0.2 0.0 0.0 0.0 0.0 0.0 0.6 0.0 -9.349015335902
0.0 0.0 0.0 0.0 0.0 -0.2 0.0 0.0 0.0 0.0 0.0 1.0 0.0 -9.105857499448
0.0 0.0 0.0 0.0 0.0 0.2 0.0 0.0 0.0 0.0 0.0 -1.0 0.0 -9.335266202796
0.0 0.0 0.0 0.0 0.0 0.2 0.0 0.0 0.0 0.0 0.0 -0.6 0.0 -9.384708708765
0.0 0.0 0.0 0.0 0.0 0.2 0.0 0.0 0.0 0.0 0.0 -0.2 0.0 -9.420062910977
0.0 0.0 0.0 0.0 0.0 0.2 0.0 0.0 0.0 0.0 0.0 0.2 0.0 -9.422326156529
0.0 0.0 0.0 0.0 0.0 0.2 0.0 0.0 0.0 0.0 0.0 0.6 0.0 -9.349015335901
0.0 0.0 0.0 0.0 0.0 0.2 0.0 0.0 0.0 0.0 0.0 1.0 0.0 -9.105857499445
0.0 0.0 0.0 0.0 0.0 0.6 0.0 0.0 0.0 0.0 0.0 -1.0 0.0 -9.30584220408
0.0 0.0 0.0 0.0 0.0 0.6 0.0 0.0 0.0 0.0 0.0 -0.6 0.0 -9.353704906805
0.0 0.0 0.0 0.0 0.0 0.6 0.0 0.0 0.0 0.0 0.0 -0.2 0.0 -9.393506016888
0.0 0.0 0.0 0.0 0.0 0.6 0.0 0.0 0.0 0.0 0.0 0.2 0.0 -9.415795293488
0.0 0.0 0.0 0.0 0.0 0.6 0.0 0.0 0.0 0.0 0.0 0.6 0.0 -9.403038395422
0.0 0.0 0.0 0.0 0.0 0.6 0.0 0.0 0.0 0.0 0.0 1.0 0.0 -9.323482643302
0.0 0.0 0.0 0.0 0.0 1.0 0.0 0.0 0.0 0.0 0.0 -1.0 0.0 -9.252235203327
0.0 0.0 0.0 0.0 0.0 1.0 0.0 0.0 0.0 0.0 0.0 -0.6 0.0 -9.29499352234
0.0 0.0 0.0 0.0 0.0 1.0 0.0 0.0 0.0 0.0 0.0 -0.2 0.0 -9.333264284956
0.0 0.0 0.0 0.0 0.0 1.0 0.0 0.0 0.0 0.0 0.0 0.2 0.0 -9.364671897858
0.0 0.0 0.0 0.0 0.0 1.0 0.0 0.0 0.0 0.0 0.0 0.6 0.0 -9.384433695398
0.0 0.0 0.0 0.0 0.0 1.0 0.0 0.0 0.0 0.0 0.0 1.0 0.0 -9.386353949694
0.0 0.0 0.0 0.0 0.0 -1.0 0.0 0.0 0.0 0.0 0.0 0.0 -1.0 -9.318693038446
0.0 0.0 0.0 0.0 0.0 -1.0 0.0 0.0 0.0 0.0 0.0 0.0 -0.6 -9.339488014981
0.0 0.0 0.0 0.0 0.0 -1.0 0.0 0.0 0.0 0.0 0.0 0.0 -0.2 -9.348942707589
0.0 0.0 0.0 0.0 0.0 -1.0 0.0 0.0 0.0 0.0 0.0 0.0 0.2 -9.348942704657
0.0 0.0 0.0 0.0 0.0 -1.0 0.0 0.0 0.0 0.0 0.0 0.0 0.6 -9.339488015927
0.0 0.0 0.0 0.0 0.0 -1.0 0.0 0.0 0.0 0.0 0.0 0.0 1.0 -9.318693073132
0.0 0.0 0.0 0.0 0.0 -0.6 0.0 0.0 0.0 0.0 0.0 0.0 -1.0 -9.314266449058
0.0 0.0 0.0 0.0 0.0 -0.6 0.0 0.0 0.0 0.0 0.0 0.0 -0.6 -9.378205338332
0.0 0.0 0.0 0.0 0.0 -0.6 0.0 0.0 0.0 0.0 0.0 0.0 -0.2 -9.404630874644
0.0 0.0 0.0 0.0 0.0 -0.6 0.0 0.0 0.0 0.0 0.0 0.0 0.2 -9.404630901389
0.0 0.0 0.0 0.0 0.0 -0.6 0.0 0.0 0.0 0.0 0.0 0.0 0.6 -9.378205442142
0.0 0.0 0.0 0.0 0.0 -0.6 0.0 0.0 0.0 0.0 0.0 0.0 1.0 -9.314266720404
0.0 0.0 0.0 0.0 0.0 -0.2 0.0 0.0 0.0 0.0 0.0 0.0 -1.0 -9.220679080687
0.0 0.0 0.0 0.0 0.0 -0.2 0.0 0.0 0.0 0.0 0.0 0.0 -0.6 -9.36682192762
0.0 0.0 0.0 0.0 0.0 -0.2 0.0 0.0 0.0 0.0 0.0 0.0 -0.2 -9.42118620683
0.0 0.0 0.0 0.0 0.0 -0.2 0.0 0.0 0.0 0.0 0.0 0.0 0.2 -9.421186226552
0.0 0.0 0.0 0.0 0.0 -0.2 0.0 0.0 0.0 0.0 0.0 0.0 0.6 -9.366821981381
0.0 0.0 0.0 0.0 0.0 -0.2 0.0 0.0 0.0 0.0 0.0 0.0 1.0 -9.220679150243
0.0 0.0 0.0 0.0 0.0 0.2 0.0 0.0 0.0 0.0 0.0 0.0 -1.0 -9.22067937429
0.0 0.0 0.0 0.0 0.0 0.2 0.0 0.0 0.0 0.0 0.0 0.0 -0.6 -9.366822016194
0.0 0.0 0.0 0.0 0.0 0.2 0.0 0.0 0.0 0.0 0.0 0.0 -0.2 -9.421186225674
0.0 0.0 0.0 0.0 0.0 0.2 0.0 0.0 0.0 0.0 0.0 0.0 0.2 -9.421186207708
0.0 0.0 0.0 0.0 0.0 0.2 0.0 0.0 0.0 0.0 0.0 0.0 0.6 -9.366821892804
0.0 0.0 0.0 0.0 0.0 0.2 0.0 0.0 0.0 0.0 0.0 0.0 1.0 -9.220678856627
0.0 0.0 0.0 0.0 0.0 0.6 0.0 0.0 0.0 0.0 0.0 0.0 -1.0 -9.314266727626
0.0 0.0 0.0 0.0 0.0 0.6 0.0 0.0 0.0 0.0 0.0 0.0 -0.6 -9.378205421929
0.0 0.0 0.0 0.0 0.0 0.6 0.0 0.0 0.0 0.0 0.0 0.0 -0.2 -9.404630891076
0.0 0.0 0.0 0.0 0.0 0.6 0.0 0.0 0.0 0.0 0.0 0.0 0.2 -9.404630884958
0.0 0.0 0.0 0.0 0.0 0.6 0.0 0.0 0.0 0.0 0.0 0.0 0.6 -9.378205358543
0.0 0.0 0.0 0.0 0.0 0.6 0.0 0.0 0.0 0.0 0.0 0.0 1.0 -9.314266441823
0.0 0.0 0.0 0.0 0.0 1.0 0.0 0.0 0.0 0.0 0.0 0.0 -1.0 -9.318693031765
0.0 0.0 0.0 0.0 0.0 1.0 0.0 0.0 0.0 0.0 0.0 0.0 -0.6 -9.339487988532
0.0 0.0 0.0 0.0 0.0 1.0 0.0 0.0 0.0 0.0 0.0 0.0 -0.2 -9.348942695101
0.0 0.0 0.0 0.0 0.0 1.0 0.0 0.0 0.0 0.0 0.0 0.0 0.2 -9.348942717147
0.0 0.0 0.0 0.0 0.0 1.0 0.0 0.0 0.0 0.0 0.0 0.0 0.6 -9.339488042377
0.0 0.0 0.0 0.0 0.0 1.0 0.0 0.0 0.0 0.0 0.0 0.0 1.0 -9.318693079811
0.0 0.0 0.0 0.0 0.0 0.0 -1.0 -1.0 0.0 0.0 0.0 0.0 0.0 -9.282064864566
0.0 0.0 0.0 0.0 0.0 0.0 -1.0 -0.6 0.0 0.0 0.0 0.0 0.0 -9.331715493303
0.0 0.0 0.0 0.0 0.0 0.0 -1.0 -0.2 0.0 0.0 0.0 0.0 0.0 -9.357774411615
0.0 0.0 0.0 0.0 0.0 0.0 -1.0 0.2 0.0 0.0 0.0 0.0 0.0 -9.357774484718
0.0 0.0 0.0 0.0 0.0 0.0 -1.0 0.6 0.0 0.0 0.0 0.0 0.0 -9.331715723594
0.0 0.0 0.0 0.0 0.0 0.0 -1.0 1.0 0.0 0.0 0.0 0.0 0.0 -9.282065248081
0.0 0.0 0.0 0.0 0.0 0.0 -0.6 -1.0 0.0 0.0 0.0 0.0 0.0 -9.331715463871
0.0 0.0 0.0 0.0 0.0 0.0 -0.6 -0.6 0.0 0.0 0.0 0.0 0.0 -9.383535262721
0.0 0.0 0.0 0.0 0.0 0.0 -0.6 -0.2 0.0 0.0 0.0 0.0 0.0 -9.407252122957
0.0 0.0 0.0 0.0 0.0 0.0 -0.6 0.2 0.0 0.0 0.0 0.0 0.0 -9.407252170127
0.0 0.0 0.0 0.0 0.0 0.0 -0.6 0.6 0.0 0.0 0.0 0.0 0.0 -9.383535456377
0.0 0.0 0.0 0.0 0.0 0.0 -0.6 1.0 0.0 0.0 0.0 0.0 0.0 -9.331715847693
0.0 0.0 0.0 0.0 0.0 0.0 -0.2 -1.0 0.0 0.0 0.0 0.0 0.0 -9.357774355549
0.0 0.0 0.0 0.0 0.0 0.0 -0.2 -0.6 0.0 0.0 0.0 0.0 0.0 -9.407252104866
0.0 0.0 0.0 0.0 0.0 0.0 -0.2 -0.2 0.0 0.0 0.0 0.0 0.0 -9.42550722026
0.0 0.0 0.0 0.0 0.0 0.0 -0.2 0.2 0.0 0.0 0.0 0.0 0.0 -9.425507233144
0.0 0.0 0.0 0.0 0.0 0.0 -0.2 0.6 0.0 0.0 0.0 0.0 0.0 -9.407252246377
0.0 0.0 0.0 0.0 0.0 0.0 -0.2 1.0 0.0 0.0 0.0 0.0 0.0 -9.357774721068
0.0 0.0 0.0 0.0 0.0 0.0 0.2 -1.0 0.0 0.0 0.0 0.0 0.0 -9.357774400597
0.0 0.0 0.0 0.0 0.0 0.0 0.2 -0.6 0.0 0.0 0.0 0.0 0.0 -9.407252133934
0.0 0.0 0.0 0.0 0.0 0.0 0.2 -0.2 0.0 0.0 0.0 0.0 0.0 -9.425507228201
0.0 0.0 0.0 0.0 0.0 0.0 0.2 0.2 0.0 0.0 0.0 0.0 0.0 -9.425507241085
0.0 0.0 0.0 0.0 0.0 0.0 0.2 0.6 0.0 0.0 0.0 0.0 0.0 -9.407252275446
0.0 0.0 0.0 0.0 0.0 0.0 0.2 1.0 0.0 0.0 0.0 0.0 0.0 -9.357774766119
0.0 0.0 0.0 0.0 0.0 0.0 0.6 -1.0 0.0 0.0 0.0 0.0 0.0 -9.331715605781
0.0 0.0 0.0 0.0 0.0 0.0 0.6 -0.6 0.0 0.0 0.0 0.0 0.0 -9.383535382057
0.0 0.0 0.0 0.0 0.0 0.0 0.6 -0.2 0.0 0.0 0.0 0.0 0.0 -9.407252210162
0.0 0.0 0.0 0.0 0.0 0.0 0.6 0.2 0.0 0.0 0.0 0.0 0.0 -9.407252257333
0.0 0.0 0.0 0.0 0.0 0.0 0.6 0.6 0.0 0.0 0.0 0.0 0.0 -9.383535575718
0.0 0.0 0.0 0.0 0.0 0.0 0.6 1.0 0.0 0.0 0.0 0.0 0.0 -9.331715989613
0.0 0.0 0.0 0.0 0.0 0.0 1.0 -1.0 0.0 0.0 0.0 0.0 0.0 -9.282065100893
0.0 0.0 0.0 0.0 0.0 0.0 1.0 -0.6 0.0 0.0 0.0 0.0 0.0 -9.331715729823
0.0 0.0 0.0 0.0 0.0 0.0 1.0 -0.2 0.0 0.0 0.0 0.0 0.0 -9.357774636859
0.0 0.0 0.0 0.0 0.0 0.0 1.0 0.2 0.0 0.0 0.0 0.0 0.0 -9.357774709964
0.0 0.0 0.0 0.0 0.0 0.0 1.0 0.6 0.0 0.0 0.0 0.0 0.0 -9.331715960124
0.0 0.0 0.0 0.0 0.0 0.0 1.0 1.0 0.0 0.0 0.0 0.0 0.0 -9.282065484423
0.0 0.0 0.0 0.0 0.0 0.0 -1.0 0.0 -1.0 0.0 0.0 0.0 0.0 -9.302042439989
0.0 0.0 0.0 0.0 0.0 0.0 -1.0 0.0 -0.6 0.0 0.0 0.0 0.0 -9.343128923384
0.0 0.0 0.0 0.0 0.0 0.0 -1.0 0.0 -0.2 0.0 0.0 0.0 0.0 -9.35951234184
0.0 0.0 0.0 0.0 0.0 0.0 -1.0 0.0 0.2 0.0 0.0 0.0 0.0 -9.359142515956
0.0 0.0 0.0 0.0 0.0 0.0 -1.0 0.0 0.6 0.0 0.0 0.0 0.0 -9.347402791999
0.0 0.0 0.0 0.0 0.0 0.0 -1.0 0.0 1.0 0.0 0.0 0.0 0.0 -9.327958662536
0.0 0.0 0.0 0.0 0.0 0.0 -0.6 0.0 -1.0 0.0 0.0 0.0 0.0 -9.348684551803
0.0 0.0 0.0 0.0 0.0 0.0 -0.6 0.0 -0.6 0.0 0.0 0.0 0.0 -9.391228293998
0.0 0.0 0.0 0.0 0.0 0.0 -0.6 0.0 -0.2 0.0 0.0 0.0 0.0 -9.408275975411
0.0 0.0 0.0 0.0 0.0 0.0 -0.6 0.0 0.2 0.0 0.0 0.0 0.0 -9.408066278883
0.0 0.0 0.0 0.0 0.0 0.0 -0.6 0.0 0.6 0.0 0.0 0.0 0.0 -9.396156430522
0.0 0.0 0.0 0.0 0.0 0.0 -0.6 0.0 1.0 0.0 0.0 0.0 0.0 -9.376316327272
0.0 0.0 0.0 0.0 0.0 0.0 -0.2 0.0 -1.0 0.0 0.0 0.0 0.0 -9.363969762352
0.0 0.0 0.0 0.0 0.0 0.0 -0.2 0.0 -0.6 0.0 0.0 0.0 0.0 -9.407570224795
0.0 0.0 0.0 0.0 0.0 0.0 -0.2 0.0 -0.2 0.0 0.0 0.0 0.0 -9.425254619658
0.0 0.0 0.0 0.0 0.0 0.0 -0.2 0.0 0.2 0.0 0.0 0.0 0.0 -9.425410928598
0.0 0.0 0.0 0.0 0.0 0.0 -0.2 0.0 0.6 0.0 0.0 0.0 0.0 -9.41368646462
0.0 0.0 0.0 0.0 0.0 0.0 -0.2 0.0 1.0 0.0 0.0 0.0 0.0 -9.393905503821
0.0 0.0 0.0 0.0 0.0 0.0 0.2 0.0 -1.0 0.0 0.0 0.0 0.0 -9.363969803688
0.0 0.0 0.0 0.0 0.0 0.0 0.2 0.0 -0.6 0.0 0.0 0.0 0.0 -9.407570247332
0.0 0.0 0.0 0.0 0.0 0.0 0.2 0.0 -0.2 0.0 0.0 0.0 0.0 -9.425254628846
0.0 0.0 0.0 0.0 0.0 0.0 0.2 0.0 0.2 0.0 0.0 0.0 0.0 -9.425410928618
0.0 0.0 0.0 0.0 0.0 0.0 0.2 0.0 0.6 0.0 0.0 0.0 0.0 -9.413686458871
0.0 0.0 0.0 0.0 0.0 0.0 0.2 0.0 1.0 0.0 0.0 0.0 0.0 -9.393905495144
0.0 0.0 0.0 0.0 0.0 0.0 0.6 0.0 -1.0 0.0 0.0 0.0 0.0 -9.348684665622
0.0 0.0 0.0 0.0 0.0 0.0 0.6 0.0 -0.6 0.0 0.0 0.0 0.0 -9.391228384925
0.0 0.0 0.0 0.0 0.0 0.0 0.6 0.0 -0.2 0.0 0.0 0.0 0.0 -9.408276057333
0.0 0.0 0.0 0.0 0.0 0.0 0.6 0.0 0.2 0.0 0.0 0.0 0.0 -9.408066362054
0.0 0.0 0.0 0.0 0.0 0.0 0.6 0.0 0.6 0.0 0.0 0.0 0.0 -9.396156522983
0.0 0.0 0.0 0.0 0.0 0.0 0.6 0.0 1.0 0.0 0.0 0.0 0.0 -9.376316435527
0.0 0.0 0.0 0.0 0.0 0.0 1.0 0.0 -1.0 0.0 0.0 0.0 0.0 -9.30204264724
0.0 0.0 0.0 0.0 0.0 0.0 1.0 0.0 -0.6 0.0 0.0 0.0 0.0 -9.343129122107
0.0 0.0 0.0 0.0 0.0 0.0 1.0 0.0 -0.2 0.0 0.0 0.0 0.0 -9.359512552796
0.0 0.0 0.0 0.0 0.0 0.0 1.0 0.0 0.2 0.0 0.0 0.0 0.0 -9.35914275413
0.0 0.0 0.0 0.0 0.0 0.0 1.0 0.0 0.6 0.0 0.0 0.0 0.0 -9.34740306888
0.0 0.0 0.0 0.0 0.0 0.0 1.0 0.0 1.0 0.0 0.0 0.0 0.0 -9.327958987203
0.0 0.0 0.0 0.0 0.0 0.0 -1.0 0.0 0.0 -1.0 0.0 0.0 0.0 -9.253736310545
0.0 0.0 0.0 0.0 0.0 0.0 -1.0 0.0 0.0 -0.6 0.0 0.0 0.0 -9.323867467774
0.0 0.0 0.0 0.0 0.0 0.0 -1.0 0.0 0.0 -0.2 0.0 0.0 0.0 -9.356986095457
0.0 0.0 0.0 0.0 0.0 0.0 -1.0 0.0 0.0 0.2 0.0 0.0 0.0 -9.356986094842
0.0 0.0 0.0 0.0 0.0 0.0 -1.0 0.0 0.0 0.6 0.0 0.0 0.0 -9.323867465914
0.0 0.0 0.0 0.0 0.0 0.0 -1.0 0.0 0.0 1.0 0.0 0.0 0.0 -9.25373630739
0.0 0.0 0.0 0.0 0.0 0.0 -0.6 0.0 0.0 -1.0 0.0 0.0 0.0 -9.301223534789
0.0 0.0 0.0 0.0 0.0 0.0 -0.6 0.0 0.0 -0.6 0.0 0.0 0.0 -9.372261575993
0.0 0.0 0.0 0.0 0.0 0.0 -0.6 0.0 0.0 -0.2 0.0 0.0 0.0 -9.405824735444
0.0 0.0 0.0 0.0 0.0 0.0 -0.6 0.0 0.0 0.2 0.0 0.0 0.0 -9.405824735758
0.0 0.0 0.0 0.0 0.0 0.0 -0.6 0.0 0.0 0.6 0.0 0.0 0.0 -9.372261576934
0.0 0.0 0.0 0.0 0.0 0.0 -0.6 0.0 0.0 1.0 0.0 0.0 0.0 -9.301223536351
0.0 0.0 0.0 0.0 0.0 0.0 -0.2 0.0 0.0 -1.0 0.0 0.0 0.0 -9.316848987193
0.0 0.0 0.0 0.0 0.0 0.0 -0.2 0.0 0.0 -0.6 0.0 0.0 0.0 -9.388893384013
0.0 0.0 0.0 0.0 0.0 0.0 -0.2 0.0 0.0 -0.2 0.0 0.0 0.0 -9.422951966436
0.0 0.0 0.0 0.0 0.0 0.0 -0.2 0.0 0.0 0.2 0.0 0.0 0.0 -9.422951966565
0.0 0.0 0.0 0.0 0.0 0.0 -0.2 0.0 0.0 0.6 0.0 0.0 0.0 -9.388893384387
0.0 0.0 0.0 0.0 0.0 0.0 -0.2 0.0 0.0 1.0 0.0 0.0 0.0 -9.316848987771
0.0 0.0 0.0 0.0 0.0 0.0 0.2 0.0 0.0 -1.0 0.0 0.0 0.0 -9.316849091408
0.0 0.0 0.0 0.0 0.0 0.0 0.2 0.0 0.0 -0.6 0.0 0.0 0.0 -9.388893422901
0.0 0.0 0.0 0.0 0.0 0.0 0.2 0.0 0.0 -0.2 0.0 0.0 0.0 -9.422951974366
0.0 0.0 0.0 0.0 0.0 0.0 0.2 0.0 0.0 0.2 0.0 0.0 0.0 -9.42295197449
0.0 0.0 0.0 0.0 0.0 0.0 0.2 0.0 0.0 0.6 0.0 0.0 0.0 -9.388893423259
0.0 0.0 0.0 0.0 0.0 0.0 0.2 0.0 0.0 1.0 0.0 0.0 0.0 -9.316849091957
0.0 0.0 0.0 0.0 0.0 0.0 0.6 0.0 0.0 -1.0 0.0 0.0 0.0 -9.301223925548
0.0 0.0 0.0 0.0 0.0 0.0 0.6 0.0 0.0 -0.6 0.0 0.0 0.0 -9.372261764903
0.0 0.0 0.0 0.0 0.0 0.0 0.6 0.0 0.0 -0.2 0.0 0.0 0.0 -9.405824828605
0.0 0.0 0.0 0.0 0.0 0.0 0.6 0.0 0.0 0.2 0.0 0.0 0.0 -9.405824828905
0.0 0.0 0.0 0.0 0.0 0.0 0.6 0.0 0.0 0.6 0.0 0.0 0.0 -9.3722617658
0.0 0.0 0.0 0.0 0.0 0.0 0.6 0.0 0.0 1.0 0.0 0.0 0.0 -9.301223927031
0.0 0.0 0.0 0.0 0.0 0.0 1.0 0.0 0.0 -1.0 0.0 0.0 0.0 -9.253737057614
0.0 0.0 0.0 0.0 0.0 0.0 1.0 0.0 0.0 -0.6 0.0 0.0 0.0 -9.323867872926
0.0 0.0 0.0 0.0 0.0 0.0 1.0 0.0 0.0 -0.2 0.0 0.0 0.0 -9.356986338302
0.0 0.0 0.0 0.0 0.0 0.0 1.0 0.0 0.0 0.2 0.0 0.0 0.0 -9.356986337665
0.0 0.0 0.0 0.0 0.0 0.0 1.0 0.0 0.0 0.6 0.0 0.0 0.0 -9.323867870998
0.0 0.0 0.0 0.0 0.0 0.0 1.0 0.0 0.0 1.0 0.0 0.0 0.0 -9.253737054333
0.0 0.0 0.0 0.0 0.0 0.0 -1.0 0.0 0.0 0.0 -1.0 0.0 0.0 -9.269747125906
0.0 0.0 0.0 0.0 0.0 0.0 -1.0 0.0 0.0 0.0 -0.6 0.0 0.0 -9.326602676532
0.0 0.0 0.0 0.0 0.0 0.0 -1.0 0.0 0.0 0.0 -0.2 0.0 0.0 -9.356826383406
0.0 0.0 0.0 0.0 0.0 0.0 -1.0 0.0 0.0 0.0 0.2 0.0 0.0 -9.356894412109
0.0 0.0 0.0 0.0 0.0 0.0 -1.0 0.0 0.0 0.0 0.6 0.0 0.0 -9.318591622143
0.0 0.0 0.0 0.0 0.0 0.0 -1.0 0.0 0.0 0.0 1.0 0.0 0.0 -9.228948037693
0.0 0.0 0.0 0.0 0.0 0.0 -0.6 0.0 0.0 0.0 -1.0 0.0 0.0 -9.31355786157
0.0 0.0 0.0 0.0 0.0 0.0 -0.6 0.0 0.0 0.0 -0.6 0.0 0.0 -9.373252511863
0.0 0.0 0.0 0.0 0.0 0.0 -0.6 0.0 0.0 0.0 -0.2 0.0 0.0 -9.40521646892
0.0 0.0 0.0 0.0 0.0 0.0 -0.6 0.0 0.0 0.0 0.2 0.0 0.0 -9.406060614313
0.0 0.0 0.0 0.0 0.0 0.0 -0.6 0.0 0.0 0.0 0.6 0.0 0.0 -9.367615789412
0.0 0.0 0.0 0.0 0.0 0.0 -0.6 0.0 0.0 0.0 1.0 0.0 0.0 -9.276871312623
0.0 0.0 0.0 0.0 0.0 0.0 -0.2 0.0 0.0 0.0 -1.0 0.0 0.0 -9.330842825128
0.0 0.0 0.0 0.0 0.0 0.0 -0.2 0.0 0.0 0.0 -0.6 0.0 0.0 -9.39105258935
0.0 0.0 0.0 0.0 0.0 0.0 -0.2 0.0 0.0 0.0 -0.2 0.0 0.0 -9.422785961359
0.0 0.0 0.0 0.0 0.0 0.0 -0.2 0.0 0.0 0.0 0.2 0.0 0.0 -9.42269317726
0.0 0.0 0.0 0.0 0.0 0.0 -0.2 0.0 0.0 0.0 0.6 0.0 0.0 -9.382595909682
0.0 0.0 0.0 0.0 0.0 0.0 -0.2 0.0 0.0 0.0 1.0 0.0 0.0 -9.289426884858
0.0 0.0 0.0 0.0 0.0 0.0 0.2 0.0 0.0 0.0 -1.0 0.0 0.0 -9.330842742265
0.0 0.0 0.0 0.0 0.0 0.0 0.2 0.0 0.0 0.0 -0.6 0.0 0.0 -9.391052531027
0.0 0.0 0.0 0.0 0.0 0.0 0.2 0.0 0.0 0.0 -0.2 0.0 0.0 -9.42278593937
0.0 0.0 0.0 0.0 0.0 0.0 0.2 0.0 0.0 0.0 0.2 0.0 0.0 -9.422693214619
0.0 0.0 0.0 0.0 0.0 0.0 0.2 0.0 0.0 0.0 0.6 0.0 0.0 -9.382596040619
0.0 0.0 0.0 0.0 0.0 0.0 0.2 0.0 0.0 0.0 1.0 0.0 0.0 -9.28942715715
0.0 0.0 0.0 0.0 0.0 0.0 0.6 0.0 0.0 0.0 -1.0 0.0 0.0 -9.313557665207
0.0 0.0 0.0 0.0 0.0 0.0 0.6 0.0 0.0 0.0 -0.6 0.0 0.0 -9.373252395092
0.0 0.0 0.0 0.0 0.0 0.0 0.6 0.0 0.0 0.0 -0.2 0.0 0.0 -9.405216468129
0.0 0.0 0.0 0.0 0.0 0.0 0.6 0.0 0.0 0.0 0.2 0.0 0.0 -9.406060799464
0.0 0.0 0.0 0.0 0.0 0.0 0.6 0.0 0.0 0.0 0.6 0.0 0.0 -9.367616264037
0.0 0.0 0.0 0.0 0.0 0.0 0.6 0.0 0.0 0.0 1.0 0.0 0.0 -9.276872220747
0.0 0.0 0.0 0.0 0.0 0.0 1.0 0.0 0.0 0.0 -1.0 0.0 0.0 -9.269746868575
0.0 0.0 0.0 0.0 0.0 0.0 1.0 0.0 0.0 0.0 -0.6 0.0 0.0 -9.326602557688
0.0 0.0 0.0 0.0 0.0 0.0 1.0 0.0 0.0 0.0 -0.2 0.0 0.0 -9.356826465214
0.0 0.0 0.0 0.0 0.0 0.0 1.0 0.0 0.0 0.0 0.2 0.0 0.0 -9.35689481227
0.0 0.0 0.0 0.0 0.0 0.0 1.0 0.0 0.0 0.0 0.6 0.0 0.0 -9.318592513849
0.0 0.0 0.0 0.0 0.0 0.0 1.0 0.0 0.0 0.0 1.0 0.0 0.0 -9.228949660927
0.0 0.0 0.0 0.0 0.0 0.0 -1.0 0.0 0.0 0.0 0.0 -1.0 0.0 -9.260583984879
0.0 0.0 0.0 0.0 0.0 0.0 -1.0 0.0 0.0 0.0 0.0 -0.6 0.0 -9.304922447649
0.0 0.0 0.0 0.0 0.0 0.0 -1.0 0.0 0.0 0.0 0.0 -0.2 0.0 -9.344255458352
0.0 0.0 0.0 0.0 0.0 0.0 -1.0 0.0 0.0 0.0 0.0 0.2 0.0 -9.374923056061
0.0 0.0 0.0 0.0 0.0 0.0 -1.0 0.0 0.0 0.0 0.0 0.6 0.0 -9.390235402935
0.0 0.0 0.0 0.0 0.0 0.0 -1.0 0.0 0.0 0.0 0.0 1.0 0.0 -9.380709801159
0.0 0.0 0.0 0.0 0.0 0.0 -0.6 0.0 0.0 0.0 0.0 -1.0 0.0 -9.309377635159
0.0 0.0 0.0 0.0 0.0 0.0 -0.6 0.0 0.0 0.0 0.0 -0.6 0.0 -9.357633422716
0.0 0.0 0.0 0.0 0.0 0.0 -0.6 0.0 0.0 0.0 0.0 -0.2 0.0 -9.396831063822
0.0 0.0 0.0 0.0 0.0 0.0 -0.6 0.0 0.0 0.0 0.0 0.2 0.0 -9.416047957095
0.0 0.0 0.0 0.0 0.0 0.0 -0.6 0.0 0.0 0.0 0.0 0.6 0.0 -9.394171087747
0.0 0.0 0.0 0.0 0.0 0.0 -0.6 0.0 0.0 0.0 0.0 1.0 0.0 -9.291330570234
0.0 0.0 0.0 0.0 0.0 0.0 -0.2 0.0 0.0 0.0 0.0 -1.0 0.0 -9.335683579545
0.0 0.0 0.0 0.0 0.0 0.0 -0.2 0.0 0.0 0.0 0.0 -0.6 0.0 -9.38512585689
0.0 0.0 0.0 0.0 0.0 0.0 -0.2 0.0 0.0 0.0 0.0 -0.2 0.0 -9.420264827898
0.0 0.0 0.0 0.0 0.0 0.0 -0.2 0.0 0.0 0.0 0.0 0.2 0.0 -9.421726921329
0.0 0.0 0.0 0.0 0.0 0.0 -0.2 0.0 0.0 0.0 0.0 0.6 0.0 -9.345993191754
0.0 0.0 0.0 0.0 0.0 0.0 -0.2 0.0 0.0 0.0 0.0 1.0 0.0 -9.095914715042
0.0 0.0 0.0 0.0 0.0 0.0 0.2 0.0 0.0 0.0 0.0 -1.0 0.0 -9.335683675549
0.0 0.0 0.0 0.0 0.0 0.0 0.2 0.0 0.0 0.0 0.0 -0.6 0.0 -9.385125927559
0.0 0.0 0.0 0.0 0.0 0.0 0.2 0.0 0.0 0.0 0.0 -0.2 0.0 -9.420264861305
0.0 0.0 0.0 0.0 0.0 0.0 0.2 0.0 0.0 0.0 0.0 0.2 0.0 -9.421726882451
0.0 0.0 0.0 0.0 0.0 0.0 0.2 0.0 0.0 0.0 0.0 0.6 0.0 -9.345992984387
0.0 0.0 0.0 0.0 0.0 0.0 0.2 0.0 0.0 0.0 0.0 1.0 0.0 -9.095914081331
0.0 0.0 0.0 0.0 0.0 0.0 0.6 0.0 0.0 0.0 0.0 -1.0 0.0 -9.309377922033
0.0 0.0 0.0 0.0 0.0 0.0 0.6 0.0 0.0 0.0 0.0 -0.6 0.0 -9.357633643791
0.0 0.0 0.0 0.0 0.0 0.0 0.6 0.0 0.0 0.0 0.0 -0.2 0.0 -9.396831202069
0.0 0.0 0.0 0.0 0.0 0.0 0.6 0.0 0.0 0.0 0.0 0.2 0.0 -9.416047962331
0.0 0.0 0.0 0.0 0.0 0.0 0.6 0.0 0.0 0.0 0.0 0.6 0.0 -9.394170832317
0.0 0.0 0.0 0.0 0.0 0.0 0.6 0.0 0.0 0.0 0.0 1.0 0.0 -9.291329758531
0.0 0.0 0.0 0.0 0.0 0.0 1.0 0.0 0.0 0.0 0.0 -1.0 0.0 -9.260584454423
0.0 0.0 0.0 0.0 0.0 0.0 1.0 0.0 0.0 0.0 0.0 -0.6 0.0 -9.304922818196
0.0 0.0 0.0 0.0 0.0 0.0 1.0 0.0 0.0 0.0 0.0 -0.2 0.0 -9.344255734487
0.0 0.0 0.0 0.0 0.0 0.0 1.0 0.0 0.0 0.0 0.0 0.2 0.0 -9.374923218423
0.0 0.0 0.0 0.0 0.0 0.0 1.0 0.0 0.0 0.0 0.0 0.6 0.0 -9.390235404513
0.0 0.0 0.0 0.0 0.0 0.0 1.0 0.0 0.0 0.0 0.0 1.0 0.0 -9.38070954696
0.0 0.0 0.0 0.0 0.0 0.0 -1.0 0.0 0.0 0.0 0.0 0.0 -1.0 -9.319971961102
0.0 0.0 0.0 0.0 0.0 0.0 -1.0 0.0 0.0 0.0 0.0 0.0 -0.6 -9.347329651651
0.0 0.0 0.0 0.0 0.0 0.0 -1.0 0.0 0.0 0.0 0.0 0.0 -0.2 -9.359561439494
0.0 0.0 0.0 0.0 0.0 0.0 -1.0 0.0 0.0 0.0 0.0 0.0 0.2 -9.35956144604
0.0 0.0 0.0 0.0 0.0 0.0 -1.0 0.0 0.0 0.0 0.0 0.0 0.6 -9.347329661696
0.0 0.0 0.0 0.0 0.0 0.0 -1.0 0.0 0.0 0.0 0.0 0.0 1.0 -9.319971943865
0.0 0.0 0.0 0.0 0.0 0.0 -0.6 0.0 0.0 0.0 0.0 0.0 -1.0 -9.300034263365
0.0 0.0 0.0 0.0 0.0 0.0 -0.6 0.0 0.0 0.0 0.0 0.0 -0.6 -9.375758306018
0.0 0.0 0.0 0.0 0.0 0.0 -0.6 0.0 0.0 0.0 0.0 0.0 -0.2 -9.406421985167
0.0 0.0 0.0 0.0 0.0 0.0 -0.6 0.0 0.0 0.0 0.0 0.0 0.2 -9.406421985095
0.0 0.0 0.0 0.0 0.0 0.0 -0.6 0.0 0.0 0.0 0.0 0.0 0.6 -9.37575828057
0.0 0.0 0.0 0.0 0.0 0.0 -0.6 0.0 0.0 0.0 0.0 0.0 1.0 -9.300034120304
0.0 0.0 0.0 0.0 0.0 0.0 -0.2 0.0 0.0 0.0 0.0 0.0 -1.0 -9.215941832507
0.0 0.0 0.0 0.0 0.0 0.0 -0.2 0.0 0.0 0.0 0.0 0.0 -0.6 -9.365525827413
0.0 0.0 0.0 0.0 0.0 0.0 -0.2 0.0 0.0 0.0 0.0 0.0 -0.2 -9.420988153199
0.0 0.0 0.0 0.0 0.0 0.0 -0.2 0.0 0.0 0.0 0.0 0.0 0.2 -9.420988151377
0.0 0.0 0.0 0.0 0.0 0.0 -0.2 0.0 0.0 0.0 0.0 0.0 0.6 -9.365525780309
0.0 0.0 0.0 0.0 0.0 0.0 -0.2 0.0 0.0 0.0 0.0 0.0 1.0 -9.21594156852
0.0 0.0 0.0 0.0 0.0 0.0 0.2 0.0 0.0 0.0 0.0 0.0 -1.0 -9.215941528336
0.0 0.0 0.0 0.0 0.0 0.0 0.2 0.0 0.0 0.0 0.0 0.0 -0.6 -9.365525751976
0.0 0.0 0.0 0.0 0.0 0.0 0.2 0.0 0.0 0.0 0.0 0.0 -0.2 -9.420988149909
0.0 0.0 0.0 0.0 0.0 0.0 0.2 0.0 0.0 0.0 0.0 0.0 0.2 -9.420988148085
0.0 0.0 0.0 0.0 0.0 0.0 0.2 0.0 0.0 0.0 0.0 0.0 0.6 -9.365525704861
0.0 0.0 0.0 0.0 0.0 0.0 0.2 0.0 0.0 0.0 0.0 0.0 1.0 -9.21594126432
0.0 0.0 0.0 0.0 0.0 0.0 0.6 0.0 0.0 0.0 0.0 0.0 -1.0 -9.300033954831
0.0 0.0 0.0 0.0 0.0 0.0 0.6 0.0 0.0 0.0 0.0 0.0 -0.6 -9.375758278799
0.0 0.0 0.0 0.0 0.0 0.0 0.6 0.0 0.0 0.0 0.0 0.0 -0.2 -9.406422056095
0.0 0.0 0.0 0.0 0.0 0.0 0.6 0.0 0.0 0.0 0.0 0.0 0.2 -9.406422056017
0.0 0.0 0.0 0.0 0.0 0.0 0.6 0.0 0.0 0.0 0.0 0.0 0.6 -9.37575825333
0.0 0.0 0.0 0.0 0.0 0.0 0.6 0.0 0.0 0.0 0.0 0.0 1.0 -9.300033811722
0.0 0.0 0.0 0.0 0.0 0.0 1.0 0.0 0.0 0.0 0.0 0.0 -1.0 -9.319972052465
0.0 0.0 0.0 0.0 0.0 0.0 1.0 0.0 0.0 0.0 0.0 0.0 -0.6 -9.347329834203
0.0 0.0 0.0 0.0 0.0 0.0 1.0 0.0 0.0 0.0 0.0 0.0 -0.2 -9.359561658463
0.0 0.0 0.0 0.0 0.0 0.0 1.0 0.0 0.0 0.0 0.0 0.0 0.2 -9.359561665003
0.0 0.0 0.0 0.0 0.0 0.0 1.0 0.0 0.0 0.0 0.0 0.0 0.6 -9.347329844227
0.0 0.0 0.0 0.0 0.0 0.0 1.0 0.0 0.0 0.0 0.0 0.0 1.0 -9.319972035187
0.0 0.0 0.0 0.0 0.0 0.0 0.0 -1.0 -1.0 0.0 0.0 0.0 0.0 -9.302042375584
0.0 0.0 0.0 0.0 0.0 0.0 0.0 -1.0 -0.6 0.0 0.0 0.0 0.0 -9.343128861554
0.0 0.0 0.0 0.0 0.0 0.0 0.0 -1.0 -0.2 0.0 0.0 0.0 0.0 -9.359512276187
0.0 0.0 0.0 0.0 0.0 0.0 0.0 -1.0 0.2 0.0 0.0 0.0 0.0 -9.359142441857
0.0 0.0 0.0 0.0 0.0 0.0 0.0 -1.0 0.6 0.0 0.0 0.0 0.0 -9.347402705904
0.0 0.0 0.0 0.0 0.0 0.0 0.0 -1.0 1.0 0.0 0.0 0.0 0.0 -9.327958561634
0.0 0.0 0.0 0.0 0.0 0.0 0.0 -0.6 -1.0 0.0 0.0 0.0 0.0 -9.348684516463
0.0 0.0 0.0 0.0 0.0 0.0 0.0 -0.6 -0.6 0.0 0.0 0.0 0.0 -9.391228265722
0.0 0.0 0.0 0.0 0.0 0.0 0.0 -0.6 -0.2 0.0 0.0 0.0 0.0 -9.408275949916
0.0 0.0 0.0 0.0 0.0 0.0 0.0 -0.6 0.2 0.0 0.0 0.0 0.0 -9.408066253003
0.0 0.0 0.0 0.0 0.0 0.0 0.0 -0.6 0.6 0.0 0.0 0.0 0.0 -9.396156401771
0.0 0.0 0.0 0.0 0.0 0.0 0.0 -0.6 1.0 0.0 0.0 0.0 0.0 -9.376316293635
0.0 0.0 0.0 0.0 0.0 0.0 0.0 -0.2 -1.0 0.0 0.0 0.0 0.0 -9.363969749532
0.0 0.0 0.0 0.0 0.0 0.0 0.0 -0.2 -0.6 0.0 0.0 0.0 0.0 -9.407570217799
0.0 0.0 0.0 0.0 0.0 0.0 0.0 -0.2 -0.2 0.0 0.0 0.0 0.0 -9.425254616803
0.0 0.0 0.0 0.0 0.0 0.0 0.0 -0.2 0.2 0.0 0.0 0.0 0.0 -9.425410928591
0.0 0.0 0.0 0.0 0.0 0.0 0.0 -0.2 0.6 0.0 0.0 0.0 0.0 -9.41368646641
0.0 0.0 0.0 0.0 0.0 0.0 0.0 -0.2 1.0 0.0 0.0 0.0 0.0 -9.393905506527
0.0 0.0 0.0 0.0 0.0 0.0 0.0 0.2 -1.0 0.0 0.0 0.0 0.0 -9.363969816509
0.0 0.0 0.0 0.0 0.0 0.0 0.0 0.2 -0.6 0.0 0.0 0.0 0.0 -9.407570254329
0.0 0.0 0.0 0.0 0.0 0.0 0.0 0.2 -0.2 0.0 0.0 0.0 0.0 -9.425254631702
0.0 0.0 0.0 0.0 0.0 0.0 0.0 0.2 0.2 0.0 0.0 0.0 0.0 -9.425410928626
0.0 0.0 0.0 0.0 0.0 0.0 0.0 0.2 0.6 0.0 0.0 0.0 0.0 -9.413686457082
0.0 0.0 0.0 0.0 0.0 0.0 0.0 0.2 1.0 0.0 0.0 0.0 0.0 -9.393905492439
0.0 0.0 0.0 0.0 0.0 0.0 0.0 0.6 -1.0 0.0 0.0 0.0 0.0 -9.348684700997
0.0 0.0 0.0 0.0 0.0 0.0 0.0 0.6 -0.6 0.0 0.0 0.0 0.0 -9.391228413229
0.0 0.0 0.0 0.0 0.0 0.0 0.0 0.6 -0.2 0.0 0.0 0.0 0.0 -9.408276082852
0.0 0.0 0.0 0.0 0.0 0.0 0.0 0.6 0.2 0.0 0.0 0.0 0.0 -9.408066387957
0.0 0.0 0.0 0.0 0.0 0.0 0.0 0.6 0.6 0.0 0.0 0.0 0.0 -9.396156551756
0.0 0.0 0.0 0.0 0.0 0.0 0.0 0.6 1.0 0.0 0.0 0.0 0.0 -9.376316469185
0.0 0.0 0.0 0.0 0.0 0.0 0.0 1.0 -1.0 0.0 0.0 0.0 0.0 -9.30204271177
0.0 0.0 0.0 0.0 0.0 0.0 0.0 1.0 -0.6 0.0 0.0 0.0 0.0 -9.343129184044
0.0 0.0 0.0 0.0 0.0 0.0 0.0 1.0 -0.2 0.0 0.0 0.0 0.0 -9.359512618544
0.0 0.0 0.0 0.0 0.0 0.0 0.0 1.0 0.2 0.0 0.0 0.0 0.0 -9.359142828318
0.0 0.0 0.0 0.0 0.0 0.0 0.0 1.0 0.6 0.0 0.0 0.0 0.0 -9.34740315506
0.0 0.0 0.0 0.0 0.0 0.0 0.0 1.0 1.0 0.0 0.0 0.0 0.0 -9.327959088187
0.0 0.0 0.0 0.0 0.0 0.0 0.0 -1.0 0.0 -1.0 0.0 0.0 0.0 -9.253736078007
0.0 0.0 0.0 0.0 0.0 0.0 0.0 -1.0 0.0 -0.6 0.0 0.0 0.0 -9.323867341676
0.0 0.0 0.0 0.0 0.0 0.0 0.0 -1.0 0.0 -0.2 0.0 0.0 0.0 -9.356986019886
0.0 0.0 0.0 0.0 0.0 0.0 0.0 -1.0 0.0 0.2 0.0 0.0 0.0 -9.356986019278
0.0 0.0 0.0 0.0 0.0 0.0 0.0 -1.0 0.0 0.6 0.0 0.0 0.0 -9.323867339838
0.0 0.0 0.0 0.0 0.0 0.0 0.0 -1.0 0.0 1.0 0.0 0.0 0.0 -9.253736074892
0.0 0.0 0.0 0.0 0.0 0.0 0.0 -0.6 0.0 -1.0 0.0 0.0 0.0 -9.301223413138
0.0 0.0 0.0 0.0 0.0 0.0 0.0 -0.6 0.0 -0.6 0.0 0.0 0.0 -9.372261517185
0.0 0.0 0.0 0.0 0.0 0.0 0.0 -0.6 0.0 -0.2 0.0 0.0 0.0 -9.405824706448
0.0 0.0 0.0 0.0 0.0 0.0 0.0 -0.6 0.0 0.2 0.0 0.0 0.0 -9.40582470677
0.0 0.0 0.0 0.0 0.0 0.0 0.0 -0.6 0.0 0.6 0.0 0.0 0.0 -9.372261518151
0.0 0.0 0.0 0.0 0.0 0.0 0.0 -0.6 0.0 1.0 0.0 0.0 0.0 -9.301223414747
0.0 0.0 0.0 0.0 0.0 0.0 0.0 -0.2 0.0 -1.0 0.0 0.0 0.0 -9.316848954746
0.0 0.0 0.0 0.0 0.0 0.0 0.0 -0.2 0.0 -0.6 0.0 0.0 0.0 -9.388893371905
0.0 0.0 0.0 0.0 0.0 0.0 0.0 -0.2 0.0 -0.2 0.0 0.0 0.0 -9.422951963967
0.0 0.0 0.0 0.0 0.0 0.0 0.0 -0.2 0.0 0.2 0.0 0.0 0.0 -9.422951964099
0.0 0.0 0.0 0.0 0.0 0.0 0.0 -0.2 0.0 0.6 0.0 0.0 0.0 -9.38889337229
0.0 0.0 0.0 0.0 0.0 0.0 0.0 -0.2 0.0 1.0 0.0 0.0 0.0 -9.316848955342
0.0 0.0 0.0 0.0 0.0 0.0 0.0 0.2 0.0 -1.0 0.0 0.0 0.0 -9.316849123852
0.0 0.0 0.0 0.0 0.0 0.0 0.0 0.2 0.0 -0.6 0.0 0.0 0.0 -9.388893435007
0.0 0.0 0.0 0.0 0.0 0.0 0.0 0.2 0.0 -0.2 0.0 0.0 0.0 -9.422951976835
0.0 0.0 0.0 0.0 0.0 0.0 0.0 0.2 0.0 0.2 0.0 0.0 0.0 -9.422951976957
0.0 0.0 0.0 0.0 0.0 0.0 0.0 0.2 0.0 0.6 0.0 0.0 0.0 -9.38889343536
0.0 0.0 0.0 0.0 0.0 0.0 0.0 0.2 0.0 1.0 0.0 0.0 0.0 -9.316849124391
0.0 0.0 0.0 0.0 0.0 0.0 0.0 0.6 0.0 -1.0 0.0 0.0 0.0 -9.301224047209
0.0 0.0 0.0 0.0 0.0 0.0 0.0 0.6 0.0 -0.6 0.0 0.0 0.0 -9.372261823727
0.0 0.0 0.0 0.0 0.0 0.0 0.0 0.6 0.0 -0.2 0.0 0.0 0.0 -9.405824857623
0.0 0.0 0.0 0.0 0.0 0.0 0.0 0.6 0.0 0.2 0.0 0.0 0.0 -9.405824857919
0.0 0.0 0.0 0.0 0.0 0.0 0.0 0.6 0.0 0.6 0.0 0.0 0.0 -9.372261824613
0.0 0.0 0.0 0.0 0.0 0.0 0.0 0.6 0.0 1.0 0.0 0.0 0.0 -9.301224048671
0.0 0.0 0.0 0.0 0.0 0.0 0.0 1.0 0.0 -1.0 0.0 0.0 0.0 -9.253737290249
0.0 0.0 0.0 0.0 0.0 0.0 0.0 1.0 0.0 -0.6 0.0 0.0 0.0 -9.323867999118
0.0 0.0 0.0 0.0 0.0 0.0 0.0 1.0 0.0 -0.2 0.0 0.0 0.0 -9.356986413965
0.0 0.0 0.0 0.0 0.0 0.0 0.0 1.0 0.0 0.2 0.0 0.0 0.0 -9.35698641332
0.0 0.0 0.0 0.0 0.0 0.0 0.0 1.0 0.0 0.6 0.0 0.0 0.0 -9.323867997164
0.0 0.0 0.0 0.0 0.0 0.0 0.0 1.0 0.0 1.0 0.0 0.0 0.0 -9.253737286921
0.0 0.0 0.0 0.0 0.0 0.0 0.0 -1.0 0.0 0.0 -1.0 0.0 0.0 -9.269747206253
0.0 0.0 0.0 0.0 0.0 0.0 0.0 -1.0 0.0 0.0 -0.6 0.0 0.0 -9.32660271365
0.0 0.0 0.0 0.0 0.0 0.0 0.0 -1.0 0.0 0.0 -0.2 0.0 0.0 -9.356826357991
0.0 0.0 0.0 0.0 0.0 0.0 0.0 -1.0 0.0 0.0 0.2 0.0 0.0 -9.356894287547
0.0 0.0 0.0 0.0 0.0 0.0 0.0 -1.0 0.0 0.0 0.6 0.0 0.0 -9.318591344535
0.0 0.0 0.0 0.0 0.0 0.0 0.0 -1.0 0.0 0.0 1.0 0.0 0.0 -9.228947532339
0.0 0.0 0.0 0.0 0.0 0.0 0.0 -0.6 0.0 0.0 -1.0 0.0 0.0 -9.31355792284
0.0 0.0 0.0 0.0 0.0 0.0 0.0 -0.6 0.0 0.0 -0.6 0.0 0.0 -9.373252548281
0.0 0.0 0.0 0.0 0.0 0.0 0.0 -0.6 0.0 0.0 -0.2 0.0 0.0 -9.405216469188
0.0 0.0 0.0 0.0 0.0 0.0 0.0 -0.6 0.0 0.0 0.2 0.0 0.0 -9.406060556669
0.0 0.0 0.0 0.0 0.0 0.0 0.0 -0.6 0.0 0.0 0.6 0.0 0.0 -9.367615641635
0.0 0.0 0.0 0.0 0.0 0.0 0.0 -0.6 0.0 0.0 1.0 0.0 0.0 -9.276871029882
0.0 0.0 0.0 0.0 0.0 0.0 0.0 -0.2 0.0 0.0 -1.0 0.0 0.0 -9.33084285097
0.0 0.0 0.0 0.0 0.0 0.0 0.0 -0.2 0.0 0.0 -0.6 0.0 0.0 -9.391052607527
0.0 0.0 0.0 0.0 0.0 0.0 0.0 -0.2 0.0 0.0 -0.2 0.0 0.0 -9.42278596821
0.0 0.0 0.0 0.0 0.0 0.0 0.0 -0.2 0.0 0.0 0.2 0.0 0.0 -9.422693165627
0.0 0.0 0.0 0.0 0.0 0.0 0.0 -0.2 0.0 0.0 0.6 0.0 0.0 -9.382595868911
0.0 0.0 0.0 0.0 0.0 0.0 0.0 -0.2 0.0 0.0 1.0 0.0 0.0 -9.289426800077
0.0 0.0 0.0 0.0 0.0 0.0 0.0 0.2 0.0 0.0 -1.0 0.0 0.0 -9.330842716425
0.0 0.0 0.0 0.0 0.0 0.0 0.0 0.2 0.0 0.0 -0.6 0.0 0.0 -9.39105251285
0.0 0.0 0.0 0.0 0.0 0.0 0.0 0.2 0.0 0.0 -0.2 0.0 0.0 -9.42278593252
0.0 0.0 0.0 0.0 0.0 0.0 0.0 0.2 0.0 0.0 0.2 0.0 0.0 -9.422693226253
0.0 0.0 0.0 0.0 0.0 0.0 0.0 0.2 0.0 0.0 0.6 0.0 0.0 -9.382596081391
0.0 0.0 0.0 0.0 0.0 0.0 0.0 0.2 0.0 0.0 1.0 0.0 0.0 -9.289427241931
0.0 0.0 0.0 0.0 0.0 0.0 0.0 0.6 0.0 0.0 -1.0 0.0 0.0 -9.313557603969
0.0 0.0 0.0 0.0 0.0 0.0 0.0 0.6 0.0 0.0 -0.6 0.0 0.0 -9.373252358701
0.0 0.0 0.0 0.0 0.0 0.0 0.0 0.6 0.0 0.0 -0.2 0.0 0.0 -9.405216467885
0.0 0.0 0.0 0.0 0.0 0.0 0.0 0.6 0.0 0.0 0.2 0.0 0.0 -9.406060857131
0.0 0.0 0.0 0.0 0.0 0.0 0.0 0.6 0.0 0.0 0.6 0.0 0.0 -9.367616411836
0.0 0.0 0.0 0.0 0.0 0.0 0.0 0.6 0.0 0.0 1.0 0.0 0.0 -9.276872503509
0.0 0.0 0.0 0.0 0.0 0.0 0.0 1.0 0.0 0.0 -1.0 0.0 0.0 -9.269746788329
0.0 0.0 0.0 0.0 0.0 0.0 0.0 1.0 0.0 0.0 -0.6 0.0 0.0 -9.326602520664
0.0 0.0 0.0 0.0 0.0 0.0 0.0 1.0 0.0 0.0 -0.2 0.0 0.0 -9.356826490721
0.0 0.0 0.0 0.0 0.0 0.0 0.0 1.0 0.0 0.0 0.2 0.0 0.0 -9.356894936924
0.0 0.0 0.0 0.0 0.0 0.0 0.0 1.0 0.0 0.0 0.6 0.0 0.0 -9.318592791552
0.0 0.0 0.0 0.0 0.0 0.0 0.0 1.0 0.0 0.0 1.0 0.0 0.0 -9.228950166381
0.0 0.0 0.0 0.0 0.0 0.0 0.0 -1.0 0.0 0.0 0.0 -1.0 0.0 -9.260583838724
0.0 0.0 0.0 0.0 0.0 0.0 0.0 -1.0 0.0 0.0 0.0 -0.6 0.0 -9.304922332317
0.0 0.0 0.0 0.0 0.0 0.0 0.0 -1.0 0.0 0.0 0.0 -0.2 0.0 -9.344255372416
0.0 0.0 0.0 0.0 0.0 0.0 0.0 -1.0 0.0 0.0 0.0 0.2 0.0 -9.374923005545
0.0 0.0 0.0 0.0 0.0 0.0 0.0 -1.0 0.0 0.0 0.0 0.6 0.0 -9.390235402462
0.0 0.0 0.0 0.0 0.0 0.0 0.0 -1.0 0.0 0.0 0.0 1.0 0.0 -9.380709880281
0.0 0.0 0.0 0.0 0.0 0.0 0.0 -0.6 0.0 0.0 0.0 -1.0 0.0 -9.309377545855
0.0 0.0 0.0 0.0 0.0 0.0 0.0 -0.6 0.0 0.0 0.0 -0.6 0.0 -9.357633353898
0.0 0.0 0.0 0.0 0.0 0.0 0.0 -0.6 0.0 0.0 0.0 -0.2 0.0 -9.396831020791
0.0 0.0 0.0 0.0 0.0 0.0 0.0 -0.6 0.0 0.0 0.0 0.2 0.0 -9.416047955472
0.0 0.0 0.0 0.0 0.0 0.0 0.0 -0.6 0.0 0.0 0.0 0.6 0.0 -9.394171167264
0.0 0.0 0.0 0.0 0.0 0.0 0.0 -0.6 0.0 0.0 0.0 1.0 0.0 -9.291330822897
0.0 0.0 0.0 0.0 0.0 0.0 0.0 -0.2 0.0 0.0 0.0 -1.0 0.0 -9.335683549655
0.0 0.0 0.0 0.0 0.0 0.0 0.0 -0.2 0.0 0.0 0.0 -0.6 0.0 -9.385125834888
0.0 0.0 0.0 0.0 0.0 0.0 0.0 -0.2 0.0 0.0 0.0 -0.2 0.0 -9.420264817498
0.0 0.0 0.0 0.0 0.0 0.0 0.0 -0.2 0.0 0.0 0.0 0.2 0.0 -9.421726933436
0.0 0.0 0.0 0.0 0.0 0.0 0.0 -0.2 0.0 0.0 0.0 0.6 0.0 -9.345993256321
0.0 0.0 0.0 0.0 0.0 0.0 0.0 -0.2 0.0 0.0 0.0 1.0 0.0 -9.095914912353
0.0 0.0 0.0 0.0 0.0 0.0 0.0 0.2 0.0 0.0 0.0 -1.0 0.0 -9.335683705443
0.0 0.0 0.0 0.0 0.0 0.0 0.0 0.2 0.0 0.0 0.0 -0.6 0.0 -9.385125949565
0.0 0.0 0.0 0.0 0.0 0.0 0.0 0.2 0.0 0.0 0.0 -0.2 0.0 -9.420264871707
0.0 0.0 0.0 0.0 0.0 0.0 0.0 0.2 0.0 0.0 0.0 0.2 0.0 -9.421726870341
0.0 0.0 0.0 0.0 0.0 0.0 0.0 0.2 0.0 0.0 0.0 0.6 0.0 -9.345992919802
0.0 0.0 0.0 0.0 0.0 0.0 0.0 0.2 0.0 0.0 0.0 1.0 0.0 -9.09591388396
0.0 0.0 0.0 0.0 0.0 0.0 0.0 0.6 0.0 0.0 0.0 -1.0 0.0 -9.30937801137
0.0 0.0 0.0 0.0 0.0 0.0 0.0 0.6 0.0 0.0 0.0 -0.6 0.0 -9.357633712644
0.0 0.0 0.0 0.0 0.0 0.0 0.0 0.6 0.0 0.0 0.0 -0.2 0.0 -9.396831245131
0.0 0.0 0.0 0.0 0.0 0.0 0.0 0.6 0.0 0.0 0.0 0.2 0.0 -9.416047963964
0.0 0.0 0.0 0.0 0.0 0.0 0.0 0.6 0.0 0.0 0.0 0.6 0.0 -9.394170752748
0.0 0.0 0.0 0.0 0.0 0.0 0.0 0.6 0.0 0.0 0.0 1.0 0.0 -9.291329505657
0.0 0.0 0.0 0.0 0.0 0.0 0.0 1.0 0.0 0.0 0.0 -1.0 0.0 -9.260584600659
0.0 0.0 0.0 0.0 0.0 0.0 0.0 1.0 0.0 0.0 0.0 -0.6 0.0 -9.304922933617
0.0 0.0 0.0 0.0 0.0 0.0 0.0 1.0 0.0 0.0 0.0 -0.2 0.0 -9.344255820516
0.0 0.0 0.0 0.0 0.0 0.0 0.0 1.0 0.0 0.0 0.0 0.2 0.0 -9.374923269023
0.0 0.0 0.0 0.0 0.0 0.0 0.0 1.0 0.0 0.0 0.0 0.6 0.0 -9.390235405026
0.0 0.0 0.0 0.0 0.0 0.0 0.0 1.0 0.0 0.0 0.0 1.0 0.0 -9.380709467772
0.0 0.0 0.0 0.0 0.0 0.0 0.0 -1.0 0.0 0.0 0.0 0.0 -1.0 -9.319971932762
0.0 0.0 0.0 0.0 0.0 0.0 0.0 -1.0 0.0 0.0 0.0 0.0 -0.6 -9.347329594876
0.0 0.0 0.0 0.0 0.0 0.0 0.0 -1.0 0.0 0.0 0.0 0.0 -0.2 -9.359561371363
0.0 0.0 0.0 0.0 0.0 0.0 0.0 -1.0 0.0 0.0 0.0 0.0 0.2 -9.359561377896
0.0 0.0 0.0 0.0 0.0 0.0 0.0 -1.0 0.0 0.0 0.0 0.0 0.6 -9.347329604859
0.0 0.0 0.0 0.0 0.0 0.0 0.0 -1.0 0.0 0.0 0.0 0.0 1.0 -9.319971915333
0.0 0.0 0.0 0.0 0.0 0.0 0.0 -0.6 0.0 0.0 0.0 0.0 -1.0 -9.300034359587
0.0 0.0 0.0 0.0 0.0 0.0 0.0 -0.6 0.0 0.0 0.0 0.0 -0.6 -9.375758314564
0.0 0.0 0.0 0.0 0.0 0.0 0.0 -0.6 0.0 0.0 0.0 0.0 -0.2 -9.406421963111
0.0 0.0 0.0 0.0 0.0 0.0 0.0 -0.6 0.0 0.0 0.0 0.0 0.2 -9.406421963005
0.0 0.0 0.0 0.0 0.0 0.0 0.0 -0.6 0.0 0.0 0.0 0.0 0.6 -9.375758288971
0.0 0.0 0.0 0.0 0.0 0.0 0.0 -0.6 0.0 0.0 0.0 0.0 1.0 -9.300034216119
0.0 0.0 0.0 0.0 0.0 0.0 0.0 -0.2 0.0 0.0 0.0 0.0 -1.0 -9.215941927275
0.0 0.0 0.0 0.0 0.0 0.0 0.0 -0.2 0.0 0.0 0.0 0.0 -0.6 -9.365525850925
0.0 0.0 0.0 0.0 0.0 0.0 0.0 -0.2 0.0 0.0 0.0 0.0 -0.2 -9.42098815423
0.0 0.0 0.0 0.0 0.0 0.0 0.0 -0.2 0.0 0.0 0.0 0.0 0.2 -9.420988152397
0.0 0.0 0.0 0.0 0.0 0.0 0.0 -0.2 0.0 0.0 0.0 0.0 0.6 -9.365525803769
0.0 0.0 0.0 0.0 0.0 0.0 0.0 -0.2 0.0 0.0 0.0 0.0 1.0 -9.215941663132
0.0 0.0 0.0 0.0 0.0 0.0 0.0 0.2 0.0 0.0 0.0 0.0 -1.0 -9.215941433621
0.0 0.0 0.0 0.0 0.0 0.0 0.0 0.2 0.0 0.0 0.0 0.0 -0.6 -9.365525728483
0.0 0.0 0.0 0.0 0.0 0.0 0.0 0.2 0.0 0.0 0.0 0.0 -0.2 -9.420988148884
0.0 0.0 0.0 0.0 0.0 0.0 0.0 0.2 0.0 0.0 0.0 0.0 0.2 -9.420988147059
0.0 0.0 0.0 0.0 0.0 0.0 0.0 0.2 0.0 0.0 0.0 0.0 0.6 -9.365525681367
0.0 0.0 0.0 0.0 0.0 0.0 0.0 0.2 0.0 0.0 0.0 0.0 1.0 -9.215941169598
0.0 0.0 0.0 0.0 0.0 0.0 0.0 0.6 0.0 0.0 0.0 0.0 -1.0 -9.300033858834
0.0 0.0 0.0 0.0 0.0 0.0 0.0 0.6 0.0 0.0 0.0 0.0 -0.6 -9.375758270357
0.0 0.0 0.0 0.0 0.0 0.0 0.0 0.6 0.0 0.0 0.0 0.0 -0.2 -9.406422078198
0.0 0.0 0.0 0.0 0.0 0.0 0.0 0.6 0.0 0.0 0.0 0.0 0.2 -9.406422078102
0.0 0.0 0.0 0.0 0.0 0.0 0.0 0.6 0.0 0.0 0.0 0.0 0.6 -9.37575824481
0.0 0.0 0.0 0.0 0.0 0.0 0.0 0.6 0.0 0.0 0.0 0.0 1.0 -9.300033715506
0.0 0.0 0.0 0.0 0.0 0.0 0.0 1.0 0.0 0.0 0.0 0.0 -1.0 -9.319972080987
0.0 0.0 0.0 0.0 0.0 0.0 0.0 1.0 0.0 0.0 0.0 0.0 -0.6 -9.3473298911
0.0 0.0 0.0 0.0 0.0 0.0 0.0 1.0 0.0 0.0 0.0 0.0 -0.2 -9.359561726695
0.0 0.0 0.0 0.0 0.0 0.0 0.0 1.0 0.0 0.0 0.0 0.0 0.2 -9.359561733224
0.0 0.0 0.0 0.0 0.0 0.0 0.0 1.0 0.0 0.0 0.0 0.0 0.6 -9.347329901077
0.0 0.0 0.0 0.0 0.0 0.0 0.0 1.0 0.0 0.0 0.0 0.0 1.0 -9.319972063569
0.0 0.0 0.0 0.0 0.0 0.0 0.0 0.0 -1.0 -1.0 0.0 0.0 0.0 -9.220179986899
0.0 0.0 0.0 0.0 0.0 0.0 0.0 0.0 -1.0 -0.6 0.0 0.0 0.0 -9.314743887299
0.0 0.0 0.0 0.0 0.0 0.0 0.0 0.0 -1.0 -0.2 0.0 0.0 0.0 -9.359572777278
0.0 0.0 0.0 0.0 0.0 0.0 0.0 0.0 -1.0 0.2 0.0 0.0 0.0 -9.359572777293
0.0 0.0 0.0 0.0 0.0 0.0 0.0 0.0 -1.0 0.6 0.0 0.0 0.0 -9.314743887322
0.0 0.0 0.0 0.0 0.0 0.0 0.0 0.0 -1.0 1.0 0.0 0.0 0.0 -9.22017998686
0.0 0.0 0.0 0.0 0.0 0.0 0.0 0.0 -0.6 -1.0 0.0 0.0 0.0 -9.278716838376
0.0 0.0 0.0 0.0 0.0 0.0 0.0 0.0 -0.6 -0.6 0.0 0.0 0.0 -9.363669098449
0.0 0.0 0.0 0.0 0.0 0.0 0.0 0.0 -0.6 -0.2 0.0 0.0 0.0 -9.403901981749
0.0 0.0 0.0 0.0 0.0 0.0 0.0 0.0 -0.6 0.2 0.0 0.0 0.0 -9.403901981757
0.0 0.0 0.0 0.0 0.0 0.0 0.0 0.0 -0.6 0.6 0.0 0.0 0.0 -9.363669098454
0.0 0.0 0.0 0.0 0.0 0.0 0.0 0.0 -0.6 1.0 0.0 0.0 0.0 -9.278716838313
0.0 0.0 0.0 0.0 0.0 0.0 0.0 0.0 -0.2 -1.0 0.0 0.0 0.0 -9.30987056714
0.0 0.0 0.0 0.0 0.0 0.0 0.0 0.0 -0.2 -0.6 0.0 0.0 0.0 -9.386130420472
0.0 0.0 0.0 0.0 0.0 0.0 0.0 0.0 -0.2 -0.2 0.0 0.0 0.0 -9.422206902619
0.0 0.0 0.0 0.0 0.0 0.0 0.0 0.0 -0.2 0.2 0.0 0.0 0.0 -9.422206902625
0.0 0.0 0.0 0.0 0.0 0.0 0.0 0.0 -0.2 0.6 0.0 0.0 0.0 -9.386130420471
0.0 0.0 0.0 0.0 0.0 0.0 0.0 0.0 -0.2 1.0 0.0 0.0 0.0 -9.309870567073
0.0 0.0 0.0 0.0 0.0 0.0 0.0 0.0 0.2 -1.0 0.0 0.0 0.0 -9.32220400044
0.0 0.0 0.0 0.0 0.0 0.0 0.0 0.0 0.2 -0.6 0.0 0.0 0.0 -9.390588525652
0.0 0.0 0.0 0.0 0.0 0.0 0.0 0.0 0.2 -0.2 0.0 0.0 0.0 -9.422900272291
0.0 0.0 0.0 0.0 0.0 0.0 0.0 0.0 0.2 0.2 0.0 0.0 0.0 -9.422900272297
0.0 0.0 0.0 0.0 0.0 0.0 0.0 0.0 0.2 0.6 0.0 0.0 0.0 -9.390588525653
0.0 0.0 0.0 0.0 0.0 0.0 0.0 0.0 0.2 1.0 0.0 0.0 0.0 -9.322204000382
0.0 0.0 0.0 0.0 0.0 0.0 0.0 0.0 0.6 -1.0 0.0 0.0 0.0 -9.321505824427
0.0 0.0 0.0 0.0 0.0 0.0 0.0 0.0 0.6 -0.6 0.0 0.0 0.0 -9.382747462734
0.0 0.0 0.0 0.0 0.0 0.0 0.0 0.0 0.6 -0.2 0.0 0.0 0.0 -9.411645775939
0.0 0.0 0.0 0.0 0.0 0.0 0.0 0.0 0.6 0.2 0.0 0.0 0.0 -9.411645775947
0.0 0.0 0.0 0.0 0.0 0.0 0.0 0.0 0.6 0.6 0.0 0.0 0.0 -9.382747462741
0.0 0.0 0.0 0.0 0.0 0.0 0.0 0.0 0.6 1.0 0.0 0.0 0.0 -9.321505824383
0.0 0.0 0.0 0.0 0.0 0.0 0.0 0.0 1.0 -1.0 0.0 0.0 0.0 -9.311720445226
0.0 0.0 0.0 0.0 0.0 0.0 0.0 0.0 1.0 -0.6 0.0 0.0 0.0 -9.366478120145
0.0 0.0 0.0 0.0 0.0 0.0 0.0 0.0 1.0 -0.2 0.0 0.0 0.0 -9.392278950761
0.0 0.0 0.0 0.0 0.0 0.0 0.0 0.0 1.0 0.2 0.0 0.0 0.0 -9.392278950771
0.0 0.0 0.0 0.0 0.0 0.0 0.0 0.0 1.0 0.6 0.0 0.0 0.0 -9.36647812016
0.0 0.0 0.0 0.0 0.0 0.0 0.0 0.0 1.0 1.0 0.0 0.0 0.0 -9.311720445199
0.0 0.0 0.0 0.0 0.0 0.0 0.0 0.0 -1.0 0.0 -1.0 0.0 0.0 -9.120908091548
0.0 0.0 0.0 0.0 0.0 0.0 0.0 0.0 -1.0 0.0 -0.6 0.0 0.0 -9.269004932509
0.0 0.0 0.0 0.0 0.0 0.0 0.0 0.0 -1.0 0.0 -0.2 0.0 0.0 -9.348526162244
0.0 0.0 0.0 0.0 0.0 0.0 0.0 0.0 -1.0 0.0 0.2 0.0 0.0 -9.366161435955
0.0 0.0 0.0 0.0 0.0 0.0 0.0 0.0 -1.0 0.0 0.6 0.0 0.0 -9.318806449081
0.0 0.0 0.0 0.0 0.0 0.0 0.0 0.0 -1.0 0.0 1.0 0.0 0.0 -9.194706125952
0.0 0.0 0.0 0.0 0.0 0.0 0.0 0.0 -0.6 0.0 -1.0 0.0 0.0 -9.249181413185
0.0 0.0 0.0 0.0 0.0 0.0 0.0 0.0 -0.6 0.0 -0.6 0.0 0.0 -9.348641443057
0.0 0.0 0.0 0.0 0.0 0.0 0.0 0.0 -0.6 0.0 -0.2 0.0 0.0 -9.400270249646
0.0 0.0 0.0 0.0 0.0 0.0 0.0 0.0 -0.6 0.0 0.2 0.0 0.0 -9.405291588381
0.0 0.0 0.0 0.0 0.0 0.0 0.0 0.0 -0.6 0.0 0.6 0.0 0.0 -9.35760546081
0.0 0.0 0.0 0.0 0.0 0.0 0.0 0.0 -0.6 0.0 1.0 0.0 0.0 -9.244328254784
0.0 0.0 0.0 0.0 0.0 0.0 0.0 0.0 -0.2 0.0 -1.0 0.0 0.0 -9.315582323383
0.0 0.0 0.0 0.0 0.0 0.0 0.0 0.0 -0.2 0.0 -0.6 0.0 0.0 -9.385529045673
0.0 0.0 0.0 0.0 0.0 0.0 0.0 0.0 -0.2 0.0 -0.2 0.0 0.0 -9.421682374929
0.0 0.0 0.0 0.0 0.0 0.0 0.0 0.0 -0.2 0.0 0.2 0.0 0.0 -9.421846390146
0.0 0.0 0.0 0.0 0.0 0.0 0.0 0.0 -0.2 0.0 0.6 0.0 0.0 -9.378290483667
0.0 0.0 0.0 0.0 0.0 0.0 0.0 0.0 -0.2 0.0 1.0 0.0 0.0 -9.277856480442
0.0 0.0 0.0 0.0 0.0 0.0 0.0 0.0 0.2 0.0 -1.0 0.0 0.0 -9.341353383815
0.0 0.0 0.0 0.0 0.0 0.0 0.0 0.0 0.2 0.0 -0.6 0.0 0.0 -9.394245991665
0.0 0.0 0.0 0.0 0.0 0.0 0.0 0.0 0.2 0.0 -0.2 0.0 0.0 -9.422827915728
0.0 0.0 0.0 0.0 0.0 0.0 0.0 0.0 0.2 0.0 0.2 0.0 0.0 -9.422886542791
0.0 0.0 0.0 0.0 0.0 0.0 0.0 0.0 0.2 0.0 0.6 0.0 0.0 -9.385967977311
0.0 0.0 0.0 0.0 0.0 0.0 0.0 0.0 0.2 0.0 1.0 0.0 0.0 -9.299176798691
0.0 0.0 0.0 0.0 0.0 0.0 0.0 0.0 0.6 0.0 -1.0 0.0 0.0 -9.34071926132
0.0 0.0 0.0 0.0 0.0 0.0 0.0 0.0 0.6 0.0 -0.6 0.0 0.0 -9.384533502008
0.0 0.0 0.0 0.0 0.0 0.0 0.0 0.0 0.6 0.0 -0.2 0.0 0.0 -9.410452139057
0.0 0.0 0.0 0.0 0.0 0.0 0.0 0.0 0.6 0.0 0.2 0.0 0.0 -9.413197810484
0.0 0.0 0.0 0.0 0.0 0.0 0.0 0.0 0.6 0.0 0.6 0.0 0.0 -9.384180181434
0.0 0.0 0.0 0.0 0.0 0.0 0.0 0.0 0.6 0.0 1.0 0.0 0.0 -9.311086991887
0.0 0.0 0.0 0.0 0.0 0.0 0.0 0.0 1.0 0.0 -1.0 0.0 0.0 -9.323159410973
0.0 0.0 0.0 0.0 0.0 0.0 0.0 0.0 1.0 0.0 -0.6 0.0 0.0 -9.362882949627
0.0 0.0 0.0 0.0 0.0 0.0 0.0 0.0 1.0 0.0 -0.2 0.0 0.0 -9.389085579572
0.0 0.0 0.0 0.0 0.0 0.0 0.0 0.0 1.0 0.0 0.2 0.0 0.0 -9.396056737252
0.0 0.0 0.0 0.0 0.0 0.0 0.0 0.0 1.0 0.0 0.6 0.0 0.0 -9.375433477447
0.0 0.0 0.0 0.0 0.0 0.0 0.0 0.0 1.0 0.0 1.0 0.0 0.0 -9.315660872158
0.0 0.0 0.0 0.0 0.0 0.0 0.0 0.0 -1.0 0.0 0.0 -1.0 0.0 -9.268394502708
0.0 0.0 0.0 0.0 0.0 0.0 0.0 0.0 -1.0 0.0 0.0 -0.6 0.0 -9.322567468292
0.0 0.0 0.0 0.0 0.0 0.0 0.0 0.0 -1.0 0.0 0.0 -0.2 0.0 -9.359350456905
0.0 0.0 0.0 0.0 0.0 0.0 0.0 0.0 -1.0 0.0 0.0 0.2 0.0 -9.356366301037
0.0 0.0 0.0 0.0 0.0 0.0 0.0 0.0 -1.0 0.0 0.0 0.6 0.0 -9.262328474143
0.0 0.0 0.0 0.0 0.0 0.0 0.0 0.0 -1.0 0.0 0.0 1.0 0.0 -8.960031181491
0.0 0.0 0.0 0.0 0.0 0.0 0.0 0.0 -0.6 0.0 0.0 -1.0 0.0 -9.314392965432
0.0 0.0 0.0 0.0 0.0 0.0 0.0 0.0 -0.6 0.0 0.0 -0.6 0.0 -9.366913584597
0.0 0.0 0.0 0.0 0.0 0.0 0.0 0.0 -0.6 0.0 0.0 -0.2 0.0 -9.402971497892
0.0 0.0 0.0 0.0 0.0 0.0 0.0 0.0 -0.6 0.0 0.0 0.2 0.0 -9.400769696754
0.0 0.0 0.0 0.0 0.0 0.0 0.0 0.0 -0.6 0.0 0.0 0.6 0.0 -9.310380915579
0.0 0.0 0.0 0.0 0.0 0.0 0.0 0.0 -0.6 0.0 0.0 1.0 0.0 -9.017674657982
0.0 0.0 0.0 0.0 0.0 0.0 0.0 0.0 -0.2 0.0 0.0 -1.0 0.0 -9.335383015838
0.0 0.0 0.0 0.0 0.0 0.0 0.0 0.0 -0.2 0.0 0.0 -0.6 0.0 -9.385918777459
0.0 0.0 0.0 0.0 0.0 0.0 0.0 0.0 -0.2 0.0 0.0 -0.2 0.0 -9.420851405091
0.0 0.0 0.0 0.0 0.0 0.0 0.0 0.0 -0.2 0.0 0.0 0.2 0.0 -9.41894998918
0.0 0.0 0.0 0.0 0.0 0.0 0.0 0.0 -0.2 0.0 0.0 0.6 0.0 -9.331609416317
0.0 0.0 0.0 0.0 0.0 0.0 0.0 0.0 -0.2 0.0 0.0 1.0 0.0 -9.047693128153
0.0 0.0 0.0 0.0 0.0 0.0 0.0 0.0 0.2 0.0 0.0 -1.0 0.0 -9.339226142192
0.0 0.0 0.0 0.0 0.0 0.0 0.0 0.0 0.2 0.0 0.0 -0.6 0.0 -9.387652593486
0.0 0.0 0.0 0.0 0.0 0.0 0.0 0.0 0.2 0.0 0.0 -0.2 0.0 -9.42128142246
0.0 0.0 0.0 0.0 0.0 0.0 0.0 0.0 0.2 0.0 0.0 0.2 0.0 -9.419433026774
0.0 0.0 0.0 0.0 0.0 0.0 0.0 0.0 0.2 0.0 0.0 0.6 0.0 -9.334788545126
0.0 0.0 0.0 0.0 0.0 0.0 0.0 0.0 0.2 0.0 0.0 1.0 0.0 -9.059126365184
0.0 0.0 0.0 0.0 0.0 0.0 0.0 0.0 0.6 0.0 0.0 -1.0 0.0 -9.331245388995
0.0 0.0 0.0 0.0 0.0 0.0 0.0 0.0 0.6 0.0 0.0 -0.6 0.0 -9.377564463844
0.0 0.0 0.0 0.0 0.0 0.0 0.0 0.0 0.6 0.0 0.0 -0.2 0.0 -9.409848121205
0.0 0.0 0.0 0.0 0.0 0.0 0.0 0.0 0.6 0.0 0.0 0.2 0.0 -9.407952203496
0.0 0.0 0.0 0.0 0.0 0.0 0.0 0.0 0.6 0.0 0.0 0.6 0.0 -9.325809243715
0.0 0.0 0.0 0.0 0.0 0.0 0.0 0.0 0.6 0.0 0.0 1.0 0.0 -9.058035834246
0.0 0.0 0.0 0.0 0.0 0.0 0.0 0.0 1.0 0.0 0.0 -1.0 0.0 -9.315074302572
0.0 0.0 0.0 0.0 0.0 0.0 0.0 0.0 1.0 0.0 0.0 -0.6 0.0 -9.35936150586
0.0 0.0 0.0 0.0 0.0 0.0 0.0 0.0 1.0 0.0 0.0 -0.2 0.0 -9.390339551732
0.0 0.0 0.0 0.0 0.0 0.0 0.0 0.0 1.0 0.0 0.0 0.2 0.0 -9.388383728714
0.0 0.0 0.0 0.0 0.0 0.0 0.0 0.0 1.0 0.0 0.0 0.6 0.0 -9.308644089355
0.0 0.0 0.0 0.0 0.0 0.0 0.0 0.0 1.0 0.0 0.0 1.0 0.0 -9.048500844754
0.0 0.0 0.0 0.0 0.0 0.0 0.0 0.0 -1.0 0.0 0.0 0.0 -1.0 -9.114564686364
0.0 0.0 0.0 0.0 0.0 0.0 0.0 0.0 -1.0 0.0 0.0 0.0 -0.6 -9.292468725104
0.0 0.0 0.0 0.0 0.0 0.0 0.0 0.0 -1.0 0.0 0.0 0.0 -0.2 -9.357855791286
0.0 0.0 0.0 0.0 0.0 0.0 0.0 0.0 -1.0 0.0 0.0 0.0 0.2 -9.357855789214
0.0 0.0 0.0 0.0 0.0 0.0 0.0 0.0 -1.0 0.0 0.0 0.0 0.6 -9.29246867158
0.0 0.0 0.0 0.0 0.0 0.0 0.0 0.0 -1.0 0.0 0.0 0.0 1.0 -9.114564382788
0.0 0.0 0.0 0.0 0.0 0.0 0.0 0.0 -0.6 0.0 0.0 0.0 -1.0 -9.166294873563
0.0 0.0 0.0 0.0 0.0 0.0 0.0 0.0 -0.6 0.0 0.0 0.0 -0.6 -9.338638468121
0.0 0.0 0.0 0.0 0.0 0.0 0.0 0.0 -0.6 0.0 0.0 0.0 -0.2 -9.401864885269
0.0 0.0 0.0 0.0 0.0 0.0 0.0 0.0 -0.6 0.0 0.0 0.0 0.2 -9.401864883456
0.0 0.0 0.0 0.0 0.0 0.0 0.0 0.0 -0.6 0.0 0.0 0.0 0.6 -9.338638416625
0.0 0.0 0.0 0.0 0.0 0.0 0.0 0.0 -0.6 0.0 0.0 0.0 1.0 -9.166294578954
0.0 0.0 0.0 0.0 0.0 0.0 0.0 0.0 -0.2 0.0 0.0 0.0 -1.0 -9.191771080876
0.0 0.0 0.0 0.0 0.0 0.0 0.0 0.0 -0.2 0.0 0.0 0.0 -0.6 -9.358748338699
0.0 0.0 0.0 0.0 0.0 0.0 0.0 0.0 -0.2 0.0 0.0 0.0 -0.2 -9.419894366357
0.0 0.0 0.0 0.0 0.0 0.0 0.0 0.0 -0.2 0.0 0.0 0.0 0.2 -9.419894364663
0.0 0.0 0.0 0.0 0.0 0.0 0.0 0.0 -0.2 0.0 0.0 0.0 0.6 -9.358748288777
0.0 0.0 0.0 0.0 0.0 0.0 0.0 0.0 -0.2 0.0 0.0 0.0 1.0 -9.191770794338
0.0 0.0 0.0 0.0 0.0 0.0 0.0 0.0 0.2 0.0 0.0 0.0 -1.0 -9.199416189403
0.0 0.0 0.0 0.0 0.0 0.0 0.0 0.0 0.2 0.0 0.0 0.0 -0.6 -9.361210486271
0.0 0.0 0.0 0.0 0.0 0.0 0.0 0.0 0.2 0.0 0.0 0.0 -0.2 -9.420351680697
0.0 0.0 0.0 0.0 0.0 0.0 0.0 0.0 0.2 0.0 0.0 0.0 0.2 -9.42035167905
0.0 0.0 0.0 0.0 0.0 0.0 0.0 0.0 0.2 0.0 0.0 0.0 0.6 -9.361210437674
0.0 0.0 0.0 0.0 0.0 0.0 0.0 0.0 0.2 0.0 0.0 0.0 1.0 -9.199415910385
0.0 0.0 0.0 0.0 0.0 0.0 0.0 0.0 0.6 0.0 0.0 0.0 -1.0 -9.194904702421
0.0 0.0 0.0 0.0 0.0 0.0 0.0 0.0 0.6 0.0 0.0 0.0 -0.6 -9.35168867145
0.0 0.0 0.0 0.0 0.0 0.0 0.0 0.0 0.6 0.0 0.0 0.0 -0.2 -9.408896096721
0.0 0.0 0.0 0.0 0.0 0.0 0.0 0.0 0.6 0.0 0.0 0.0 0.2 -9.40889609509
0.0 0.0 0.0 0.0 0.0 0.0 0.0 0.0 0.6 0.0 0.0 0.0 0.6 -9.351688624056
0.0 0.0 0.0 0.0 0.0 0.0 0.0 0.0 0.6 0.0 0.0 0.0 1.0 -9.194904430583
0.0 0.0 0.0 0.0 0.0 0.0 0.0 0.0 1.0 0.0 0.0 0.0 -1.0 -9.1820821867
0.0 0.0 0.0 0.0 0.0 0.0 0.0 0.0 1.0 0.0 0.0 0.0 -0.6 -9.334018803732
0.0 0.0 0.0 0.0 0.0 0.0 0.0 0.0 1.0 0.0 0.0 0.0 -0.2 -9.389359306711
0.0 0.0 0.0 0.0 0.0 0.0 0.0 0.0 1.0 0.0 0.0 0.0 0.2 -9.389359305093
0.0 0.0 0.0 0.0 0.0 0.0 0.0 0.0 1.0 0.0 0.0 0.0 0.6 -9.334018757499
0.0 0.0 0.0 0.0 0.0 0.0 0.0 0.0 1.0 0.0 0.0 0.0 1.0 -9.182081921833
0.0 0.0 0.0 0.0 0.0 0.0 0.0 0.0 0.0 -1.0 -1.0 0.0 0.0 -9.285647702898
0.0 0.0 0.0 0.0 0.0 0.0 0.0 0.0 0.0 -1.0 -0.6 0.0 0.0 -9.326516925253
0.0 0.0 0.0 0.0 0.0 0.0 0.0 0.0 0.0 -1.0 -0.2 0.0 0.0 -9.331005010622
0.0 0.0 0.0 0.0 0.0 0.0 0.0 0.0 0.0 -1.0 0.2 0.0 0.0 -9.293186733343
0.0 0.0 0.0 0.0 0.0 0.0 0.0 0.0 0.0 -1.0 0.6 0.0 0.0 -9.201462795259
0.0 0.0 0.0 0.0 0.0 0.0 0.0 0.0 0.0 -1.0 1.0 0.0 0.0 -9.03814672465
0.0 0.0 0.0 0.0 0.0 0.0 0.0 0.0 0.0 -0.6 -1.0 0.0 0.0 -9.316324030113
0.0 0.0 0.0 0.0 0.0 0.0 0.0 0.0 0.0 -0.6 -0.6 0.0 0.0 -9.369808236842
0.0 0.0 0.0 0.0 0.0 0.0 0.0 0.0 0.0 -0.6 -0.2 0.0 0.0 -9.391981613306
0.0 0.0 0.0 0.0 0.0 0.0 0.0 0.0 0.0 -0.6 0.2 0.0 0.0 -9.378595857269
0.0 0.0 0.0 0.0 0.0 0.0 0.0 0.0 0.0 -0.6 0.6 0.0 0.0 -9.320277033324
0.0 0.0 0.0 0.0 0.0 0.0 0.0 0.0 0.0 -0.6 1.0 0.0 0.0 -9.202342761871
0.0 0.0 0.0 0.0 0.0 0.0 0.0 0.0 0.0 -0.2 -1.0 0.0 0.0 -9.330760654549
0.0 0.0 0.0 0.0 0.0 0.0 0.0 0.0 0.0 -0.2 -0.6 0.0 0.0 -9.390214322884
0.0 0.0 0.0 0.0 0.0 0.0 0.0 0.0 0.0 -0.2 -0.2 0.0 0.0 -9.420781639541
0.0 0.0 0.0 0.0 0.0 0.0 0.0 0.0 0.0 -0.2 0.2 0.0 0.0 -9.419016209254
0.0 0.0 0.0 0.0 0.0 0.0 0.0 0.0 0.0 -0.2 0.6 0.0 0.0 -9.37660484131
0.0 0.0 0.0 0.0 0.0 0.0 0.0 0.0 0.0 -0.2 1.0 0.0 0.0 -9.280293825276
0.0 0.0 0.0 0.0 0.0 0.0 0.0 0.0 0.0 0.2 -1.0 0.0 0.0 -9.330760654578
0.0 0.0 0.0 0.0 0.0 0.0 0.0 0.0 0.0 0.2 -0.6 0.0 0.0 -9.390214322899
0.0 0.0 0.0 0.0 0.0 0.0 0.0 0.0 0.0 0.2 -0.2 0.0 0.0 -9.420781639549
0.0 0.0 0.0 0.0 0.0 0.0 0.0 0.0 0.0 0.2 0.2 0.0 0.0 -9.419016209261
0.0 0.0 0.0 0.0 0.0 0.0 0.0 0.0 0.0 0.2 0.6 0.0 0.0 -9.376604841326
0.0 0.0 0.0 0.0 0.0 0.0 0.0 0.0 0.0 0.2 1.0 0.0 0.0 -9.280293825321
0.0 0.0 0.0 0.0 0.0 0.0 0.0 0.0 0.0 0.6 -1.0 0.0 0.0 -9.31632403019
0.0 0.0 0.0 0.0 0.0 0.0 0.0 0.0 0.0 0.6 -0.6 0.0 0.0 -9.369808236874
0.0 0.0 0.0 0.0 0.0 0.0 0.0 0.0 0.0 0.6 -0.2 0.0 0.0 -9.391981613311
0.0 0.0 0.0 0.0 0.0 0.0 0.0 0.0 0.0 0.6 0.2 0.0 0.0 -9.378595857269
0.0 0.0 0.0 0.0 0.0 0.0 0.0 0.0 0.0 0.6 0.6 0.0 0.0 -9.32027703335
0.0 0.0 0.0 0.0 0.0 0.0 0.0 0.0 0.0 0.6 1.0 0.0 0.0 -9.202342761977
0.0 0.0 0.0 0.0 0.0 0.0 0.0 0.0 0.0 1.0 -1.0 0.0 0.0 -9.285647702989
0.0 0.0 0.0 0.0 0.0 0.0 0.0 0.0 0.0 1.0 -0.6 0.0 0.0 -9.326516925262
0.0 0.0 0.0 0.0 0.0 0.0 0.0 0.0 0.0 1.0 -0.2 0.0 0.0 -9.331005010574
0.0 0.0 0.0 0.0 0.0 0.0 0.0 0.0 0.0 1.0 0.2 0.0 0.0 -9.293186733273
0.0 0.0 0.0 0.0 0.0 0.0 0.0 0.0 0.0 1.0 0.6 0.0 0.0 -9.201462795222
0.0 0.0 0.0 0.0 0.0 0.0 0.0 0.0 0.0 1.0 1.0 0.0 0.0 -9.038146724734
0.0 0.0 0.0 0.0 0.0 0.0 0.0 0.0 0.0 -1.0 0.0 -1.0 0.0 -9.205821635609
0.0 0.0 0.0 0.0 0.0 0.0 0.0 0.0 0.0 -1.0 0.0 -0.6 0.0 -9.265854697621
0.0 0.0 0.0 0.0 0.0 0.0 0.0 0.0 0.0 -1.0 0.0 -0.2 0.0 -9.308898084884
0.0 0.0 0.0 0.0 0.0 0.0 0.0 0.0 0.0 -1.0 0.0 0.2 0.0 -9.312903808988
0.0 0.0 0.0 0.0 0.0 0.0 0.0 0.0 0.0 -1.0 0.0 0.6 0.0 -9.227483711164
0.0 0.0 0.0 0.0 0.0 0.0 0.0 0.0 0.0 -1.0 0.0 1.0 0.0 -8.937456668397
0.0 0.0 0.0 0.0 0.0 0.0 0.0 0.0 0.0 -0.6 0.0 -1.0 0.0 -9.292884115472
0.0 0.0 0.0 0.0 0.0 0.0 0.0 0.0 0.0 -0.6 0.0 -0.6 0.0 -9.346031388138
0.0 0.0 0.0 0.0 0.0 0.0 0.0 0.0 0.0 -0.6 0.0 -0.2 0.0 -9.383353803151
0.0 0.0 0.0 0.0 0.0 0.0 0.0 0.0 0.0 -0.6 0.0 0.2 0.0 -9.383501308033
0.0 0.0 0.0 0.0 0.0 0.0 0.0 0.0 0.0 -0.6 0.0 0.6 0.0 -9.29764554306
0.0 0.0 0.0 0.0 0.0 0.0 0.0 0.0 0.0 -0.6 0.0 1.0 0.0 -9.014144176911
0.0 0.0 0.0 0.0 0.0 0.0 0.0 0.0 0.0 -0.2 0.0 -1.0 0.0 -9.334033137113
0.0 0.0 0.0 0.0 0.0 0.0 0.0 0.0 0.0 -0.2 0.0 -0.6 0.0 -9.383919611195
0.0 0.0 0.0 0.0 0.0 0.0 0.0 0.0 0.0 -0.2 0.0 -0.2 0.0 -9.418542523997
0.0 0.0 0.0 0.0 0.0 0.0 0.0 0.0 0.0 -0.2 0.0 0.2 0.0 -9.416904319382
0.0 0.0 0.0 0.0 0.0 0.0 0.0 0.0 0.0 -0.2 0.0 0.6 0.0 -9.330950918477
0.0 0.0 0.0 0.0 0.0 0.0 0.0 0.0 0.0 -0.2 0.0 1.0 0.0 -9.050794370757
0.0 0.0 0.0 0.0 0.0 0.0 0.0 0.0 0.0 0.2 0.0 -1.0 0.0 -9.334033129779
0.0 0.0 0.0 0.0 0.0 0.0 0.0 0.0 0.0 0.2 0.0 -0.6 0.0 -9.383919607931
0.0 0.0 0.0 0.0 0.0 0.0 0.0 0.0 0.0 0.2 0.0 -0.2 0.0 -9.418542523514
0.0 0.0 0.0 0.0 0.0 0.0 0.0 0.0 0.0 0.2 0.0 0.2 0.0 -9.416904318701
0.0 0.0 0.0 0.0 0.0 0.0 0.0 0.0 0.0 0.2 0.0 0.6 0.0 -9.330950908945
0.0 0.0 0.0 0.0 0.0 0.0 0.0 0.0 0.0 0.2 0.0 1.0 0.0 -9.0507943275
0.0 0.0 0.0 0.0 0.0 0.0 0.0 0.0 0.0 0.6 0.0 -1.0 0.0 -9.292884092625
0.0 0.0 0.0 0.0 0.0 0.0 0.0 0.0 0.0 0.6 0.0 -0.6 0.0 -9.346031377858
0.0 0.0 0.0 0.0 0.0 0.0 0.0 0.0 0.0 0.6 0.0 -0.2 0.0 -9.383353801549
0.0 0.0 0.0 0.0 0.0 0.0 0.0 0.0 0.0 0.6 0.0 0.2 0.0 -9.383501306079
0.0 0.0 0.0 0.0 0.0 0.0 0.0 0.0 0.0 0.6 0.0 0.6 0.0 -9.297645514616
0.0 0.0 0.0 0.0 0.0 0.0 0.0 0.0 0.0 0.6 0.0 1.0 0.0 -9.014144046909
0.0 0.0 0.0 0.0 0.0 0.0 0.0 0.0 0.0 1.0 0.0 -1.0 0.0 -9.205821594613
0.0 0.0 0.0 0.0 0.0 0.0 0.0 0.0 0.0 1.0 0.0 -0.6 0.0 -9.265854678808
0.0 0.0 0.0 0.0 0.0 0.0 0.0 0.0 0.0 1.0 0.0 -0.2 0.0 -9.308898081684
0.0 0.0 0.0 0.0 0.0 0.0 0.0 0.0 0.0 1.0 0.0 0.2 0.0 -9.312903806035
0.0 0.0 0.0 0.0 0.0 0.0 0.0 0.0 0.0 1.0 0.0 0.6 0.0 -9.227483664291
0.0 0.0 0.0 0.0 0.0 0.0 0.0 0.0 0.0 1.0 0.0 1.0 0.0 -8.937456450995
0.0 0.0 0.0 0.0 0.0 0.0 0.0 0.0 0.0 -1.0 0.0 0.0 -1.0 -9.11187363661
0.0 0.0 0.0 0.0 0.0 0.0 0.0 0.0 0.0 -1.0 0.0 0.0 -0.6 -9.251928260178
0.0 0.0 0.0 0.0 0.0 0.0 0.0 0.0 0.0 -1.0 0.0 0.0 -0.2 -9.310074758023
0.0 0.0 0.0 0.0 0.0 0.0 0.0 0.0 0.0 -1.0 0.0 0.0 0.2 -9.311710690219
0.0 0.0 0.0 0.0 0.0 0.0 0.0 0.0 0.0 -1.0 0.0 0.0 0.6 -9.241346888623
0.0 0.0 0.0 0.0 0.0 0.0 0.0 0.0 0.0 -1.0 0.0 0.0 1.0 -9.031800013623
0.0 0.0 0.0 0.0 0.0 0.0 0.0 0.0 0.0 -0.6 0.0 0.0 -1.0 -9.179636931683
0.0 0.0 0.0 0.0 0.0 0.0 0.0 0.0 0.0 -0.6 0.0 0.0 -0.6 -9.326234241664
0.0 0.0 0.0 0.0 0.0 0.0 0.0 0.0 0.0 -0.6 0.0 0.0 -0.2 -9.383358999437
0.0 0.0 0.0 0.0 0.0 0.0 0.0 0.0 0.0 -0.6 0.0 0.0 0.2 -9.383482581543
0.0 0.0 0.0 0.0 0.0 0.0 0.0 0.0 0.0 -0.6 0.0 0.0 0.6 -9.317403245635
0.0 0.0 0.0 0.0 0.0 0.0 0.0 0.0 0.0 -0.6 0.0 0.0 1.0 -9.127835714231
0.0 0.0 0.0 0.0 0.0 0.0 0.0 0.0 0.0 -0.2 0.0 0.0 -1.0 -9.201581303472
0.0 0.0 0.0 0.0 0.0 0.0 0.0 0.0 0.0 -0.2 0.0 0.0 -0.6 -9.359092299583
0.0 0.0 0.0 0.0 0.0 0.0 0.0 0.0 0.0 -0.2 0.0 0.0 -0.2 -9.417765837189
0.0 0.0 0.0 0.0 0.0 0.0 0.0 0.0 0.0 -0.2 0.0 0.0 0.2 -9.417668734074
0.0 0.0 0.0 0.0 0.0 0.0 0.0 0.0 0.0 -0.2 0.0 0.0 0.6 -9.355748924907
0.0 0.0 0.0 0.0 0.0 0.0 0.0 0.0 0.0 -0.2 0.0 0.0 1.0 -9.183710423503
0.0 0.0 0.0 0.0 0.0 0.0 0.0 0.0 0.0 0.2 0.0 0.0 -1.0 -9.183710731641
0.0 0.0 0.0 0.0 0.0 0.0 0.0 0.0 0.0 0.2 0.0 0.0 -0.6 -9.355748980427
0.0 0.0 0.0 0.0 0.0 0.0 0.0 0.0 0.0 0.2 0.0 0.0 -0.2 -9.417668736268
0.0 0.0 0.0 0.0 0.0 0.0 0.0 0.0 0.0 0.2 0.0 0.0 0.2 -9.417765836175
0.0 0.0 0.0 0.0 0.0 0.0 0.0 0.0 0.0 0.2 0.0 0.0 0.6 -9.359092256816
0.0 0.0 0.0 0.0 0.0 0.0 0.0 0.0 0.0 0.2 0.0 0.0 1.0 -9.201581045675
0.0 0.0 0.0 0.0 0.0 0.0 0.0 0.0 0.0 0.6 0.0 0.0 -1.0 -9.127836075077
0.0 0.0 0.0 0.0 0.0 0.0 0.0 0.0 0.0 0.6 0.0 0.0 -0.6 -9.317403313239
0.0 0.0 0.0 0.0 0.0 0.0 0.0 0.0 0.0 0.6 0.0 0.0 -0.2 -9.383482584412
0.0 0.0 0.0 0.0 0.0 0.0 0.0 0.0 0.0 0.6 0.0 0.0 0.2 -9.383359000104
0.0 0.0 0.0 0.0 0.0 0.0 0.0 0.0 0.0 0.6 0.0 0.0 0.6 -9.326234212581
0.0 0.0 0.0 0.0 0.0 0.0 0.0 0.0 0.0 0.6 0.0 0.0 1.0 -9.179636722853
0.0 0.0 0.0 0.0 0.0 0.0 0.0 0.0 0.0 1.0 0.0 0.0 -1.0 -9.031800430179
0.0 0.0 0.0 0.0 0.0 0.0 0.0 0.0 0.0 1.0 0.0 0.0 -0.6 -9.241346967673
0.0 0.0 0.0 0.0 0.0 0.0 0.0 0.0 0.0 1.0 0.0 0.0 -0.2 -9.311710693165
0.0 0.0 0.0 0.0 0.0 0.0 0.0 0.0 0.0 1.0 0.0 0.0 0.2 -9.310074760943
0.0 0.0 0.0 0.0 0.0 0.0 0.0 0.0 0.0 1.0 0.0 0.0 0.6 -9.251928246214
0.0 0.0 0.0 0.0 0.0 0.0 0.0 0.0 0.0 1.0 0.0 0.0 1.0 -9.11187347677
0.0 0.0 0.0 0.0 0.0 0.0 0.0 0.0 0.0 0.0 -1.0 -1.0 0.0 -9.263774005312
0.0 0.0 0.0 0.0 0.0 0.0 0.0 0.0 0.0 0.0 -1.0 -0.6 0.0 -9.299948095264
0.0 0.0 0.0 0.0 0.0 0.0 0.0 0.0 0.0 0.0 -1.0 -0.2 0.0 -9.326903726887
0.0 0.0 0.0 0.0 0.0 0.0 0.0 0.0 0.0 0.0 -1.0 0.2 0.0 -9.328733528609
0.0 0.0 0.0 0.0 0.0 0.0 0.0 0.0 0.0 0.0 -1.0 0.6 0.0 -9.26954138728
0.0 0.0 0.0 0.0 0.0 0.0 0.0 0.0 0.0 0.0 -1.0 1.0 0.0 -9.067172009717
0.0 0.0 0.0 0.0 0.0 0.0 0.0 0.0 0.0 0.0 -0.6 -1.0 0.0 -9.318167623289
0.0 0.0 0.0 0.0 0.0 0.0 0.0 0.0 0.0 0.0 -0.6 -0.6 0.0 -9.358437002866
0.0 0.0 0.0 0.0 0.0 0.0 0.0 0.0 0.0 0.0 -0.6 -0.2 0.0 -9.387379465794
0.0 0.0 0.0 0.0 0.0 0.0 0.0 0.0 0.0 0.0 -0.6 0.2 0.0 -9.387259915074
0.0 0.0 0.0 0.0 0.0 0.0 0.0 0.0 0.0 0.0 -0.6 0.6 0.0 -9.31777843411
0.0 0.0 0.0 0.0 0.0 0.0 0.0 0.0 0.0 0.0 -0.6 1.0 0.0 -9.086714677586
0.0 0.0 0.0 0.0 0.0 0.0 0.0 0.0 0.0 0.0 -0.2 -1.0 0.0 -9.340996430547
0.0 0.0 0.0 0.0 0.0 0.0 0.0 0.0 0.0 0.0 -0.2 -0.6 0.0 -9.386855658291
0.0 0.0 0.0 0.0 0.0 0.0 0.0 0.0 0.0 0.0 -0.2 -0.2 0.0 -9.418910836141
0.0 0.0 0.0 0.0 0.0 0.0 0.0 0.0 0.0 0.0 -0.2 0.2 0.0 -9.41735125687
0.0 0.0 0.0 0.0 0.0 0.0 0.0 0.0 0.0 0.0 -0.2 0.6 0.0 -9.336922490594
0.0 0.0 0.0 0.0 0.0 0.0 0.0 0.0 0.0 0.0 -0.2 1.0 0.0 -9.07410898946
0.0 0.0 0.0 0.0 0.0 0.0 0.0 0.0 0.0 0.0 0.2 -1.0 0.0 -9.326803074226
0.0 0.0 0.0 0.0 0.0 0.0 0.0 0.0 0.0 0.0 0.2 -0.6 0.0 -9.380631147201
0.0 0.0 0.0 0.0 0.0 0.0 0.0 0.0 0.0 0.0 0.2 -0.2 0.0 -9.41776108351
0.0 0.0 0.0 0.0 0.0 0.0 0.0 0.0 0.0 0.0 0.2 0.2 0.0 -9.416021961842
0.0 0.0 0.0 0.0 0.0 0.0 0.0 0.0 0.0 0.0 0.2 0.6 0.0 -9.324591360556
0.0 0.0 0.0 0.0 0.0 0.0 0.0 0.0 0.0 0.0 0.2 1.0 0.0 -9.027282472205
0.0 0.0 0.0 0.0 0.0 0.0 0.0 0.0 0.0 0.0 0.6 -1.0 0.0 -9.265023018304
0.0 0.0 0.0 0.0 0.0 0.0 0.0 0.0 0.0 0.0 0.6 -0.6 0.0 -9.330220012728
0.0 0.0 0.0 0.0 0.0 0.0 0.0 0.0 0.0 0.0 0.6 -0.2 0.0 -9.3753208215
0.0 0.0 0.0 0.0 0.0 0.0 0.0 0.0 0.0 0.0 0.6 0.2 0.0 -9.375480360997
0.0 0.0 0.0 0.0 0.0 0.0 0.0 0.0 0.0 0.0 0.6 0.6 0.0 -9.273624619032
0.0 0.0 0.0 0.0 0.0 0.0 0.0 0.0 0.0 0.0 0.6 1.0 0.0 -8.939354597031
0.0 0.0 0.0 0.0 0.0 0.0 0.0 0.0 0.0 0.0 1.0 -1.0 0.0 -9.139578286588
0.0 0.0 0.0 0.0 0.0 0.0 0.0 0.0 0.0 0.0 1.0 -0.6 0.0 -9.220837604223
0.0 0.0 0.0 0.0 0.0 0.0 0.0 0.0 0.0 0.0 1.0 -0.2 0.0 -9.27797805021
0.0 0.0 0.0 0.0 0.0 0.0 0.0 0.0 0.0 0.0 1.0 0.2 0.0 -9.283137114883
0.0 0.0 0.0 0.0 0.0 0.0 0.0 0.0 0.0 0.0 1.0 0.6 0.0 -9.172225836116
0.0 0.0 0.0 0.0 0.0 0.0 0.0 0.0 0.0 0.0 1.0 1.0 0.0 -8.798904454211
0.0 0.0 0.0 0.0 0.0 0.0 0.0 0.0 0.0 0.0 -1.0 0.0 -1.0 -9.165600985424
0.0 0.0 0.0 0.0 0.0 0.0 0.0 0.0 0.0 0.0 -1.0 0.0 -0.6 -9.284714337247
0.0 0.0 0.0 0.0 0.0 0.0 0.0 0.0 0.0 0.0 -1.0 0.0 -0.2 -9.327811662863
0.0 0.0 0.0 0.0 0.0 0.0 0.0 0.0 0.0 0.0 -1.0 0.0 0.2 -9.327811662552
0.0 0.0 0.0 0.0 0.0 0.0 0.0 0.0 0.0 0.0 -1.0 0.0 0.6 -9.284714303187
0.0 0.0 0.0 0.0 0.0 0.0 0.0 0.0 0.0 0.0 -1.0 0.0 1.0 -9.165600778028
0.0 0.0 0.0 0.0 0.0 0.0 0.0 0.0 0.0 0.0 -0.6 0.0 -1.0 -9.202572760068
0.0 0.0 0.0 0.0 0.0 0.0 0.0 0.0 0.0 0.0 -0.6 0.0 -0.6 -9.338070734868
0.0 0.0 0.0 0.0 0.0 0.0 0.0 0.0 0.0 0.0 -0.6 0.0 -0.2 -9.387311661878
0.0 0.0 0.0 0.0 0.0 0.0 0.0 0.0 0.0 0.0 -0.6 0.0 0.2 -9.387311660894
0.0 0.0 0.0 0.0 0.0 0.0 0.0 0.0 0.0 0.0 -0.6 0.0 0.6 -9.338070694727
0.0 0.0 0.0 0.0 0.0 0.0 0.0 0.0 0.0 0.0 -0.6 0.0 1.0 -9.202572524191
0.0 0.0 0.0 0.0 0.0 0.0 0.0 0.0 0.0 0.0 -0.2 0.0 -1.0 -9.207753492388
0.0 0.0 0.0 0.0 0.0 0.0 0.0 0.0 0.0 0.0 -0.2 0.0 -0.6 -9.361868133094
0.0 0.0 0.0 0.0 0.0 0.0 0.0 0.0 0.0 0.0 -0.2 0.0 -0.2 -9.418124424832
0.0 0.0 0.0 0.0 0.0 0.0 0.0 0.0 0.0 0.0 -0.2 0.0 0.2 -9.418124423314
0.0 0.0 0.0 0.0 0.0 0.0 0.0 0.0 0.0 0.0 -0.2 0.0 0.6 -9.361868086786
0.0 0.0 0.0 0.0 0.0 0.0 0.0 0.0 0.0 0.0 -0.2 0.0 1.0 -9.207753225719
0.0 0.0 0.0 0.0 0.0 0.0 0.0 0.0 0.0 0.0 0.2 0.0 -1.0 -9.177298251162
0.0 0.0 0.0 0.0 0.0 0.0 0.0 0.0 0.0 0.0 0.2 0.0 -0.6 -9.352600066316
0.0 0.0 0.0 0.0 0.0 0.0 0.0 0.0 0.0 0.0 0.2 0.0 -0.2 -9.41688555828
0.0 0.0 0.0 0.0 0.0 0.0 0.0 0.0 0.0 0.0 0.2 0.0 0.2 -9.416885556585
0.0 0.0 0.0 0.0 0.0 0.0 0.0 0.0 0.0 0.0 0.2 0.0 0.6 -9.352600014353
0.0 0.0 0.0 0.0 0.0 0.0 0.0 0.0 0.0 0.0 0.2 0.0 1.0 -9.177297952056
0.0 0.0 0.0 0.0 0.0 0.0 0.0 0.0 0.0 0.0 0.6 0.0 -1.0 -9.102440381899
0.0 0.0 0.0 0.0 0.0 0.0 0.0 0.0 0.0 0.0 0.6 0.0 -0.6 -9.301898762447
0.0 0.0 0.0 0.0 0.0 0.0 0.0 0.0 0.0 0.0 0.6 0.0 -0.2 -9.375392779672
0.0 0.0 0.0 0.0 0.0 0.0 0.0 0.0 0.0 0.0 0.6 0.0 0.2 -9.375392778395
0.0 0.0 0.0 0.0 0.0 0.0 0.0 0.0 0.0 0.0 0.6 0.0 0.6 -9.301898705991
0.0 0.0 0.0 0.0 0.0 0.0 0.0 0.0 0.0 0.0 0.6 0.0 1.0 -9.102440049461
0.0 0.0 0.0 0.0 0.0 0.0 0.0 0.0 0.0 0.0 1.0 0.0 -1.0 -8.969407072433
0.0 0.0 0.0 0.0 0.0 0.0 0.0 0.0 0.0 0.0 1.0 0.0 -0.6 -9.1964654503
0.0 0.0 0.0 0.0 0.0 0.0 0.0 0.0 0.0 0.0 1.0 0.0 -0.2 -9.280544518086
0.0 0.0 0.0 0.0 0.0 0.0 0.0 0.0 0.0 0.0 1.0 0.0 0.2 -9.280544518122
0.0 0.0 0.0 0.0 0.0 0.0 0.0 0.0 0.0 0.0 1.0 0.0 0.6 -9.196465391339
0.0 0.0 0.0 0.0 0.0 0.0 0.0 0.0 0.0 0.0 1.0 0.0 1.0 -8.9694067068
0.0 0.0 0.0 0.0 0.0 0.0 0.0 0.0 0.0 0.0 0.0 -1.0 -1.0 -9.312017921294
0.0 0.0 0.0 0.0 0.0 0.0 0.0 0.0 0.0 0.0 0.0 -1.0 -0.6 -9.331447892987
0.0 0.0 0.0 0.0 0.0 0.0 0.0 0.0 0.0 0.0 0.0 -1.0 -0.2 -9.338393118951
0.0 0.0 0.0 0.0 0.0 0.0 0.0 0.0 0.0 0.0 0.0 -1.0 0.2 -9.338393130097
0.0 0.0 0.0 0.0 0.0 0.0 0.0 0.0 0.0 0.0 0.0 -1.0 0.6 -9.331447916532
0.0 0.0 0.0 0.0 0.0 0.0 0.0 0.0 0.0 0.0 0.0 -1.0 1.0 -9.312017920611
0.0 0.0 0.0 0.0 0.0 0.0 0.0 0.0 0.0 0.0 0.0 -0.6 -1.0 -9.323601275208
0.0 0.0 0.0 0.0 0.0 0.0 0.0 0.0 0.0 0.0 0.0 -0.6 -0.6 -9.369988175284
0.0 0.0 0.0 0.0 0.0 0.0 0.0 0.0 0.0 0.0 0.0 -0.6 -0.2 -9.386705740565
0.0 0.0 0.0 0.0 0.0 0.0 0.0 0.0 0.0 0.0 0.0 -0.6 0.2 -9.386705746388
0.0 0.0 0.0 0.0 0.0 0.0 0.0 0.0 0.0 0.0 0.0 -0.6 0.6 -9.369988175043
0.0 0.0 0.0 0.0 0.0 0.0 0.0 0.0 0.0 0.0 0.0 -0.6 1.0 -9.323601196652
0.0 0.0 0.0 0.0 0.0 0.0 0.0 0.0 0.0 0.0 0.0 -0.2 -1.0 -9.270993691051
0.0 0.0 0.0 0.0 0.0 0.0 0.0 0.0 0.0 0.0 0.0 -0.2 -0.6 -9.379026805378
0.0 0.0 0.0 0.0 0.0 0.0 0.0 0.0 0.0 0.0 0.0 -0.2 -0.2 -9.418508704769
0.0 0.0 0.0 0.0 0.0 0.0 0.0 0.0 0.0 0.0 0.0 -0.2 0.2 -9.418508704725
0.0 0.0 0.0 0.0 0.0 0.0 0.0 0.0 0.0 0.0 0.0 -0.2 0.6 -9.379026772213
0.0 0.0 0.0 0.0 0.0 0.0 0.0 0.0 0.0 0.0 0.0 -0.2 1.0 -9.270993487393
0.0 0.0 0.0 0.0 0.0 0.0 0.0 0.0 0.0 0.0 0.0 0.2 -1.0 -9.070232765379
0.0 0.0 0.0 0.0 0.0 0.0 0.0 0.0 0.0 0.0 0.0 0.2 -0.6 -9.319526278082
0.0 0.0 0.0 0.0 0.0 0.0 0.0 0.0 0.0 0.0 0.0 0.2 -0.2 -9.410929532282
0.0 0.0 0.0 0.0 0.0 0.0 0.0 0.0 0.0 0.0 0.0 0.2 0.2 -9.410929532233
0.0 0.0 0.0 0.0 0.0 0.0 0.0 0.0 0.0 0.0 0.0 0.2 0.6 -9.319526219716
0.0 0.0 0.0 0.0 0.0 0.0 0.0 0.0 0.0 0.0 0.0 0.2 1.0 -9.070232400602
0.0 0.0 0.0 0.0 0.0 0.0 0.0 0.0 0.0 0.0 0.0 0.6 -1.0 -8.530050109742
0.0 0.0 0.0 0.0 0.0 0.0 0.0 0.0 0.0 0.0 0.0 0.6 -0.6 -9.10185209747
0.0 0.0 0.0 0.0 0.0 0.0 0.0 0.0 0.0 0.0 0.0 0.6 -0.2 -9.311859891582
0.0 0.0 0.0 0.0 0.0 0.0 0.0 0.0 0.0 0.0 0.0 0.6 0.2 -9.31185992251
0.0 0.0 0.0 0.0 0.0 0.0 0.0 0.0 0.0 0.0 0.0 0.6 0.6 -9.101852096929
0.0 0.0 0.0 0.0 0.0 0.0 0.0 0.0 0.0 0.0 0.0 0.6 1.0 -8.530049657036
0.0 0.0 0.0 0.0 0.0 0.0 0.0 0.0 0.0 0.0 0.0 1.0 -1.0 -7.19138494214
0.0 0.0 0.0 0.0 0.0 0.0 0.0 0.0 0.0 0.0 0.0 1.0 -0.6 -8.521476366027
0.0 0.0 0.0 0.0 0.0 0.0 0.0 0.0 0.0 0.0 0.0 1.0 -0.2 -9.002319764305
0.0 0.0 0.0 0.0 0.0 0.0 0.0 0.0 0.0 0.0 0.0 1.0 0.2 -9.002319936279
0.0 0.0 0.0 0.0 0.0 0.0 0.0 0.0 0.0 0.0 0.0 1.0 0.6 -8.521476761817
0.0 0.0 0.0 0.0 0.0 0.0 0.0 0.0 0.0 0.0 0.0 1.0 1.0 -7.191384937945
