0.0 0.0 0.0 0.0 0.0 0.0 0.0 0.0 0.0 0.0 0.0 0.0 0.0 0.0 0.0 0.0 0.0 0.0 0.0 0.0 0.0 0.0 0.0 0.0 0.0 0
0 : -1.0 : -0.1594144639
0 : -0.6 : -0.5906497747
0 : -0.2 : -0.4166396535
0 : 0.2 : 0.4166396535
0 : 0.6 : 0.5906497747
0 : 1.0 : 0.1594144639
1 : -1.0 : -1.013447693
1 : -0.6 : -0.3638861339
1 : -0.2 : -0.01715438008
1 : 0.2 : 0.01715438008
1 : 0.6 : 0.3638861339
1 : 1.0 : 1.013447693
2 : -1.0 : -0.6703793178
2 : -0.6 : -0.3915684978
2 : -0.2 : -0.02271127805
2 : 0.2 : 0.02271127805
2 : 0.6 : 0.3915684978
2 : 1.0 : 0.6703793178
3 : -1.0 : 0.7985578322
3 : -0.6 : 0.3085802692
3 : -0.2 : 0.03550929111
3 : 0.2 : 0.03550929111
3 : 0.6 : 0.3085802692
3 : 1.0 : 0.7985578322
4 : -1.0 : 1.163865666
4 : -0.6 : 0.4903386357
4 : -0.2 : 0.05882947712
4 : 0.2 : 0.05882947712
4 : 0.6 : 0.4903386357
4 : 1.0 : 1.163865666
5 : -1.0 : -0.7381393665
5 : -0.6 : -0.5185408539
5 : -0.2 : -0.1863352308
5 : 0.2 : 0.1863352308
5 : 0.6 : 0.5185408539
5 : 1.0 : 0.7381393665
6 : -1.0 : -0.8848009647
6 : -0.6 : -0.6422771986
6 : -0.2 : -0.2342143594
6 : 0.2 : 0.2342143594
6 : 0.6 : 0.6422771986
6 : 1.0 : 0.8848009647
7 : -1.0 : -0.4007427601
7 : -0.6 : -0.517527927
7 : -0.2 : -0.2327030906
7 : 0.2 : 0.2327030906
7 : 0.6 : 0.517527927
7 : 1.0 : 0.4007427601
8 : -1.0 : -0.5093639593
8 : -0.6 : -0.3382429306
8 : -0.2 : -0.1184304898
8 : 0.2 : 0.1184304898
8 : 0.6 : 0.3382429306
8 : 1.0 : 0.5093639593
9 : -1.0 : -0.991556781
9 : -0.6 : -1.419379557
9 : -0.2 : -0.7017420987
9 : 0.2 : 0.7017420987
9 : 0.6 : 1.419379557
9 : 1.0 : 0.991556781
10 : -1.0 : -0.2726687816
10 : -0.6 : -0.06814022011
10 : -0.2 : -0.002711664004
10 : 0.2 : 0.002711664004
10 : 0.6 : 0.06814022011
10 : 1.0 : 0.2726687816
11 : -1.0 : -0.5099951244
11 : -0.6 : -1.305116389
11 : -0.2 : -0.8079575907
11 : 0.2 : 0.8079575907
11 : 0.6 : 1.305116389
11 : 1.0 : 0.5099951244
12 : -1.0 : -0.593919752
12 : -0.6 : -0.7510629416
12 : -0.2 : -0.05785589377
12 : 0.2 : 0.05785589377
12 : 0.6 : 0.7510629416
12 : 1.0 : 0.593919752
13 : -1.0 : -0.8554486596
13 : -0.6 : -0.2546669419
13 : -0.2 : -0.01101646077
13 : 0.2 : 0.01101646077
13 : 0.6 : 0.2546669419
13 : 1.0 : 0.8554486596
14 : -1.0 : -0.5696763445
14 : -0.6 : -1.696703474
14 : -0.2 : -1.109331995
14 : 0.2 : 1.109331995
14 : 0.6 : 1.696703474
14 : 1.0 : 0.5696763445
15 : -1.0 : -0.2297638183
15 : -0.6 : -0.05618281335
15 : -0.2 : -0.002212279289
15 : 0.2 : 0.002212279289
15 : 0.6 : 0.05618281335
15 : 1.0 : 0.2297638183
16 : -1.0 : -0.9005894293
16 : -0.6 : -0.3112568249
16 : -0.2 : -0.0144227077
16 : 0.2 : 0.0144227077
16 : 0.6 : 0.3112568249
16 : 1.0 : 0.9005894293
17 : -1.0 : -0.4394312705
17 : -0.6 : -0.1172523844
17 : -0.2 : -0.004815907401
17 : 0.2 : 0.004815907401
17 : 0.6 : 0.1172523844
17 : 1.0 : 0.4394312705
18 : -1.0 : -0.8509793308
18 : -0.6 : -0.3674373622
18 : -0.2 : -0.01878811932
18 : 0.2 : 0.01878811932
18 : 0.6 : 0.3674373622
18 : 1.0 : 0.8509793308
19 : -1.0 : -0.3310046383
19 : -0.6 : -0.7535572372
19 : -0.2 : -0.4467830081
19 : 0.2 : 0.4467830081
19 : 0.6 : 0.7535572372
19 : 1.0 : 0.3310046383
20 : -1.0 : 0.5222261728
20 : -0.6 : 0.1976025557
20 : -0.2 : 0.02250530947
20 : 0.2 : 0.02250530947
20 : 0.6 : 0.1976025557
20 : 1.0 : 0.5222261728
21 : -1.0 : -0.9658321807
21 : -0.6 : -0.6354662842
21 : -0.2 : -0.2217062924
21 : 0.2 : 0.2217062924
21 : 0.6 : 0.6354662842
21 : 1.0 : 0.9658321807
22 : -1.0 : -0.7302696894
22 : -0.6 : -0.2865188033
22 : -0.2 : -0.01405099813
22 : 0.2 : 0.01405099813
22 : 0.6 : 0.2865188033
22 : 1.0 : 0.7302696894
23 : -1.0 : -0.7704055251
23 : -0.6 : -0.5053438624
23 : -0.2 : -0.1759167686
23 : 0.2 : 0.1759167686
23 : 0.6 : 0.5053438624
23 : 1.0 : 0.7704055251
24 : -1.0 : 0.3103770985
24 : -0.6 : 0.1145531495
24 : -0.2 : 0.01288699805
24 : 0.2 : 0.01288699805
24 : 0.6 : 0.1145531495
24 : 1.0 : 0.3103770985
0 1 : -1.0 -1.0 : -1.095329932
0 1 : -1.0 -0.6 : -0.4712750523
0 1 : -1.0 -0.2 : -0.1582636672
0 1 : -1.0 0.2 : -0.1605652607
0 1 : -1.0 0.6 : 0.1524461244
0 1 : -1.0 1.0 : 0.7765010046
0 1 : -0.6 -1.0 : -1.552071922
0 1 : -0.6 -0.6 : -0.9220777426
0 1 : -0.6 -0.2 : -0.5967740018
0 1 : -0.6 0.2 : -0.5845255477
0 1 : -0.6 0.6 : -0.2592218069
0 1 : -0.6 1.0 : 0.3707723728
0 1 : -0.2 -1.0 : -1.41178217
0 1 : -0.2 -0.6 : -0.7694956344
0 1 : -0.2 -0.2 : -0.4301094596
0 1 : -0.2 0.2 : -0.4031698473
0 1 : -0.2 0.6 : -0.06378367256
0 1 : -0.2 1.0 : 0.5785028628
0 1 : 0.2 -1.0 : -0.6151132165
0 1 : 0.2 -0.6 : 0.04172336647
0 1 : 0.2 -0.2 : 0.3958006995
0 1 : 0.2 0.2 : 0.4374786074
0 1 : 0.2 0.6 : 0.7915559404
0 1 : 0.2 1.0 : 1.448392523
0 1 : 0.6 -1.0 : -0.474823464
0 1 : 0.6 -0.6 : 0.1943054747
0 1 : 0.6 -0.2 : 0.5624652416
0 1 : 0.6 0.2 : 0.6188343078
0 1 : 0.6 0.6 : 0.9869940747
0 1 : 0.6 1.0 : 1.656123013
0 1 : 1.0 -1.0 : -0.9315654538
0 1 : 1.0 -0.6 : -0.2564972156
0 1 : 1.0 -0.2 : 0.123954907
0 1 : 1.0 0.2 : 0.1948740209
0 1 : 1.0 0.6 : 0.5753261435
0 1 : 1.0 1.0 : 1.250394382
0 2 : -1.0 -1.0 : -0.9598846904
0 2 : -1.0 -0.6 : -0.6193439935
0 2 : -1.0 -0.2 : -0.2003033241
0 2 : -1.0 0.2 : -0.1241666088
0 2 : -1.0 0.6 : 0.2510863892
0 2 : -1.0 1.0 : 0.5109648539
0 2 : -0.6 -1.0 : -1.329390124
0 2 : -0.6 -0.6 : -1.015385821
0 2 : -0.6 -0.2 : -0.6210886591
0 2 : -0.6 0.2 : -0.5639961082
0 2 : -0.6 0.6 : -0.1990812769
0 2 : -0.6 1.0 : 0.06079718772
0 2 : -0.2 -1.0 : -1.105196553
0 2 : -0.2 -0.6 : -0.8159357576
0 2 : -0.2 -0.2 : -0.4406827596
0 2 : -0.2 0.2 : -0.3939283754
0 2 : -0.2 0.6 : -0.02901354414
0 2 : -0.2 1.0 : 0.2412030873
0 2 : 0.2 -1.0 : -0.2412030873
0 2 : 0.2 -0.6 : 0.02901354414
0 2 : 0.2 -0.2 : 0.3939283754
0 2 : 0.2 0.2 : 0.4406827596
0 2 : 0.2 0.6 : 0.8159357576
0 2 : 0.2 1.0 : 1.105196553
0 2 : 0.6 -1.0 : -0.06079718772
0 2 : 0.6 -0.6 : 0.1990812769
0 2 : 0.6 -0.2 : 0.5639961082
0 2 : 0.6 0.2 : 0.6210886591
0 2 : 0.6 0.6 : 1.015385821
0 2 : 0.6 1.0 : 1.329390124
0 2 : 1.0 -1.0 : -0.5109648539
0 2 : 1.0 -0.6 : -0.2510863892
0 2 : 1.0 -0.2 : 0.1241666088
0 2 : 1.0 0.2 : 0.2003033241
0 2 : 1.0 0.6 : 0.6193439935
0 2 : 1.0 1.0 : 0.9598846904
0 3 : -1.0 -1.0 : 0.655696682
0 3 : -1.0 -0.6 : 0.1554553177
0 3 : -1.0 -0.2 : -0.1231873877
0 3 : -1.0 0.2 : -0.1231873877
0 3 : -1.0 0.6 : 0.1554553177
0 3 : -1.0 1.0 : 0.655696682
0 3 : -0.6 -1.0 : 0.2190156348
0 3 : -0.6 -0.6 : -0.2778491273
0 3 : -0.6 -0.2 : -0.5546588366
0 3 : -0.6 0.2 : -0.5546588366
0 3 : -0.6 0.6 : -0.2778491273
0 3 : -0.6 1.0 : 0.2190156348
0 3 : -0.2 -1.0 : 0.3858263774
0 3 : -0.2 -0.6 : -0.1065744451
0 3 : -0.2 -0.2 : -0.3809608949
0 3 : -0.2 0.2 : -0.3809608949
0 3 : -0.2 0.6 : -0.1065744451
0 3 : -0.2 1.0 : 0.3858263774
0 3 : 0.2 -1.0 : 1.211289287
0 3 : 0.2 -0.6 : 0.7237349835
0 3 : 0.2 -0.2 : 0.4519794772
0 3 : 0.2 0.2 : 0.4519794772
0 3 : 0.2 0.6 : 0.7237349835
0 3 : 0.2 1.0 : 1.211289287
0 3 : 0.6 -1.0 : 1.37810003
0 3 : 0.6 -0.6 : 0.8950096656
0 3 : 0.6 -0.2 : 0.6256774188
0 3 : 0.6 0.2 : 0.6256774188
0 3 : 0.6 0.6 : 0.8950096656
0 3 : 0.6 1.0 : 1.37810003
0 3 : 1.0 -1.0 : 0.9414189824
0 3 : 1.0 -0.6 : 0.4617052207
0 3 : 1.0 -0.2 : 0.1942059699
0 3 : 1.0 0.2 : 0.1942059699
0 3 : 1.0 0.6 : 0.4617052207
0 3 : 1.0 1.0 : 0.9414189824
0 4 : -1.0 -1.0 : 1.13266056
0 4 : -1.0 -0.6 : 0.4169550039
0 4 : -1.0 -0.2 : -0.07031505735
0 4 : -1.0 0.2 : -0.1308549163
0 4 : -1.0 0.6 : 0.2448933396
0 4 : -1.0 1.0 : 0.8762418436
0 4 : -0.6 -1.0 : 0.659246723
0 4 : -0.6 -0.6 : -0.0466374484
0 4 : -0.6 -0.2 : -0.5135805418
0 4 : -0.6 0.2 : -0.5500600534
0 4 : -0.6 0.6 : -0.1539848296
0 4 : -0.6 1.0 : 0.4871850587
0 4 : -0.2 -1.0 : 0.7774959416
0 4 : -0.2 -0.6 : 0.09193873801
0 4 : -0.2 -0.2 : -0.3517172665
0 4 : -0.2 0.2 : -0.3639030862
0 4 : -0.2 0.6 : 0.05545922648
0 4 : -0.2 1.0 : 0.7169560827
0 4 : 0.2 -1.0 : 1.55023539
0 4 : 0.2 -0.6 : 0.8887385334
0 4 : 0.2 -0.2 : 0.4693762207
0 4 : 0.2 0.2 : 0.4815620404
0 4 : 0.2 0.6 : 0.9252180449
0 4 : 0.2 1.0 : 1.610775249
0 4 : 0.6 -1.0 : 1.668484608
0 4 : 0.6 -0.6 : 1.02731472
0 4 : 0.6 -0.2 : 0.6312394961
0 4 : 0.6 0.2 : 0.6677190076
0 4 : 0.6 0.6 : 1.134662101
0 4 : 0.6 1.0 : 1.840546272
0 4 : 1.0 -1.0 : 1.195070771
0 4 : 1.0 -0.6 : 0.5637222675
0 4 : 1.0 -0.2 : 0.1879740116
0 4 : 1.0 0.2 : 0.2485138705
0 4 : 1.0 0.6 : 0.7357839318
0 4 : 1.0 1.0 : 1.451489488
0 5 : -1.0 -1.0 : -0.8999415472
0 5 : -1.0 -0.6 : -0.6788625425
0 5 : -1.0 -0.2 : -0.345853231
0 5 : -1.0 0.2 : 0.02681723063
0 5 : -1.0 0.6 : 0.3582191653
0 5 : -1.0 1.0 : 0.5763371859
0 5 : -0.6 -1.0 : -1.329696366
0 5 : -0.6 -0.6 : -1.109535333
0 5 : -0.6 -0.2 : -0.7770243446
0 5 : -0.6 0.2 : -0.404353883
0 5 : -0.6 0.6 : -0.07245362526
0 5 : -0.6 1.0 : 0.1465823672
0 5 : -0.2 -1.0 : -1.154882556
0 5 : -0.2 -0.6 : -0.9352198464
0 5 : -0.2 -0.2 : -0.6029793738
0 5 : -0.2 0.2 : -0.2303089122
0 5 : -0.2 0.6 : 0.1018618613
0 5 : -0.2 1.0 : 0.3213961769
0 5 : 0.2 -1.0 : -0.3216032493
0 5 : 0.2 -0.6 : -0.1019405395
0 5 : 0.2 -0.2 : 0.2302999331
0 5 : 0.2 0.2 : 0.6029703947
0 5 : 0.2 0.6 : 0.9351411683
0 5 : 0.2 1.0 : 1.154675484
0 5 : 0.6 -1.0 : -0.1483968165
0 5 : 0.6 -0.6 : 0.0717642164
0 5 : 0.6 -0.2 : 0.4042752048
0 5 : 0.6 0.2 : 0.7769456664
0 5 : 0.6 0.6 : 1.108845924
0 5 : 0.6 1.0 : 1.327881917
0 5 : 1.0 -1.0 : -0.5811126193
0 5 : 1.0 -0.6 : -0.3600336146
0 5 : 1.0 -0.2 : -0.02702430309
0 5 : 1.0 0.2 : 0.3456461585
0 5 : 1.0 0.6 : 0.6770480932
0 5 : 1.0 1.0 : 0.8951661138
0 6 : -1.0 -1.0 : -0.9025854743
0 6 : -1.0 -0.6 : -0.7066553639
0 6 : -1.0 -0.2 : -0.3601903224
0 6 : -1.0 0.2 : 0.04136139453
0 6 : -1.0 0.6 : 0.3878264361
0 6 : -1.0 1.0 : 0.5837565464
0 6 : -0.6 -1.0 : -1.380414441
0 6 : -0.6 -0.6 : -1.173634871
0 6 : -0.6 -0.2 : -0.8047150918
0 6 : -0.6 0.2 : -0.3765844577
0 6 : -0.6 0.6 : -0.007664678291
0 6 : -0.6 1.0 : 0.1991148914
0 6 : -0.2 -1.0 : -1.268002117
0 6 : -0.2 -0.6 : -1.03876781
0 6 : -0.2 -0.2 : -0.6441233142
0 6 : -0.2 0.2 : -0.1891559927
0 6 : -0.2 0.6 : 0.2054885028
0 6 : -0.2 1.0 : 0.4347228104
0 6 : 0.2 -1.0 : -0.5015998122
0 6 : 0.2 -0.6 : -0.2457865874
0 6 : 0.2 -0.2 : 0.1756945955
0 6 : 0.2 0.2 : 0.6575847114
0 6 : 0.2 0.6 : 1.079065894
0 6 : 0.2 1.0 : 1.334879119
0 6 : 0.6 -1.0 : -0.3891874886
0 6 : 0.6 -0.6 : -0.110919526
0 6 : 0.6 -0.2 : 0.3362863731
0 6 : 0.6 0.2 : 0.8450131764
0 6 : 0.6 0.6 : 1.292219075
0 6 : 0.6 1.0 : 1.570487038
0 6 : 1.0 -1.0 : -0.8670164552
0 6 : 1.0 -0.6 : -0.5778990333
0 6 : 1.0 -0.2 : -0.1082383963
0 6 : 1.0 0.2 : 0.4270673242
0 6 : 1.0 0.6 : 0.8967279611
0 6 : 1.0 1.0 : 1.185845383
0 7 : -1.0 -1.0 : -0.4762399397
0 7 : -1.0 -0.6 : -0.6328449809
0 7 : -1.0 -0.2 : -0.3803918057
0 7 : -1.0 0.2 : 0.06520170102
0 7 : -1.0 0.6 : 0.3459008353
0 7 : -1.0 1.0 : 0.2413282962
0 7 : -0.6 -1.0 : -0.9472951248
0 7 : -0.6 -0.6 : -1.086782428
0 7 : -0.6 -0.2 : -0.8183680455
0 7 : -0.6 0.2 : -0.3604897868
0 7 : -0.6 0.6 : -0.07312184767
0 7 : -0.6 1.0 : -0.1776943868
0 7 : -0.2 -1.0 : -0.8056566647
0 7 : -0.2 -0.6 : -0.9291827607
0 7 : -0.2 -0.2 : -0.6484836264
0 7 : -0.2 0.2 : -0.1839365629
0 7 : -0.2 0.6 : 0.1034313762
0 7 : -0.2 1.0 : -0.007809967686
0 7 : 0.2 -1.0 : 0.007809967686
0 7 : 0.2 -0.6 : -0.1034313762
0 7 : 0.2 -0.2 : 0.1839365629
0 7 : 0.2 0.2 : 0.6484836264
0 7 : 0.2 0.6 : 0.9291827607
0 7 : 0.2 1.0 : 0.8056566647
0 7 : 0.6 -1.0 : 0.1776943868
0 7 : 0.6 -0.6 : 0.07312184767
0 7 : 0.6 -0.2 : 0.3604897868
0 7 : 0.6 0.2 : 0.8183680455
0 7 : 0.6 0.6 : 1.086782428
0 7 : 0.6 1.0 : 0.9472951248
0 7 : 1.0 -1.0 : -0.2413282962
0 7 : 1.0 -0.6 : -0.3459008353
0 7 : 1.0 -0.2 : -0.06520170102
0 7 : 1.0 0.2 : 0.3803918057
0 7 : 1.0 0.6 : 0.6328449809
0 7 : 1.0 1.0 : 0.4762399397
0 8 : -1.0 -1.0 : -0.5262210148
0 8 : -1.0 -0.6 : -0.4019987572
0 8 : -1.0 -0.2 : -0.2441874832
0 8 : -1.0 0.2 : -0.0746414447
0 8 : -1.0 0.6 : 0.08316982937
0 8 : -1.0 1.0 : 0.2073920869
0 8 : -0.6 -1.0 : -1.004355097
0 8 : -0.6 -0.6 : -0.8692123329
0 8 : -0.6 -0.2 : -0.6887992776
0 8 : -0.6 0.2 : -0.4925002718
0 8 : -0.6 0.6 : -0.3120872166
0 8 : -0.6 1.0 : -0.1769444527
0 8 : -0.2 -1.0 : -0.8923461422
0 8 : -0.2 -0.6 : -0.7346015971
0 8 : -0.2 -0.2 : -0.5282953692
0 8 : -0.2 0.2 : -0.3049839377
0 8 : -0.2 0.6 : -0.09867770978
0 8 : -0.2 1.0 : 0.05906683528
0 8 : 0.2 -1.0 : -0.1263817765
0 8 : 0.2 -0.6 : 0.05811573594
0 8 : 0.2 -0.2 : 0.2914343895
0 8 : 0.2 0.2 : 0.5418449174
0 8 : 0.2 0.6 : 0.775163571
0 8 : 0.2 1.0 : 0.9596610834
0 8 : 0.6 -1.0 : -0.01437282191
0 8 : 0.6 -0.6 : 0.1927264717
0 8 : 0.6 -0.2 : 0.451938298
0 8 : 0.6 0.2 : 0.7293612515
0 8 : 0.6 0.6 : 0.9885730778
0 8 : 0.6 1.0 : 1.195672371
0 8 : 1.0 -1.0 : -0.4925069039
0 8 : 1.0 -0.6 : -0.2744871039
0 8 : 1.0 -0.2 : 0.00732650348
0 8 : 1.0 0.2 : 0.3115024244
0 8 : 1.0 0.6 : 0.5933160318
0 8 : 1.0 1.0 : 0.8113358318
0 9 : -1.0 -1.0 : -1.258588347
0 9 : -1.0 -0.6 : -1.651007071
0 9 : -1.0 -0.2 : -0.8865647087
0 9 : -1.0 0.2 : 0.5677357808
0 9 : -1.0 0.6 : 1.332178143
0 9 : -1.0 1.0 : 0.9397594194
0 9 : -0.6 -1.0 : -1.654419606
0 9 : -0.6 -0.6 : -2.058485614
0 9 : -0.6 -0.2 : -1.309441206
0 9 : -0.6 0.2 : 0.1281416563
0 9 : -0.6 0.6 : 0.8771860642
0 9 : -0.6 1.0 : 0.4731200569
0 9 : -0.2 -1.0 : -1.433604581
0 9 : -0.2 -0.6 : -1.853068542
0 9 : -0.2 -0.2 : -1.124380556
0 9 : -0.2 0.2 : 0.2911012491
0 9 : -0.2 0.6 : 1.019789236
0 9 : -0.2 1.0 : 0.6003252736
0 9 : 0.2 -1.0 : -0.5495089815
0 9 : 0.2 -0.6 : -0.9856905709
0 9 : 0.2 -0.2 : -0.2791036414
0 9 : 0.2 0.2 : 1.112382948
0 9 : 0.2 0.6 : 1.818969878
0 9 : 0.2 1.0 : 1.382788288
0 9 : 0.6 -1.0 : -0.3286939556
0 9 : 0.6 -0.6 : -0.7802734997
0 9 : 0.6 -0.2 : -0.09404299168
0 9 : 0.6 0.2 : 1.275342541
0 9 : 0.6 0.6 : 1.961573049
0 9 : 0.6 1.0 : 1.509993505
0 9 : 1.0 -1.0 : -0.7245252147
0 9 : 1.0 -0.6 : -1.187752042
0 9 : 1.0 -0.2 : -0.5169194887
0 9 : 1.0 0.2 : 0.8357484166
0 9 : 1.0 0.6 : 1.50658097
0 9 : 1.0 1.0 : 1.043354143
0 10 : -1.0 -1.0 : -0.5666569173
0 10 : -1.0 -0.6 : -0.2982713479
0 10 : -1.0 -0.2 : -0.1809300858
0 10 : -1.0 0.2 : -0.1437342288
0 10 : -1.0 0.6 : -0.07168950418
0 10 : -1.0 1.0 : 0.1132543176
0 10 : -0.6 -1.0 : -0.9340352201
0 10 : -0.6 -0.6 : -0.6931004543
0 10 : -0.6 -0.2 : -0.6013553283
0 10 : -0.6 0.2 : -0.5838598727
0 10 : -0.6 0.6 : -0.5225095546
0 10 : -0.6 1.0 : -0.3375657328
0 10 : -0.2 -1.0 : -0.7081123929
0 10 : -0.2 -0.6 : -0.4927737632
0 10 : -0.2 -0.2 : -0.4207290386
0 10 : -0.2 0.2 : -0.4139279895
0 10 : -0.2 0.6 : -0.3525776714
0 10 : -0.2 1.0 : -0.1569394431
0 10 : 0.2 -1.0 : 0.1569394431
0 10 : 0.2 -0.6 : 0.3525776714
0 10 : 0.2 -0.2 : 0.4139279895
0 10 : 0.2 0.2 : 0.4207290386
0 10 : 0.2 0.6 : 0.4927737632
0 10 : 0.2 1.0 : 0.7081123929
0 10 : 0.6 -1.0 : 0.3375657328
0 10 : 0.6 -0.6 : 0.5225095546
0 10 : 0.6 -0.2 : 0.5838598727
0 10 : 0.6 0.2 : 0.6013553283
0 10 : 0.6 0.6 : 0.6931004543
0 10 : 0.6 1.0 : 0.9340352201
0 10 : 1.0 -1.0 : -0.1132543176
0 10 : 1.0 -0.6 : 0.07168950418
0 10 : 1.0 -0.2 : 0.1437342288
0 10 : 1.0 0.2 : 0.1809300858
0 10 : 1.0 0.6 : 0.2982713479
0 10 : 1.0 1.0 : 0.5666569173
0 11 : -1.0 -1.0 : -0.8168924732
0 11 : -1.0 -0.6 : -1.563494575
0 11 : -1.0 -0.2 : -1.002192419
0 11 : -1.0 0.2 : 0.6833634908
0 11 : -1.0 0.6 : 1.244665647
0 11 : -1.0 1.0 : 0.4980635453
0 11 : -0.6 -1.0 : -1.199608621
0 11 : -0.6 -0.6 : -1.957508542
0 11 : -0.6 -0.2 : -1.419589077
0 11 : -0.6 0.2 : 0.2382895278
0 11 : -0.6 0.6 : 0.7762089925
0 11 : -0.6 1.0 : 0.01830907204
0 11 : -0.2 -1.0 : -0.961455142
0 11 : -0.2 -0.6 : -1.742737754
0 11 : -0.2 -0.2 : -1.231606092
0 11 : -0.2 0.2 : 0.3983267854
0 11 : -0.2 0.6 : 0.9094584469
0 11 : -0.2 1.0 : 0.128175835
0 11 : 0.2 -1.0 : -0.05853510692
0 11 : 0.2 -0.6 : -0.8674950233
0 11 : 0.2 -0.2 : -0.3843090891
0 11 : 0.2 0.2 : 1.217588396
0 11 : 0.2 0.6 : 1.70077433
0 11 : 0.2 1.0 : 0.8918144138
0 11 : 0.6 -1.0 : 0.1796183726
0 11 : 0.6 -0.6 : -0.6527242352
0 11 : 0.6 -0.2 : -0.1963261042
0 11 : 0.6 0.2 : 1.377625654
0 11 : 0.6 0.6 : 1.834023785
0 11 : 0.6 1.0 : 1.001681177
0 11 : 1.0 -1.0 : -0.2030977757
0 11 : 1.0 -0.6 : -1.046738202
0 11 : 1.0 -0.2 : -0.6137227627
0 11 : 1.0 0.2 : 0.9325516906
0 11 : 1.0 0.6 : 1.36556713
0 11 : 1.0 1.0 : 0.5219267035
0 12 : -1.0 -1.0 : -0.6467981158
0 12 : -1.0 -0.6 : -0.8389897273
0 12 : -1.0 -0.2 : -0.1921174337
0 12 : -1.0 0.2 : -0.1267114942
0 12 : -1.0 0.6 : 0.5201607994
0 12 : -1.0 1.0 : 0.3279691879
0 12 : -0.6 -1.0 : -1.113081848
0 12 : -0.6 -0.6 : -1.293743172
0 12 : -0.6 -0.2 : -0.6316275949
0 12 : -0.6 0.2 : -0.5496719545
0 12 : -0.6 0.6 : 0.1124436228
0 12 : -0.6 1.0 : -0.06821770105
0 12 : -0.2 -1.0 : -0.9854064815
0 12 : -0.2 -0.6 : -1.150824522
0 12 : -0.2 -0.2 : -0.4685570007
0 12 : -0.2 0.2 : -0.3647223062
0 12 : -0.2 0.6 : 0.3175452146
0 12 : -0.2 1.0 : 0.1521271746
0 12 : 0.2 -1.0 : -0.2024330225
0 12 : 0.2 -0.6 : -0.3513013618
0 12 : 0.2 -0.2 : 0.3528452132
0 12 : 0.2 0.2 : 0.4804340937
0 12 : 0.2 0.6 : 1.184580669
0 12 : 0.2 1.0 : 1.035712329
0 12 : 0.6 -1.0 : -0.07475765561
0 12 : 0.6 -0.6 : -0.208382711
0 12 : 0.6 -0.2 : 0.5159158073
0 12 : 0.6 0.2 : 0.6653837421
0 12 : 0.6 0.6 : 1.38968226
0 12 : 0.6 1.0 : 1.256057205
0 12 : 1.0 -1.0 : -0.5410413882
0 12 : 1.0 -0.6 : -0.663136156
0 12 : 1.0 -0.2 : 0.07640564618
0 12 : 1.0 0.2 : 0.2424232817
0 12 : 1.0 0.6 : 0.9819650839
0 12 : 1.0 1.0 : 0.8598703161
0 13 : -1.0 -1.0 : -1.003306264
0 13 : -1.0 -0.6 : -0.4096903204
0 13 : -1.0 -0.2 : -0.1699297959
0 13 : -1.0 0.2 : -0.1478968743
0 13 : -1.0 0.6 : 0.09964356343
0 13 : -1.0 1.0 : 0.7075910557
0 13 : -0.6 -1.0 : -1.441707349
0 13 : -0.6 -0.6 : -0.8436483023
0 13 : -0.6 -0.2 : -0.6014758291
0 13 : -0.6 0.2 : -0.5794429076
0 13 : -0.6 0.6 : -0.3343144184
0 13 : -0.6 1.0 : 0.2691899704
0 13 : -0.2 -1.0 : -1.271587184
0 13 : -0.2 -0.6 : -0.671116189
0 13 : -0.2 -0.2 : -0.4276343843
0 13 : -0.2 0.2 : -0.4056014627
0 13 : -0.2 0.6 : -0.1617823052
0 13 : -0.2 1.0 : 0.439310135
0 13 : 0.2 -1.0 : -0.4383078773
0 13 : 0.2 -0.6 : 0.1621631179
0 13 : 0.2 -0.2 : 0.4056449226
0 13 : 0.2 0.2 : 0.4276778442
0 13 : 0.2 0.6 : 0.6714970017
0 13 : 0.2 1.0 : 1.272589442
0 13 : 0.6 -1.0 : -0.2604077995
0 13 : 0.6 -0.6 : 0.3376512471
0 13 : 0.6 -0.2 : 0.5798237203
0 13 : 0.6 0.2 : 0.6018566418
0 13 : 0.6 0.6 : 0.846985131
0 13 : 0.6 1.0 : 1.45048952
0 13 : 1.0 -1.0 : -0.6844773357
0 13 : 1.0 -0.6 : -0.09086139256
0 13 : 1.0 -0.2 : 0.148899132
0 13 : 1.0 0.2 : 0.1709320535
0 13 : 1.0 0.6 : 0.4184724913
0 13 : 1.0 1.0 : 1.026419984
0 14 : -1.0 -1.0 : -0.7301727025
0 14 : -1.0 -0.6 : -1.856686459
0 14 : -1.0 -0.2 : -1.268897632
0 14 : -1.0 0.2 : 0.9500217905
0 14 : -1.0 0.6 : 1.53744646
0 14 : -1.0 1.0 : 0.4102618805
0 14 : -0.6 -1.0 : -1.16089464
0 14 : -0.6 -0.6 : -2.287629085
0 14 : -0.6 -0.2 : -1.700046036
0 14 : -0.6 0.2 : 0.5187150067
0 14 : -0.6 0.6 : 1.106053699
0 14 : -0.6 1.0 : -0.02113088016
0 14 : -0.2 -1.0 : -0.9864671708
0 14 : -0.2 -0.6 : -2.113407394
0 14 : -0.2 -0.2 : -1.525982724
0 14 : -0.2 0.2 : 0.6926923413
0 14 : -0.2 0.6 : 1.280031034
0 14 : -0.2 1.0 : 0.1529324312
0 14 : 0.2 -1.0 : -0.1529324312
0 14 : 0.2 -0.6 : -1.280031034
0 14 : 0.2 -0.2 : -0.6926923413
0 14 : 0.2 0.2 : 1.525982724
0 14 : 0.2 0.6 : 2.113407394
0 14 : 0.2 1.0 : 0.9864671708
0 14 : 0.6 -1.0 : 0.02113088016
0 14 : 0.6 -0.6 : -1.106053699
0 14 : 0.6 -0.2 : -0.5187150067
0 14 : 0.6 0.2 : 1.700046036
0 14 : 0.6 0.6 : 2.287629085
0 14 : 0.6 1.0 : 1.16089464
0 14 : 1.0 -1.0 : -0.4102618805
0 14 : 1.0 -0.6 : -1.53744646
0 14 : 1.0 -0.2 : -0.9500217905
0 14 : 1.0 0.2 : 1.268897632
0 14 : 1.0 0.6 : 1.856686459
0 14 : 1.0 1.0 : 0.7301727025
0 15 : -1.0 -1.0 : -0.4863569592
0 15 : -1.0 -0.6 : -0.2808059529
0 15 : -1.0 -0.2 : -0.1845704015
0 15 : -1.0 0.2 : -0.1342585264
0 15 : -1.0 0.6 : -0.03802297496
0 15 : -1.0 1.0 : 0.1675280313
0 15 : -0.6 -1.0 : -0.8856222687
0 15 : -0.6 -0.6 : -0.6905888061
0 15 : -0.6 -0.2 : -0.6082576698
0 15 : -0.6 0.2 : -0.5730418797
0 15 : -0.6 0.6 : -0.4907107433
0 15 : -0.6 1.0 : -0.2956772807
0 15 : -0.2 -1.0 : -0.6693471301
0 15 : -0.2 -0.6 : -0.4882180826
0 15 : -0.2 -0.2 : -0.4242688768
0 15 : -0.2 0.2 : -0.4090104301
0 15 : -0.2 0.6 : -0.3450612244
0 15 : -0.2 1.0 : -0.1639321769
0 15 : 0.2 -1.0 : 0.2098194934
0 15 : 0.2 -0.6 : 0.3758524559
0 15 : 0.2 -0.2 : 0.4198443182
0 15 : 0.2 0.2 : 0.4134349887
0 15 : 0.2 0.6 : 0.457426851
0 15 : 0.2 1.0 : 0.6234598135
0 15 : 0.6 -1.0 : 0.426094632
0 15 : 0.6 -0.6 : 0.5782231794
0 15 : 0.6 -0.2 : 0.6038331112
0 15 : 0.6 0.2 : 0.5774664383
0 15 : 0.6 0.6 : 0.60307637
0 15 : 0.6 1.0 : 0.7552049174
0 15 : 1.0 -1.0 : 0.02682932253
0 15 : 1.0 -0.6 : 0.1684403262
0 15 : 1.0 -0.2 : 0.1801458429
0 15 : 1.0 0.2 : 0.138683085
0 15 : 1.0 0.6 : 0.1503886017
0 15 : 1.0 1.0 : 0.2919996054
0 16 : -1.0 -1.0 : -1.087417018
0 16 : -1.0 -0.6 : -0.4810870396
0 16 : -1.0 -0.2 : -0.1750258602
0 16 : -1.0 0.2 : -0.1461804448
0 16 : -1.0 0.6 : 0.1414266102
0 16 : -1.0 1.0 : 0.7137618405
0 16 : -0.6 -1.0 : -1.509633914
0 16 : -0.6 -0.6 : -0.9088957595
0 16 : -0.6 -0.2 : -0.6058701143
0 16 : -0.6 0.2 : -0.5770246989
0 16 : -0.6 0.6 : -0.2863821097
0 16 : -0.6 1.0 : 0.2915449447
0 16 : -0.2 -1.0 : -1.323701257
0 16 : -0.2 -0.6 : -0.7303556127
0 16 : -0.2 -0.2 : -0.4313430077
0 16 : -0.2 0.2 : -0.4024975923
0 16 : -0.2 0.6 : -0.1078419629
0 16 : -0.2 1.0 : 0.4774776012
0 16 : 0.2 -1.0 : -0.4774776012
0 16 : 0.2 -0.6 : 0.1078419629
0 16 : 0.2 -0.2 : 0.4024975923
0 16 : 0.2 0.2 : 0.4313430077
0 16 : 0.2 0.6 : 0.7303556127
0 16 : 0.2 1.0 : 1.323701257
0 16 : 0.6 -1.0 : -0.2915449447
0 16 : 0.6 -0.6 : 0.2863821097
0 16 : 0.6 -0.2 : 0.5770246989
0 16 : 0.6 0.2 : 0.6058701143
0 16 : 0.6 0.6 : 0.9088957595
0 16 : 0.6 1.0 : 1.509633914
0 16 : 1.0 -1.0 : -0.7137618405
0 16 : 1.0 -0.6 : -0.1414266102
0 16 : 1.0 -0.2 : 0.1461804448
0 16 : 1.0 0.2 : 0.1750258602
0 16 : 1.0 0.6 : 0.4810870396
0 16 : 1.0 1.0 : 1.087417018
0 17 : -1.0 -1.0 : -0.6562752326
0 17 : -1.0 -0.6 : -0.3068452812
0 17 : -1.0 -0.2 : -0.172254986
0 17 : -1.0 0.2 : -0.1490642011
0 17 : -1.0 0.6 : -0.03380426513
0 17 : -1.0 1.0 : 0.2800168066
0 17 : -0.6 -1.0 : -1.060259478
0 17 : -0.6 -0.6 : -0.7225441946
0 17 : -0.6 -0.2 : -0.5988770854
0 17 : -0.6 0.2 : -0.5840934737
0 17 : -0.6 0.6 : -0.4733973903
0 17 : -0.6 1.0 : -0.1595763186
0 17 : -0.2 -1.0 : -0.8640955387
0 17 : -0.2 -0.6 : -0.5373034412
0 17 : -0.2 -0.2 : -0.4220435052
0 17 : -0.2 0.2 : -0.4118237461
0 17 : -0.2 0.6 : -0.3011276627
0 17 : -0.2 1.0 : 0.01725726161
0 17 : 0.2 -1.0 : -0.01725726161
0 17 : 0.2 -0.6 : 0.3011276627
0 17 : 0.2 -0.2 : 0.4118237461
0 17 : 0.2 0.2 : 0.4220435052
0 17 : 0.2 0.6 : 0.5373034412
0 17 : 0.2 1.0 : 0.8640955387
0 17 : 0.6 -1.0 : 0.1595763186
0 17 : 0.6 -0.6 : 0.4733973903
0 17 : 0.6 -0.2 : 0.5840934737
0 17 : 0.6 0.2 : 0.5988770854
0 17 : 0.6 0.6 : 0.7225441946
0 17 : 0.6 1.0 : 1.060259478
0 17 : 1.0 -1.0 : -0.2800168066
0 17 : 1.0 -0.6 : 0.03380426513
0 17 : 1.0 -0.2 : 0.1490642011
0 17 : 1.0 0.2 : 0.172254986
0 17 : 1.0 0.6 : 0.3068452812
0 17 : 1.0 1.0 : 0.6562752326
0 18 : -1.0 -1.0 : -0.9438449934
0 18 : -1.0 -0.6 : -0.4918813215
0 18 : -1.0 -0.2 : -0.1689037298
0 18 : -1.0 0.2 : -0.1470395074
0 18 : -1.0 0.6 : 0.1983379359
0 18 : -1.0 1.0 : 0.6915648669
0 18 : -0.6 -1.0 : -1.406658601
0 18 : -0.6 -0.6 : -0.941120074
0 18 : -0.6 -0.2 : -0.6054847897
0 18 : -0.6 0.2 : -0.5738784084
0 18 : -0.6 0.6 : -0.2232124125
0 18 : -0.6 1.0 : 0.2700145185
0 18 : -0.2 -1.0 : -1.258320131
0 18 : -0.2 -0.6 : -0.7801239113
0 18 : -0.2 -0.2 : -0.434746468
0 18 : -0.2 0.2 : -0.3978515341
0 18 : -0.2 0.6 : -0.0471855383
0 18 : -0.2 1.0 : 0.4407528402
0 18 : 0.2 -1.0 : -0.4407528402
0 18 : 0.2 -0.6 : 0.0471855383
0 18 : 0.2 -0.2 : 0.3978515341
0 18 : 0.2 0.2 : 0.434746468
0 18 : 0.2 0.6 : 0.7801239113
0 18 : 0.2 1.0 : 1.258320131
0 18 : 0.6 -1.0 : -0.2700145185
0 18 : 0.6 -0.6 : 0.2232124125
0 18 : 0.6 -0.2 : 0.5738784084
0 18 : 0.6 0.2 : 0.6054847897
0 18 : 0.6 0.6 : 0.941120074
0 18 : 0.6 1.0 : 1.406658601
0 18 : 1.0 -1.0 : -0.6915648669
0 18 : 1.0 -0.6 : -0.1983379359
0 18 : 1.0 -0.2 : 0.1470395074
0 18 : 1.0 0.2 : 0.1689037298
0 18 : 1.0 0.6 : 0.4918813215
0 18 : 1.0 1.0 : 0.9438449934
0 19 : -1.0 -1.0 : -0.504026893
0 19 : -1.0 -0.6 : -0.9221027785
0 19 : -1.0 -0.2 : -0.6094102396
0 19 : -1.0 0.2 : 0.2905813118
0 19 : -1.0 0.6 : 0.6032738507
0 19 : -1.0 1.0 : 0.1851979651
0 19 : -0.6 -1.0 : -0.9307854903
0 19 : -0.6 -0.6 : -1.349903791
0 19 : -0.6 -0.2 : -1.039368701
0 19 : -0.6 0.2 : -0.1419308488
0 19 : -0.6 0.6 : 0.1686042413
0 19 : -0.6 1.0 : -0.2505140591
0 19 : -0.2 -1.0 : -0.7508570593
0 19 : -0.2 -0.6 : -1.172132809
0 19 : -0.2 -0.2 : -0.8640693464
0 19 : -0.2 0.2 : 0.03079003946
0 19 : -0.2 0.6 : 0.3388535016
0 19 : -0.2 1.0 : -0.08242224763
0 19 : 0.2 -1.0 : 0.08884778278
0 19 : 0.2 -0.6 : -0.3349816659
0 19 : 0.2 -0.2 : -0.02949666986
0 19 : 0.2 0.2 : 0.8627759768
0 19 : 0.2 0.6 : 1.168260973
0 19 : 0.2 1.0 : 0.7444315241
0 19 : 0.6 -1.0 : 0.2687762138
0 19 : 0.6 -0.6 : -0.1572106837
0 19 : 0.6 -0.2 : 0.1458026844
0 19 : 0.6 0.2 : 1.035496865
0 19 : 0.6 0.6 : 1.338510233
0 19 : 0.6 1.0 : 0.9125233356
0 19 : 1.0 -1.0 : -0.1579823835
0 19 : 1.0 -0.6 : -0.5850116959
0 19 : 1.0 -0.2 : -0.2841557766
0 19 : 1.0 0.2 : 0.6029847045
0 19 : 1.0 0.6 : 0.9038406238
0 19 : 1.0 1.0 : 0.4768113114
0 20 : -1.0 -1.0 : 0.3616330514
0 20 : -1.0 -0.6 : 0.03774025509
0 20 : -1.0 -0.2 : -0.1369602634
0 20 : -1.0 0.2 : -0.1369602634
0 20 : -1.0 0.6 : 0.03774025509
0 20 : -1.0 1.0 : 0.3616330514
0 20 : -0.6 -1.0 : -0.06921450273
0 20 : -0.6 -0.6 : -0.3933477256
0 20 : -0.6 -0.2 : -0.5681787603
0 20 : -0.6 0.2 : -0.5681787603
0 20 : -0.6 0.6 : -0.3933477256
0 20 : -0.6 1.0 : -0.06921450273
0 20 : -0.2 -1.0 : 0.1053082411
0 20 : -0.2 -0.6 : -0.2191428309
0 20 : -0.2 -0.2 : -0.3941464107
0 20 : -0.2 0.2 : -0.3941464107
0 20 : -0.2 0.6 : -0.2191428309
0 20 : -0.2 1.0 : 0.1053082411
0 20 : 0.2 -1.0 : 0.9391441045
0 20 : 0.2 -0.6 : 0.6143479424
0 20 : 0.2 -0.2 : 0.4391570296
0 20 : 0.2 0.2 : 0.4391570296
0 20 : 0.2 0.6 : 0.6143479424
0 20 : 0.2 1.0 : 0.9391441045
0 20 : 0.6 -1.0 : 1.113666848
0 20 : 0.6 -0.6 : 0.788552837
0 20 : 0.6 -0.2 : 0.6131893793
0 20 : 0.6 0.2 : 0.6131893793
0 20 : 0.6 0.6 : 0.788552837
0 20 : 0.6 1.0 : 1.113666848
0 20 : 1.0 -1.0 : 0.6828192942
0 20 : 1.0 -0.6 : 0.3574648563
0 20 : 1.0 -0.2 : 0.1819708824
0 20 : 1.0 0.2 : 0.1819708824
0 20 : 1.0 0.6 : 0.3574648563
0 20 : 1.0 1.0 : 0.6828192942
0 21 : -1.0 -1.0 : -1.170952543
0 21 : -1.0 -0.6 : -0.8122469277
0 21 : -1.0 -0.2 : -0.3831026566
0 21 : -1.0 0.2 : 0.0603099282
0 21 : -1.0 0.6 : 0.4586856408
0 21 : -1.0 1.0 : 0.7607118182
0 21 : -0.6 -1.0 : -1.587151452
0 21 : -0.6 -0.6 : -1.237769084
0 21 : -0.6 -0.2 : -0.8136859585
0 21 : -0.6 0.2 : -0.3702733738
0 21 : -0.6 0.6 : 0.03316348438
0 21 : -0.6 1.0 : 0.3445129092
0 21 : -0.2 -1.0 : -1.39326289
0 21 : -0.2 -0.6 : -1.056206052
0 21 : -0.2 -0.2 : -0.6388138678
0 21 : -0.2 0.2 : -0.1954012831
0 21 : -0.2 0.6 : 0.2147265164
0 21 : -0.2 1.0 : 0.5384014715
0 21 : 0.2 -1.0 : -0.5384014715
0 21 : 0.2 -0.6 : -0.2147265164
0 21 : 0.2 -0.2 : 0.1954012831
0 21 : 0.2 0.2 : 0.6388138678
0 21 : 0.2 0.6 : 1.056206052
0 21 : 0.2 1.0 : 1.39326289
0 21 : 0.6 -1.0 : -0.3445129092
0 21 : 0.6 -0.6 : -0.03316348438
0 21 : 0.6 -0.2 : 0.3702733738
0 21 : 0.6 0.2 : 0.8136859585
0 21 : 0.6 0.6 : 1.237769084
0 21 : 0.6 1.0 : 1.587151452
0 21 : 1.0 -1.0 : -0.7607118182
0 21 : 1.0 -0.6 : -0.4586856408
0 21 : 1.0 -0.2 : -0.0603099282
0 21 : 1.0 0.2 : 0.3831026566
0 21 : 1.0 0.6 : 0.8122469277
0 21 : 1.0 1.0 : 1.170952543
0 22 : -1.0 -1.0 : -0.8254241049
0 22 : -1.0 -0.6 : -0.4215173478
0 22 : -1.0 -0.2 : -0.1706790163
0 22 : -1.0 0.2 : -0.1425770201
0 22 : -1.0 0.6 : 0.1515202587
0 22 : -1.0 1.0 : 0.6351152739
0 22 : -0.6 -1.0 : -1.277799792
0 22 : -0.6 -0.6 : -0.860785048
0 22 : -0.6 -0.2 : -0.6028310166
0 22 : -0.6 0.2 : -0.5747290204
0 22 : -0.6 0.6 : -0.2877474415
0 22 : -0.6 1.0 : 0.1827395865
0 22 : -0.2 -1.0 : -1.131737696
0 22 : -0.2 -0.6 : -0.6973939153
0 22 : -0.2 -0.2 : -0.4300327783
0 22 : -0.2 0.2 : -0.401930782
0 22 : -0.2 0.6 : -0.1243563088
0 22 : -0.2 1.0 : 0.3288016831
0 22 : 0.2 -1.0 : -0.3288016831
0 22 : 0.2 -0.6 : 0.1243563088
0 22 : 0.2 -0.2 : 0.401930782
0 22 : 0.2 0.2 : 0.4300327783
0 22 : 0.2 0.6 : 0.6973939153
0 22 : 0.2 1.0 : 1.131737696
0 22 : 0.6 -1.0 : -0.1827395865
0 22 : 0.6 -0.6 : 0.2877474415
0 22 : 0.6 -0.2 : 0.5747290204
0 22 : 0.6 0.2 : 0.6028310166
0 22 : 0.6 0.6 : 0.860785048
0 22 : 0.6 1.0 : 1.277799792
0 22 : 1.0 -1.0 : -0.6351152739
0 22 : 1.0 -0.6 : -0.1515202587
0 22 : 1.0 -0.2 : 0.1425770201
0 22 : 1.0 0.2 : 0.1706790163
0 22 : 1.0 0.6 : 0.4215173478
0 22 : 1.0 1.0 : 0.8254241049
0 23 : -1.0 -1.0 : -0.9027866146
0 23 : -1.0 -0.6 : -0.646618436
0 23 : -1.0 -0.2 : -0.3289487161
0 23 : -1.0 0.2 : 0.01011978823
0 23 : -1.0 0.6 : 0.3277895081
0 23 : -1.0 1.0 : 0.5839576867
0 23 : -0.6 -1.0 : -1.342915409
0 23 : -0.6 -0.6 : -1.084676359
0 23 : -0.6 -0.2 : -0.7627206295
0 23 : -0.6 0.2 : -0.41857892
0 23 : -0.6 0.6 : -0.0966231905
0 23 : -0.6 1.0 : 0.16161586
0 23 : -0.2 -1.0 : -1.180662662
0 23 : -0.2 -0.6 : -0.918137602
0 23 : -0.2 -0.2 : -0.5912717115
0 23 : -0.2 0.2 : -0.2420075954
0 23 : -0.2 0.6 : 0.08485829513
0 23 : -0.2 1.0 : 0.3473833552
0 23 : 0.2 -1.0 : -0.3601483881
0 23 : 0.2 -0.6 : -0.09255012285
0 23 : 0.2 -0.2 : 0.2394381743
0 23 : 0.2 0.2 : 0.5938411326
0 23 : 0.2 0.6 : 0.9258294298
0 23 : 0.2 1.0 : 1.193427695
0 23 : 0.6 -1.0 : -0.1978956407
0 23 : 0.6 -0.6 : 0.07398863405
0 23 : 0.6 -0.2 : 0.4108870922
0 23 : 0.6 0.2 : 0.7704124572
0 23 : 0.6 0.6 : 1.107310915
0 23 : 0.6 1.0 : 1.37919519
0 23 : 1.0 -1.0 : -0.6380244356
0 23 : 1.0 -0.6 : -0.3640692889
0 23 : 1.0 -0.2 : -0.02288482114
0 23 : 1.0 0.2 : 0.341713749
0 23 : 1.0 0.6 : 0.6828982168
0 23 : 1.0 1.0 : 0.9568533635
0 24 : -1.0 -1.0 : 0.06351507473
0 24 : -1.0 -0.6 : -0.1035402319
0 24 : -1.0 -0.2 : -0.1671736302
0 24 : -1.0 0.2 : -0.1258813016
0 24 : -1.0 0.6 : 0.01381760306
0 24 : -1.0 1.0 : 0.2384101944
0 24 : -0.6 -1.0 : -0.3389515937
0 24 : -0.6 -0.6 : -0.5154712557
0 24 : -0.6 -0.2 : -0.5916167318
0 24 : -0.6 0.2 : -0.5639088215
0 24 : -0.6 0.6 : -0.4367219947
0 24 : -0.6 1.0 : -0.2215937587
0 24 : -0.2 -1.0 : -0.1269087192
0 24 : -0.2 -0.6 : -0.3159404591
0 24 : -0.2 -0.2 : -0.4086271665
0 24 : -0.2 0.2 : -0.3988781443
0 24 : -0.2 0.6 : -0.2882325488
0 24 : -0.2 1.0 : -0.08561639068
0 24 : 0.2 -1.0 : 0.7476629162
0 24 : 0.2 -0.6 : 0.5450467581
0 24 : 0.2 -0.2 : 0.4344011626
0 24 : 0.2 0.2 : 0.4246521404
0 24 : 0.2 0.6 : 0.5173388479
0 24 : 0.2 1.0 : 0.7063705877
0 24 : 0.6 -1.0 : 0.9597057907
0 24 : 0.6 -0.6 : 0.7445775547
0 24 : 0.6 -0.2 : 0.6173907279
0 24 : 0.6 0.2 : 0.5896828176
0 24 : 0.6 0.6 : 0.6658282938
0 24 : 0.6 1.0 : 0.8423479557
0 24 : 1.0 -1.0 : 0.5572391223
0 24 : 1.0 -0.6 : 0.3326465309
0 24 : 1.0 -0.2 : 0.1929476263
0 24 : 1.0 0.2 : 0.1516552977
0 24 : 1.0 0.6 : 0.215288696
0 24 : 1.0 1.0 : 0.3823440026
1 2 : -1.0 -1.0 : -1.732447423
1 2 : -1.0 -0.6 : -1.423489754
1 2 : -1.0 -0.2 : -1.038267251
1 2 : -1.0 0.2 : -0.9928446945
1 2 : -1.0 0.6 : -0.6403527583
1 2 : -1.0 1.0 : -0.3916887869
1 2 : -0.6 -1.0 : -1.06689064
1 2 : -0.6 -0.6 : -0.7678507315
1 2 : -0.6 -0.2 : -0.3880121062
1 2 : -0.6 0.2 : -0.3425895501
1 2 : -0.6 0.6 : 0.01528626409
1 2 : -0.6 1.0 : 0.2738679954
1 2 : -0.2 -1.0 : -0.6990128633
1 2 : -0.2 -0.6 : -0.4130844429
1 2 : -0.2 -0.2 : -0.04036341796
1 2 : -0.2 0.2 : 0.00505913813
1 2 : -0.2 0.6 : 0.3700525527
1 2 : -0.2 1.0 : 0.6417457723
1 2 : 0.2 -1.0 : -0.6417457723
1 2 : 0.2 -0.6 : -0.3700525527
1 2 : 0.2 -0.2 : -0.00505913813
1 2 : 0.2 0.2 : 0.04036341796
1 2 : 0.2 0.6 : 0.4130844429
1 2 : 0.2 1.0 : 0.6990128633
1 2 : 0.6 -1.0 : -0.2738679954
1 2 : 0.6 -0.6 : -0.01528626409
1 2 : 0.6 -0.2 : 0.3425895501
1 2 : 0.6 0.2 : 0.3880121062
1 2 : 0.6 0.6 : 0.7678507315
1 2 : 0.6 1.0 : 1.06689064
1 2 : 1.0 -1.0 : 0.3916887869
1 2 : 1.0 -0.6 : 0.6403527583
1 2 : 1.0 -0.2 : 0.9928446945
1 2 : 1.0 0.2 : 1.038267251
1 2 : 1.0 0.6 : 1.423489754
1 2 : 1.0 1.0 : 1.732447423
1 3 : -1.0 -1.0 : -0.2181114577
1 3 : -1.0 -0.6 : -0.7070291745
1 3 : -1.0 -0.2 : -0.9786990135
1 3 : -1.0 0.2 : -0.9771777906
1 3 : -1.0 0.6 : -0.7027056734
1 3 : -1.0 1.0 : -0.2116682641
1 3 : -0.6 -1.0 : 0.4325099477
1 3 : -0.6 -0.6 : -0.05675643908
1 3 : -0.6 -0.2 : -0.3288872271
1 3 : -0.6 0.2 : -0.3278664586
1 3 : -0.6 0.6 : -0.05385529047
1 3 : -0.6 1.0 : 0.4368334488
1 3 : -0.2 -1.0 : 0.7806428406
1 3 : -0.2 -0.6 : 0.2909155048
1 3 : -0.2 -0.2 : 0.01817533244
1 3 : -0.2 0.2 : 0.01853448962
1 3 : -0.2 0.6 : 0.2919362733
1 3 : -0.2 1.0 : 0.7821640636
1 3 : 0.2 -1.0 : 0.8164728237
1 3 : 0.2 -0.6 : 0.3262450335
1 3 : 0.2 -0.2 : 0.05284324977
1 3 : 0.2 0.2 : 0.0524840926
1 3 : 0.2 0.6 : 0.325224265
1 3 : 0.2 1.0 : 0.8149516008
1 3 : 0.6 -1.0 : 1.164605717
1 3 : 0.6 -0.6 : 0.6739169774
1 3 : 0.6 -0.2 : 0.3999058093
1 3 : 0.6 0.2 : 0.3988850408
1 3 : 0.6 0.6 : 0.6710158288
1 3 : 0.6 1.0 : 1.160282216
1 3 : 1.0 -1.0 : 1.815227122
1 3 : 1.0 -0.6 : 1.324189713
1 3 : 1.0 -0.2 : 1.049717596
1 3 : 1.0 0.2 : 1.048196373
1 3 : 1.0 0.6 : 1.319866212
1 3 : 1.0 1.0 : 1.808783929
1 4 : -1.0 -1.0 : 0.07330750735
1 4 : -1.0 -0.6 : -0.5524075554
1 4 : -1.0 -0.2 : -0.9579618818
1 4 : -1.0 0.2 : -0.9579618818
1 4 : -1.0 0.6 : -0.5524075554
1 4 : -1.0 1.0 : 0.07330750735
1 4 : -0.6 -1.0 : 0.7482369944
1 4 : -0.6 -0.6 : 0.1067926719
1 4 : -0.6 -0.2 : -0.3073003179
1 4 : -0.6 0.2 : -0.3073003179
1 4 : -0.6 0.6 : 0.1067926719
1 4 : -0.6 1.0 : 0.7482369944
1 4 : -0.2 -1.0 : 1.128505685
1 4 : -0.2 -0.6 : 0.4662669488
1 4 : -0.2 -0.2 : 0.04088566537
1 4 : -0.2 0.2 : 0.04088566537
1 4 : -0.2 0.6 : 0.4662669488
1 4 : -0.2 1.0 : 1.128505685
1 4 : 0.2 -1.0 : 1.199225646
1 4 : 0.2 -0.6 : 0.5144103226
1 4 : 0.2 -0.2 : 0.07677328887
1 4 : 0.2 0.2 : 0.07677328887
1 4 : 0.2 0.6 : 0.5144103226
1 4 : 0.2 1.0 : 1.199225646
1 4 : 0.6 -1.0 : 1.579494337
1 4 : 0.6 -0.6 : 0.8738845995
1 4 : 0.6 -0.2 : 0.4249592722
1 4 : 0.6 0.2 : 0.4249592722
1 4 : 0.6 0.6 : 0.8738845995
1 4 : 0.6 1.0 : 1.579494337
1 4 : 1.0 -1.0 : 2.254423824
1 4 : 1.0 -0.6 : 1.533084827
1 4 : 1.0 -0.2 : 1.075620836
1 4 : 1.0 0.2 : 1.075620836
1 4 : 1.0 0.6 : 1.533084827
1 4 : 1.0 1.0 : 2.254423824
1 5 : -1.0 -1.0 : -1.860414824
1 5 : -1.0 -0.6 : -1.605013974
1 5 : -1.0 -0.2 : -1.225476904
1 5 : -1.0 0.2 : -0.8014184818
1 5 : -1.0 0.6 : -0.4218814123
1 5 : -1.0 1.0 : -0.1664805624
1 5 : -0.6 -1.0 : -1.175050927
1 5 : -0.6 -0.6 : -0.9279867491
1 5 : -0.6 -0.2 : -0.5657037903
1 5 : -0.6 0.2 : -0.1620684776
1 5 : -0.6 0.6 : 0.2002144812
1 5 : -0.6 1.0 : 0.4472786595
1 5 : -0.2 -1.0 : -0.7809877271
1 5 : -0.2 -0.6 : -0.5511776595
1 5 : -0.2 -0.2 : -0.2086614468
1 5 : -0.2 0.2 : 0.1743526866
1 5 : -0.2 0.6 : 0.5168688993
1 5 : -0.2 1.0 : 0.746678967
1 5 : 0.2 -1.0 : -0.695291006
1 5 : 0.2 -0.6 : -0.4859040483
1 5 : 0.2 -0.2 : -0.1640090148
1 5 : 0.2 0.2 : 0.198317775
1 5 : 0.2 0.6 : 0.5202128084
1 5 : 0.2 1.0 : 0.7295997661
1 5 : 0.6 -1.0 : -0.3012278057
1 5 : 0.6 -0.6 : -0.1090949587
1 5 : 0.6 -0.2 : 0.1930333287
1 5 : 0.6 0.2 : 0.5347389392
1 5 : 0.6 0.6 : 0.8368672266
1 5 : 0.6 1.0 : 1.029000074
1 5 : 1.0 -1.0 : 0.3841360907
1 5 : 1.0 -0.6 : 0.5679322662
1 5 : 1.0 -0.2 : 0.8528064428
1 5 : 1.0 0.2 : 1.174088943
1 5 : 1.0 0.6 : 1.45896312
1 5 : 1.0 1.0 : 1.642759296
1 6 : -1.0 -1.0 : -1.75213054
1 6 : -1.0 -0.6 : -1.578941776
1 6 : -1.0 -0.2 : -1.227244991
1 6 : -1.0 0.2 : -0.7933144181
1 6 : -1.0 0.6 : -0.3924353175
1 6 : -1.0 1.0 : -0.1286467284
1 6 : -0.6 -1.0 : -1.171903983
1 6 : -0.6 -0.6 : -0.9689095391
1 6 : -0.6 -0.2 : -0.5894208452
1 6 : -0.6 0.2 : -0.1340998656
1 6 : -0.6 0.6 : 0.2783910647
1 6 : -0.6 1.0 : 0.5421796537
1 6 : -0.2 -1.0 : -0.8815382833
1 6 : -0.2 -0.6 : -0.6507519306
1 6 : -0.2 -0.2 : -0.24987283
1 6 : -0.2 0.2 : 0.2170599793
1 6 : -0.2 0.6 : 0.6295509096
1 6 : -0.2 1.0 : 0.881727669
1 6 : 0.2 -1.0 : -0.881727669
1 6 : 0.2 -0.6 : -0.6295509096
1 6 : 0.2 -0.2 : -0.2170599793
1 6 : 0.2 0.2 : 0.24987283
1 6 : 0.2 0.6 : 0.6507519306
1 6 : 0.2 1.0 : 0.8815382833
1 6 : 0.6 -1.0 : -0.5421796537
1 6 : 0.6 -0.6 : -0.2783910647
1 6 : 0.6 -0.2 : 0.1340998656
1 6 : 0.6 0.2 : 0.5894208452
1 6 : 0.6 0.6 : 0.9689095391
1 6 : 0.6 1.0 : 1.171903983
1 6 : 1.0 -1.0 : 0.1286467284
1 6 : 1.0 -0.6 : 0.3924353175
1 6 : 1.0 -0.2 : 0.7933144181
1 6 : 1.0 0.2 : 1.227244991
1 6 : 1.0 0.6 : 1.578941776
1 6 : 1.0 1.0 : 1.75213054
1 7 : -1.0 -1.0 : -1.388251342
1 7 : -1.0 -0.6 : -1.521119928
1 7 : -1.0 -0.2 : -1.245026011
1 7 : -1.0 0.2 : -0.7796198302
1 7 : -1.0 0.6 : -0.4860640741
1 7 : -1.0 1.0 : -0.586765822
1 7 : -0.6 -1.0 : -0.7547732021
1 7 : -0.6 -0.6 : -0.8776693427
1 7 : -0.6 -0.2 : -0.5961618618
1 7 : -0.6 0.2 : -0.1307556806
1 7 : -0.6 0.6 : 0.1573865114
1 7 : -0.6 1.0 : 0.04671231816
1 7 : -0.2 -1.0 : -0.4167723679
1 7 : -0.2 -0.6 : -0.5342549444
1 7 : -0.2 -0.2 : -0.2498086983
1 7 : -0.2 0.2 : 0.2155974829
1 7 : -0.2 0.6 : 0.5008009097
1 7 : -0.2 1.0 : 0.3847131524
1 7 : 0.2 -1.0 : -0.3824636077
1 7 : 0.2 -0.6 : -0.4999461842
1 7 : 0.2 -0.2 : -0.2154999381
1 7 : 0.2 0.2 : 0.2499062431
1 7 : 0.2 0.6 : 0.5351096699
1 7 : 0.2 1.0 : 0.4190219126
1 7 : 0.6 -1.0 : -0.02700093425
1 7 : 0.6 -0.6 : -0.1498970748
1 7 : 0.6 -0.2 : 0.1316104061
1 7 : 0.6 0.2 : 0.5970165873
1 7 : 0.6 0.6 : 0.8851587793
1 7 : 0.6 1.0 : 0.774484586
1 7 : 1.0 -1.0 : 0.6386440439
1 7 : 1.0 -0.6 : 0.505775458
1 7 : 1.0 -0.2 : 0.7818693749
1 7 : 1.0 0.2 : 1.247275556
1 7 : 1.0 0.6 : 1.540831312
1 7 : 1.0 1.0 : 1.440129564
1 8 : -1.0 -1.0 : -1.529243872
1 8 : -1.0 -0.6 : -1.356006761
1 8 : -1.0 -0.2 : -1.133396815
1 8 : -1.0 0.2 : -0.8934985712
1 8 : -1.0 0.6 : -0.6708886249
1 8 : -1.0 1.0 : -0.4976515139
1 8 : -0.6 -1.0 : -0.8775662309
1 8 : -0.6 -0.6 : -0.7048218553
1 8 : -0.6 -0.2 : -0.4832317061
1 8 : -0.6 0.2 : -0.2445405617
1 8 : -0.6 0.6 : -0.02295041253
1 8 : -0.6 1.0 : 0.149793963
1 8 : -0.2 -1.0 : -0.5280369715
1 8 : -0.2 -0.6 : -0.356312393
1 8 : -0.2 -0.2 : -0.1358905491
1 8 : -0.2 0.2 : 0.101581789
1 8 : -0.2 0.6 : 0.3220036329
1 8 : -0.2 1.0 : 0.4937282113
1 8 : 0.2 -1.0 : -0.4906909472
1 8 : 0.2 -0.6 : -0.3201734682
1 8 : 0.2 -0.2 : -0.1009704306
1 8 : 0.2 0.2 : 0.1352791907
1 8 : 0.2 0.6 : 0.3544822283
1 8 : 0.2 1.0 : 0.5249997074
1 8 : 0.6 -1.0 : -0.1411616878
1 8 : 0.6 -0.6 : 0.02833599415
1 8 : 0.6 -0.2 : 0.2463707264
1 8 : 0.6 0.2 : 0.4814015414
1 8 : 0.6 0.6 : 0.6994362737
1 8 : 0.6 1.0 : 0.8689339557
1 8 : 1.0 -1.0 : 0.5105159537
1 8 : 1.0 -0.6 : 0.6795209001
1 8 : 1.0 -0.2 : 0.8965358354
1 8 : 1.0 0.2 : 1.130359551
1 8 : 1.0 0.6 : 1.347374486
1 8 : 1.0 1.0 : 1.516379433
1 9 : -1.0 -1.0 : -1.906060384
1 9 : -1.0 -0.6 : -2.380833454
1 9 : -1.0 -0.2 : -1.70136435
1 9 : -1.0 0.2 : -0.3212406205
1 9 : -1.0 0.6 : 0.3915323587
1 9 : -1.0 1.0 : -0.02189091213
1 9 : -0.6 -1.0 : -1.30344912
1 9 : -0.6 -0.6 : -1.758039232
1 9 : -0.6 -0.2 : -1.059750797
1 9 : -0.6 0.2 : 0.3348574767
1 9 : -0.6 0.6 : 1.055493423
1 9 : -0.6 1.0 : 0.6420701519
1 9 : -0.2 -1.0 : -0.994885719
1 9 : -0.2 -0.6 : -1.430656501
1 9 : -0.2 -0.2 : -0.7178835216
1 9 : -0.2 0.2 : 0.6845877186
1 9 : -0.2 0.6 : 1.405223665
1 9 : -0.2 1.0 : 0.983937427
1 9 : 0.2 -1.0 : -0.983937427
1 9 : 0.2 -0.6 : -1.405223665
1 9 : 0.2 -0.2 : -0.6845877186
1 9 : 0.2 0.2 : 0.7178835216
1 9 : 0.2 0.6 : 1.430656501
1 9 : 0.2 1.0 : 0.994885719
1 9 : 0.6 -1.0 : -0.6420701519
1 9 : 0.6 -0.6 : -1.055493423
1 9 : 0.6 -0.2 : -0.3348574767
1 9 : 0.6 0.2 : 1.059750797
1 9 : 0.6 0.6 : 1.758039232
1 9 : 0.6 1.0 : 1.30344912
1 9 : 1.0 -1.0 : 0.02189091213
1 9 : 1.0 -0.6 : -0.3915323587
1 9 : 1.0 -0.2 : 0.3212406205
1 9 : 1.0 0.2 : 1.70136435
1 9 : 1.0 0.6 : 2.380833454
1 9 : 1.0 1.0 : 1.906060384
1 10 : -1.0 -1.0 : -1.250814217
1 10 : -1.0 -0.6 : -1.057899451
1 10 : -1.0 -0.2 : -1.007824577
1 10 : -1.0 0.2 : -1.01907081
1 10 : -1.0 0.6 : -0.9689959357
1 10 : -1.0 1.0 : -0.7760811691
1 10 : -0.6 -1.0 : -0.6128664528
1 10 : -0.6 -0.6 : -0.4172473825
1 10 : -0.6 -0.2 : -0.3615755081
1 10 : -0.6 0.2 : -0.3661967598
1 10 : -0.6 0.6 : -0.3105248853
1 10 : -0.6 1.0 : -0.114905815
1 10 : -0.2 -1.0 : -0.2814883812
1 10 : -0.2 -0.6 : -0.08027231035
1 10 : -0.2 -0.2 : -0.01818837034
1 10 : -0.2 0.2 : -0.01612038981
1 10 : -0.2 0.6 : 0.0459635502
1 10 : -0.2 1.0 : 0.2471796211
1 10 : 0.2 -1.0 : -0.2638491819
1 10 : 0.2 -0.6 : -0.05600812986
1 10 : 0.2 -0.2 : 0.01276504233
1 10 : 0.2 0.2 : 0.02154371782
1 10 : 0.2 0.6 : 0.09031689002
1 10 : 0.2 1.0 : 0.298157942
1 10 : 0.6 -1.0 : 0.06752888972
1 10 : 0.6 -0.6 : 0.2809669423
1 10 : 0.6 -0.2 : 0.3561521801
1 10 : 0.6 0.2 : 0.3716200878
1 10 : 0.6 0.6 : 0.4468053255
1 10 : 0.6 1.0 : 0.6602433782
1 10 : 1.0 -1.0 : 0.7054766541
1 10 : 1.0 -0.6 : 0.9216190104
1 10 : 1.0 -0.2 : 1.002401249
1 10 : 1.0 0.2 : 1.024494138
1 10 : 1.0 0.6 : 1.105276376
1 10 : 1.0 1.0 : 1.321418732
1 11 : -1.0 -1.0 : -1.478639237
1 11 : -1.0 -0.6 : -2.288500057
1 11 : -1.0 -0.2 : -1.810827263
1 11 : -1.0 0.2 : -0.216068123
1 11 : -1.0 0.6 : 0.2616046704
1 11 : -1.0 1.0 : -0.5482561496
1 11 : -0.6 -1.0 : -0.8438172334
1 11 : -0.6 -0.6 : -1.64882901
1 11 : -0.6 -0.2 : -1.164745679
1 11 : -0.6 0.2 : 0.4369734108
1 11 : -0.6 0.6 : 0.9210567421
1 11 : -0.6 1.0 : 0.1160449655
1 11 : -0.2 -1.0 : -0.5165714839
1 11 : -0.2 -0.6 : -1.315172723
1 11 : -0.2 -0.2 : -0.8226145249
1 11 : -0.2 0.2 : 0.7883057647
1 11 : -0.2 0.6 : 1.280863963
1 11 : -0.2 1.0 : 0.4822627237
1 11 : 0.2 -1.0 : -0.503418765
1 11 : 0.2 -0.6 : -1.295060054
1 11 : 0.2 -0.2 : -0.7933006566
1 11 : 0.2 0.2 : 0.8276094167
1 11 : 0.2 0.6 : 1.329368815
1 11 : 0.2 1.0 : 0.5377275251
1 11 : 0.6 -1.0 : -0.1761730155
1 11 : 0.6 -0.6 : -0.9614037671
1 11 : 0.6 -0.2 : -0.4511695028
1 11 : 0.6 0.2 : 1.178941771
1 11 : 0.6 0.6 : 1.689176035
1 11 : 0.6 1.0 : 0.9039452834
1 11 : 1.0 -1.0 : 0.4586489878
1 11 : 1.0 -0.6 : -0.3217327204
1 11 : 1.0 -0.2 : 0.1949120818
1 11 : 1.0 0.2 : 1.831983304
1 11 : 1.0 0.6 : 2.348628107
1 11 : 1.0 1.0 : 1.568246398
1 12 : -1.0 -1.0 : -1.672643057
1 12 : -1.0 -0.6 : -1.789312423
1 12 : -1.0 -0.2 : -1.07413407
1 12 : -1.0 0.2 : -0.958422282
1 12 : -1.0 0.6 : -0.2871865393
1 12 : -1.0 1.0 : -0.4848035534
1 12 : -0.6 -1.0 : -1.00160702
1 12 : -0.6 -0.6 : -1.13159153
1 12 : -0.6 -0.2 : -0.4236413335
1 12 : -0.6 0.2 : -0.307929546
1 12 : -0.6 0.6 : 0.3705343529
1 12 : -0.6 1.0 : 0.1862324843
1 12 : -0.2 -1.0 : -0.6264855514
1 12 : -0.2 -0.6 : -0.7740729658
1 12 : -0.2 -0.2 : -0.07567854418
1 12 : -0.2 0.2 : 0.04003324337
1 12 : -0.2 0.6 : 0.7280529175
1 12 : -0.2 1.0 : 0.5613539526
1 12 : 0.2 -1.0 : -0.5613539526
1 12 : 0.2 -0.6 : -0.7280529175
1 12 : 0.2 -0.2 : -0.04003324337
1 12 : 0.2 0.2 : 0.07567854418
1 12 : 0.2 0.6 : 0.7740729658
1 12 : 0.2 1.0 : 0.6264855514
1 12 : 0.6 -1.0 : -0.1862324843
1 12 : 0.6 -0.6 : -0.3705343529
1 12 : 0.6 -0.2 : 0.307929546
1 12 : 0.6 0.2 : 0.4236413335
1 12 : 0.6 0.6 : 1.13159153
1 12 : 0.6 1.0 : 1.00160702
1 12 : 1.0 -1.0 : 0.4848035534
1 12 : 1.0 -0.6 : 0.2871865393
1 12 : 1.0 -0.2 : 0.958422282
1 12 : 1.0 0.2 : 1.07413407
1 12 : 1.0 0.6 : 1.789312423
1 12 : 1.0 1.0 : 1.672643057
1 13 : -1.0 -1.0 : -2.018114623
1 13 : -1.0 -0.6 : -1.368242833
1 13 : -1.0 -0.2 : -1.059694238
1 13 : -1.0 0.2 : -0.9672011479
1 13 : -1.0 0.6 : -0.6586525536
1 13 : -1.0 1.0 : -0.008780763468
1 13 : -0.6 -1.0 : -1.319462991
1 13 : -0.6 -0.6 : -0.6810219579
1 13 : -0.6 -0.2 : -0.3961311918
1 13 : -0.6 0.2 : -0.3316410761
1 13 : -0.6 0.6 : -0.04675031
1 13 : -0.6 1.0 : 0.5916907233
1 13 : -0.2 -1.0 : -0.9078331242
1 13 : -0.2 -0.6 : -0.2930499191
1 13 : -0.2 -0.2 : -0.03526215995
1 13 : -0.2 0.2 : 0.0009533997912
1 13 : -0.2 0.6 : 0.2587411589
1 13 : -0.2 1.0 : 0.873524364
1 13 : 0.2 -1.0 : -0.8030641951
1 13 : 0.2 -0.6 : -0.2162839648
1 13 : 0.2 -0.2 : 0.01322923841
1 13 : 0.2 0.2 : 0.02107952175
1 13 : 0.2 0.6 : 0.250592725
1 13 : 0.2 1.0 : 0.8373729553
1 13 : 0.6 -1.0 : -0.3914343281
1 13 : 0.6 -0.6 : 0.171688074
1 13 : 0.6 -0.2 : 0.3740982702
1 13 : 0.6 0.2 : 0.3536739977
1 13 : 0.6 0.6 : 0.5560841939
1 13 : 0.6 1.0 : 1.119206596
1 13 : 1.0 -1.0 : 0.3072173035
1 13 : 1.0 -0.6 : 0.8589089488
1 13 : 1.0 -0.2 : 1.037661317
1 13 : 1.0 0.2 : 0.9892340695
1 13 : 1.0 0.6 : 1.167986437
1 13 : 1.0 1.0 : 1.719678083
1 14 : -1.0 -1.0 : -1.477409518
1 14 : -1.0 -0.6 : -2.654599602
1 14 : -1.0 -0.2 : -2.108008215
1 14 : -1.0 0.2 : 0.08569682395
1 14 : -1.0 0.6 : 0.6678709637
1 14 : -1.0 1.0 : -0.4437713487
1 14 : -0.6 -1.0 : -0.8780109129
1 14 : -0.6 -0.6 : -2.033636983
1 14 : -0.6 -0.2 : -1.466938518
1 14 : -0.6 0.2 : 0.7422421957
1 14 : -0.6 0.6 : 1.33281734
1 14 : -0.6 1.0 : 0.2211750278
1 14 : -0.2 -1.0 : -0.5720592514
1 14 : -0.2 -0.6 : -1.707578244
1 14 : -0.2 -0.2 : -1.125404104
1 14 : -0.2 0.2 : 1.092177615
1 14 : -0.2 0.6 : 1.682752759
1 14 : -0.2 1.0 : 0.562709442
1 14 : 0.2 -1.0 : -0.562709442
1 14 : 0.2 -0.6 : -1.682752759
1 14 : 0.2 -0.2 : -1.092177615
1 14 : 0.2 0.2 : 1.125404104
1 14 : 0.2 0.6 : 1.707578244
1 14 : 0.2 1.0 : 0.5720592514
1 14 : 0.6 -1.0 : -0.2211750278
1 14 : 0.6 -0.6 : -1.33281734
1 14 : 0.6 -0.2 : -0.7422421957
1 14 : 0.6 0.2 : 1.466938518
1 14 : 0.6 0.6 : 2.033636983
1 14 : 0.6 1.0 : 0.8780109129
1 14 : 1.0 -1.0 : 0.4437713487
1 14 : 1.0 -0.6 : -0.6678709637
1 14 : 1.0 -0.2 : -0.08569682395
1 14 : 1.0 0.2 : 2.108008215
1 14 : 1.0 0.6 : 2.654599602
1 14 : 1.0 1.0 : 1.477409518
1 15 : -1.0 -1.0 : -1.224563252
1 15 : -1.0 -0.6 : -1.062545009
1 15 : -1.0 -0.2 : -1.014851346
1 15 : -1.0 0.2 : -1.010426788
1 15 : -1.0 0.6 : -0.9501793825
1 15 : -1.0 1.0 : -0.7650356155
1 15 : -0.6 -1.0 : -0.5811366281
1 15 : -0.6 -0.6 : -0.4153144486
1 15 : -0.6 -0.2 : -0.3655558102
1 15 : -0.6 0.2 : -0.3611312516
1 15 : -0.6 0.6 : -0.3029488219
1 15 : -0.6 1.0 : -0.1216089914
1 15 : -0.2 -1.0 : -0.242515388
1 15 : -0.2 -0.6 : -0.0716643241
1 15 : -0.2 -0.2 : -0.0191757446
1 15 : -0.2 0.2 : -0.01475118602
1 15 : -0.2 0.6 : 0.04070130259
1 15 : -0.2 1.0 : 0.2170122486
1 15 : 0.2 -1.0 : -0.2170122486
1 15 : 0.2 -0.6 : -0.04070130259
1 15 : 0.2 -0.2 : 0.01475118602
1 15 : 0.2 0.2 : 0.0191757446
1 15 : 0.2 0.6 : 0.0716643241
1 15 : 0.2 1.0 : 0.242515388
1 15 : 0.6 -1.0 : 0.1216089914
1 15 : 0.6 -0.6 : 0.3029488219
1 15 : 0.6 -0.2 : 0.3611312516
1 15 : 0.6 0.2 : 0.3655558102
1 15 : 0.6 0.6 : 0.4153144486
1 15 : 0.6 1.0 : 0.5811366281
1 15 : 1.0 -1.0 : 0.7650356155
1 15 : 1.0 -0.6 : 0.9501793825
1 15 : 1.0 -0.2 : 1.010426788
1 15 : 1.0 0.2 : 1.014851346
1 15 : 1.0 0.6 : 1.062545009
1 15 : 1.0 1.0 : 1.224563252
1 16 : -1.0 -1.0 : -1.886510241
1 16 : -1.0 -0.6 : -1.314245545
1 16 : -1.0 -0.2 : -1.02667678
1 16 : -1.0 0.2 : -0.9978313641
1 16 : -1.0 0.6 : -0.691731895
1 16 : -1.0 1.0 : -0.08533138201
1 16 : -0.6 -1.0 : -1.24600452
1 16 : -0.6 -0.6 : -0.6681247958
1 16 : -0.6 -0.2 : -0.3775078999
1 16 : -0.6 0.2 : -0.3486624844
1 16 : -0.6 0.6 : -0.04561114606
1 16 : -0.6 1.0 : 0.5551743382
1 16 : -0.2 -1.0 : -0.911244777
1 16 : -0.2 -0.6 : -0.3259418659
1 16 : -0.2 -0.2 : -0.03129527659
1 16 : -0.2 0.2 : -0.002449861179
1 16 : -0.2 0.6 : 0.2965717839
1 16 : -0.2 1.0 : 0.8899340816
1 16 : 0.2 -1.0 : -0.8899340816
1 16 : 0.2 -0.6 : -0.2965717839
1 16 : 0.2 -0.2 : 0.002449861179
1 16 : 0.2 0.2 : 0.03129527659
1 16 : 0.2 0.6 : 0.3259418659
1 16 : 0.2 1.0 : 0.911244777
1 16 : 0.6 -1.0 : -0.5551743382
1 16 : 0.6 -0.6 : 0.04561114606
1 16 : 0.6 -0.2 : 0.3486624844
1 16 : 0.6 0.2 : 0.3775078999
1 16 : 0.6 0.6 : 0.6681247958
1 16 : 0.6 1.0 : 1.24600452
1 16 : 1.0 -1.0 : 0.08533138201
1 16 : 1.0 -0.6 : 0.691731895
1 16 : 1.0 -0.2 : 0.9978313641
1 16 : 1.0 0.2 : 1.02667678
1 16 : 1.0 0.6 : 1.314245545
1 16 : 1.0 1.0 : 1.886510241
1 17 : -1.0 -1.0 : -1.530830668
1 17 : -1.0 -0.6 : -1.160318208
1 17 : -1.0 -0.2 : -1.021643744
1 17 : -1.0 0.2 : -1.012011929
1 17 : -1.0 0.6 : -0.9258134396
1 17 : -1.0 1.0 : -0.6519681269
1 17 : -0.6 -1.0 : -0.8556244286
1 17 : -0.6 -0.6 : -0.5010128278
1 17 : -0.6 -0.2 : -0.3709701797
1 17 : -0.6 0.2 : -0.3613383649
1 17 : -0.6 0.6 : -0.2665080589
1 17 : -0.6 1.0 : 0.02323811245
1 17 : -0.2 -1.0 : -0.4749898656
1 17 : -0.2 -0.6 : -0.1413995359
1 17 : -0.2 -0.2 : -0.02276833148
1 17 : -0.2 0.2 : -0.01313651668
1 17 : -0.2 0.6 : 0.09310523294
1 17 : -0.2 1.0 : 0.4038726754
1 17 : 0.2 -1.0 : -0.4038726754
1 17 : 0.2 -0.6 : -0.09310523294
1 17 : 0.2 -0.2 : 0.01313651668
1 17 : 0.2 0.2 : 0.02276833148
1 17 : 0.2 0.6 : 0.1413995359
1 17 : 0.2 1.0 : 0.4749898656
1 17 : 0.6 -1.0 : -0.02323811245
1 17 : 0.6 -0.6 : 0.2665080589
1 17 : 0.6 -0.2 : 0.3613383649
1 17 : 0.6 0.2 : 0.3709701797
1 17 : 0.6 0.6 : 0.5010128278
1 17 : 0.6 1.0 : 0.8556244286
1 17 : 1.0 -1.0 : 0.6519681269
1 17 : 1.0 -0.6 : 0.9258134396
1 17 : 1.0 -0.2 : 1.012011929
1 17 : 1.0 0.2 : 1.021643744
1 17 : 1.0 0.6 : 1.160318208
1 17 : 1.0 1.0 : 1.530830668
1 18 : -1.0 -1.0 : -1.908795629
1 18 : -1.0 -0.6 : -1.397743124
1 18 : -1.0 -0.2 : -1.034159725
1 18 : -1.0 0.2 : -0.9965834863
1 18 : -1.0 0.6 : -0.6628683994
1 18 : -1.0 1.0 : -0.2068369677
1 18 : -0.6 -1.0 : -1.244637613
1 18 : -0.6 -0.6 : -0.7426355694
1 18 : -0.6 -0.2 : -0.3839652339
1 18 : -0.6 0.2 : -0.3463889952
1 18 : -0.6 0.6 : -0.007760845041
1 18 : -0.6 1.0 : 0.4573210484
1 18 : -0.2 -1.0 : -0.8786090348
1 18 : -0.2 -0.6 : -0.3885718928
1 18 : -0.2 -0.2 : -0.03639673064
1 18 : -0.2 0.2 : 0.001179508002
1 18 : -0.2 0.6 : 0.3463028316
1 18 : -0.2 1.0 : 0.8233496268
1 18 : 0.2 -1.0 : -0.8233496268
1 18 : 0.2 -0.6 : -0.3463028316
1 18 : 0.2 -0.2 : -0.001179508002
1 18 : 0.2 0.2 : 0.03639673064
1 18 : 0.2 0.6 : 0.3885718928
1 18 : 0.2 1.0 : 0.8786090348
1 18 : 0.6 -1.0 : -0.4573210484
1 18 : 0.6 -0.6 : 0.007760845041
1 18 : 0.6 -0.2 : 0.3463889952
1 18 : 0.6 0.2 : 0.3839652339
1 18 : 0.6 0.6 : 0.7426355694
1 18 : 0.6 1.0 : 1.244637613
1 18 : 1.0 -1.0 : 0.2068369677
1 18 : 1.0 -0.6 : 0.6628683994
1 18 : 1.0 -0.2 : 0.9965834863
1 18 : 1.0 0.2 : 1.034159725
1 18 : 1.0 0.6 : 1.397743124
1 18 : 1.0 1.0 : 1.908795629
1 19 : -1.0 -1.0 : -1.345699205
1 19 : -1.0 -0.6 : -1.767478686
1 19 : -1.0 -0.2 : -1.460284768
1 19 : -1.0 0.2 : -0.566718752
1 19 : -1.0 0.6 : -0.2603642118
1 19 : -1.0 1.0 : -0.6836899289
1 19 : -0.6 -1.0 : -0.6953645281
1 19 : -0.6 -0.6 : -1.117623377
1 19 : -0.6 -0.2 : -0.8106896851
1 19 : -0.6 0.2 : 0.08287633116
1 19 : -0.6 0.6 : 0.3894910974
1 19 : -0.6 1.0 : -0.03335525157
1 19 : -0.2 -1.0 : -0.3482130853
1 19 : -0.2 -0.6 : -0.7707321603
1 19 : -0.2 -0.2 : -0.4639397326
1 19 : -0.2 0.2 : 0.4296262836
1 19 : -0.2 0.6 : 0.7363823141
1 19 : -0.2 1.0 : 0.3137961912
1 19 : 0.2 -1.0 : -0.3139043252
1 19 : 0.2 -0.6 : -0.7364234002
1 19 : 0.2 -0.2 : -0.4296309725
1 19 : 0.2 0.2 : 0.4639350437
1 19 : 0.2 0.6 : 0.7706910743
1 19 : 0.2 1.0 : 0.3481049513
1 19 : 0.6 -1.0 : 0.0324077398
1 19 : 0.6 -0.6 : -0.3898511092
1 19 : 0.6 -0.2 : -0.08291741719
1 19 : 0.6 0.2 : 0.810648599
1 19 : 0.6 0.6 : 1.117263365
1 19 : 0.6 1.0 : 0.6944170163
1 19 : 1.0 -1.0 : 0.6811961808
1 19 : 1.0 -0.6 : 0.2594167
1 19 : 1.0 -0.2 : 0.566610618
1 19 : 1.0 0.2 : 1.460176634
1 19 : 1.0 0.6 : 1.766531174
1 19 : 1.0 1.0 : 1.343205457
1 20 : -1.0 -1.0 : -0.5156382067
1 20 : -1.0 -0.6 : -0.8286757794
1 20 : -1.0 -0.2 : -0.9943541234
1 20 : -1.0 0.2 : -0.9885894009
1 20 : -1.0 0.6 : -0.8122917348
1 20 : -1.0 1.0 : -0.4912215203
1 20 : -0.6 -1.0 : 0.1455093969
1 20 : -0.6 -0.6 : -0.1725087761
1 20 : -0.6 -0.2 : -0.3428312144
1 20 : -0.6 0.2 : -0.3406408799
1 20 : -0.6 0.6 : -0.1662835782
1 20 : -0.6 1.0 : 0.1547866362
1 20 : -0.2 -1.0 : 0.501660053
1 20 : -0.2 -0.6 : 0.1789977857
1 20 : -0.2 -0.2 : 0.005100959362
1 20 : -0.2 0.2 : 0.005350929395
1 20 : -0.2 0.6 : 0.179708231
1 20 : -0.2 1.0 : 0.5027188099
1 20 : 0.2 -1.0 : 0.5417335357
1 20 : 0.2 -0.6 : 0.2154968804
1 20 : 0.2 -0.2 : 0.03965968955
1 20 : 0.2 0.2 : 0.03990965958
1 20 : 0.2 0.6 : 0.2162073257
1 20 : 0.2 1.0 : 0.5427922926
1 20 : 0.6 -1.0 : 0.8896657094
1 20 : 0.6 -0.6 : 0.5614886896
1 20 : 0.6 -0.2 : 0.3856514988
1 20 : 0.6 0.2 : 0.3878418333
1 20 : 0.6 0.6 : 0.5677138875
1 20 : 0.6 1.0 : 0.8989429487
1 20 : 1.0 -1.0 : 1.535673866
1 20 : 1.0 -0.6 : 1.207496846
1 20 : 1.0 -0.2 : 1.03360002
1 20 : 1.0 0.2 : 1.039364742
1 20 : 1.0 0.6 : 1.223880891
1 20 : 1.0 1.0 : 1.560090552
1 21 : -1.0 -1.0 : -1.870238288
1 21 : -1.0 -0.6 : -1.575745072
1 21 : -1.0 -0.2 : -1.209409522
1 21 : -1.0 0.2 : -0.8174858641
1 21 : -1.0 0.6 : -0.4511503143
1 21 : -1.0 1.0 : -0.1566570986
1 21 : -0.6 -1.0 : -1.256549409
1 21 : -0.6 -0.6 : -0.9502547398
1 21 : -0.6 -0.2 : -0.5683174189
1 21 : -0.6 0.2 : -0.1594548489
1 21 : -0.6 0.6 : 0.222482472
1 21 : -0.6 1.0 : 0.5287771413
1 21 : -0.2 -1.0 : -0.9572420974
1 21 : -0.2 -0.6 : -0.6353456569
1 21 : -0.2 -0.2 : -0.2327824649
1 21 : -0.2 0.2 : 0.1984737047
1 21 : -0.2 0.6 : 0.6010368968
1 21 : -0.2 1.0 : 0.9229333373
1 21 : 0.2 -1.0 : -0.974422264
1 21 : 0.2 -0.6 : -0.6355869116
1 21 : 0.2 -0.2 : -0.2106301199
1 21 : 0.2 0.2 : 0.24493888
1 21 : 0.2 0.6 : 0.6698956717
1 21 : 0.2 1.0 : 1.008731024
1 21 : 0.6 -1.0 : -0.6751149522
1 21 : 0.6 -0.6 : -0.3206778286
1 21 : 0.6 -0.2 : 0.1249048342
1 21 : 0.6 0.2 : 0.6028674337
1 21 : 0.6 0.6 : 1.048450097
1 21 : 0.6 1.0 : 1.40288722
1 21 : 1.0 -1.0 : -0.06142607375
1 21 : 1.0 -0.6 : 0.3048125034
1 21 : 1.0 -0.2 : 0.7659969374
1 21 : 1.0 0.2 : 1.260898449
1 21 : 1.0 0.6 : 1.722082883
1 21 : 1.0 1.0 : 2.08832146
1 22 : -1.0 -1.0 : -1.678521554
1 22 : -1.0 -0.6 : -1.275195023
1 22 : -1.0 -0.2 : -1.024671668
1 22 : -1.0 0.2 : -0.9965696719
1 22 : -1.0 0.6 : -0.7021574161
1 22 : -1.0 1.0 : -0.2179821747
1 22 : -0.6 -1.0 : -1.050408226
1 22 : -0.6 -0.6 : -0.6337828237
1 22 : -0.6 -0.2 : -0.3760401477
1 22 : -0.6 0.2 : -0.3479381515
1 22 : -0.6 0.6 : -0.06074521717
1 22 : -0.6 1.0 : 0.4101311532
1 22 : -0.2 -1.0 : -0.7320314868
1 22 : -0.2 -0.6 : -0.2978246963
1 22 : -0.2 -0.2 : -0.03053792468
1 22 : -0.2 0.2 : -0.002435928417
1 22 : -0.2 0.6 : 0.2752129102
1 22 : -0.2 1.0 : 0.728507892
1 22 : 0.2 -1.0 : -0.728507892
1 22 : 0.2 -0.6 : -0.2752129102
1 22 : 0.2 -0.2 : 0.002435928417
1 22 : 0.2 0.2 : 0.03053792468
1 22 : 0.2 0.6 : 0.2978246963
1 22 : 0.2 1.0 : 0.7320314868
1 22 : 0.6 -1.0 : -0.4101311532
1 22 : 0.6 -0.6 : 0.06074521717
1 22 : 0.6 -0.2 : 0.3479381515
1 22 : 0.6 0.2 : 0.3760401477
1 22 : 0.6 0.6 : 0.6337828237
1 22 : 0.6 1.0 : 1.050408226
1 22 : 1.0 -1.0 : 0.2179821747
1 22 : 1.0 -0.6 : 0.7021574161
1 22 : 1.0 -0.2 : 0.9965696719
1 22 : 1.0 0.2 : 1.024671668
1 22 : 1.0 0.6 : 1.275195023
1 22 : 1.0 1.0 : 1.678521554
1 23 : -1.0 -1.0 : -1.765887478
1 23 : -1.0 -0.6 : -1.511965385
1 23 : -1.0 -0.2 : -1.188585431
1 23 : -1.0 0.2 : -0.8367518937
1 23 : -1.0 0.6 : -0.50127766
1 23 : -1.0 1.0 : -0.225076428
1 23 : -0.6 -1.0 : -1.127465488
1 23 : -0.6 -0.6 : -0.8666363595
1 23 : -0.6 -0.2 : -0.539506906
1 23 : -0.6 0.2 : -0.1876733687
1 23 : -0.6 0.6 : 0.1440513654
1 23 : -0.6 1.0 : 0.4133455619
1 23 : -0.2 -1.0 : -0.7867808743
1 23 : -0.2 -0.6 : -0.5222022459
1 23 : -0.2 -0.2 : -0.1930373683
1 23 : -0.2 0.2 : 0.1587961689
1 23 : -0.2 0.6 : 0.4884854789
1 23 : -0.2 1.0 : 0.7540301758
1 23 : 0.2 -1.0 : -0.7524721142
1 23 : 0.2 -0.6 : -0.4878934858
1 23 : 0.2 -0.2 : -0.1587286082
1 23 : 0.2 0.2 : 0.1931049291
1 23 : 0.2 0.6 : 0.5227942391
1 23 : 0.2 1.0 : 0.788338936
1 23 : 0.6 -1.0 : -0.3996932204
1 23 : 0.6 -0.6 : -0.1388640916
1 23 : 0.6 -0.2 : 0.1882653619
1 23 : 0.6 0.2 : 0.5400988991
1 23 : 0.6 0.6 : 0.8718236333
1 23 : 0.6 1.0 : 1.14111783
1 23 : 1.0 -1.0 : 0.2610079081
1 23 : 1.0 -0.6 : 0.5149300014
1 23 : 1.0 -0.2 : 0.8383099553
1 23 : 1.0 0.2 : 1.190143493
1 23 : 1.0 0.6 : 1.525617726
1 23 : 1.0 1.0 : 1.801818958
1 24 : -1.0 -1.0 : -0.6118200915
1 24 : -1.0 -0.6 : -0.8509436252
1 24 : -1.0 -0.2 : -0.9878102767
1 24 : -1.0 0.2 : -1.009354307
1 24 : -1.0 0.6 : -0.9121743874
1 24 : -1.0 1.0 : -0.7030705946
1 24 : -0.6 -1.0 : -0.005558117063
1 24 : -0.6 -0.6 : -0.2260680571
1 24 : -0.6 -0.2 : -0.3455787112
1 24 : -0.6 0.2 : -0.3537644708
1 24 : -0.6 0.6 : -0.2493329844
1 24 : -0.6 1.0 : -0.0402291916
1 24 : -0.2 -1.0 : 0.3059731368
1 24 : -0.2 -0.6 : 0.1028191941
1 24 : -0.2 -0.2 : -0.003333189279
1 24 : -0.2 0.2 : -0.004267382025
1 24 : -0.2 0.6 : 0.1001641044
1 24 : -0.2 1.0 : 0.3020163303
1 24 : 0.2 -1.0 : 0.3187378667
1 24 : 0.2 -0.6 : 0.1289421947
1 24 : 0.2 -0.2 : 0.03004137813
1 24 : 0.2 0.2 : 0.02910718539
1 24 : 0.2 0.6 : 0.1262871049
1 24 : 0.2 1.0 : 0.3147810602
1 24 : 0.6 -1.0 : 0.6609833886
1 24 : 0.6 -0.6 : 0.4784392835
1 24 : 0.6 -0.2 : 0.3795384669
1 24 : 0.6 0.2 : 0.3713527073
1 24 : 0.6 0.6 : 0.4551743562
1 24 : 0.6 1.0 : 0.6263123141
1 24 : 1.0 -1.0 : 1.323824792
1 24 : 1.0 -0.6 : 1.141280686
1 24 : 1.0 -0.2 : 1.035128303
1 24 : 1.0 0.2 : 1.013584273
1 24 : 1.0 0.6 : 1.080049924
1 24 : 1.0 1.0 : 1.232574289
2 3 : -1.0 -1.0 : 0.2225979632
2 3 : -1.0 -0.6 : -0.3121828917
2 3 : -1.0 -0.2 : -0.621676812
2 3 : -1.0 0.2 : -0.643969023
2 3 : -1.0 0.6 : -0.3755400746
2 3 : -1.0 1.0 : 0.1281785144
2 3 : -0.6 -1.0 : 0.4566054913
2 3 : -0.6 -0.6 : -0.05891535741
2 3 : -0.6 -0.2 : -0.3504505416
2 3 : -0.6 0.2 : -0.3589205761
2 3 : -0.6 0.6 : -0.08298822863
2 3 : -0.6 1.0 : 0.4207303604
2 3 : -0.2 -1.0 : 0.7890397688
2 3 : -0.2 -0.6 : 0.2914776562
2 3 : -0.2 -0.2 : 0.01376464843
2 3 : -0.2 0.2 : 0.01279801306
2 3 : -0.2 0.6 : 0.2887303605
2 3 : -0.2 1.0 : 0.7849455504
2 3 : 0.2 -1.0 : 0.8121701139
2 3 : 0.2 -0.6 : 0.3284301778
2 3 : 0.2 -0.2 : 0.05822056915
2 3 : 0.2 0.2 : 0.05725393378
2 3 : 0.2 0.6 : 0.3256828821
2 3 : 0.2 1.0 : 0.8080758956
2 3 : 0.6 -1.0 : 1.176385304
2 3 : 0.6 -0.6 : 0.700148767
2 3 : 0.6 -0.2 : 0.4299391583
2 3 : 0.6 0.2 : 0.4214691238
2 3 : 0.6 0.6 : 0.6760758957
2 3 : 0.6 1.0 : 1.140510173
2 3 : 1.0 -1.0 : 1.46893715
2 3 : 1.0 -0.6 : 0.992700613
2 3 : 1.0 -0.2 : 0.7149876052
2 3 : 1.0 0.2 : 0.6926953943
2 3 : 1.0 0.6 : 0.92934343
2 3 : 1.0 1.0 : 1.374517701
2 4 : -1.0 -1.0 : 0.4374041535
2 4 : -1.0 -0.6 : -0.2095111247
2 4 : -1.0 -0.2 : -0.6193861968
2 4 : -1.0 0.2 : -0.606145322
2 4 : -1.0 0.6 : -0.1718789432
2 4 : -1.0 1.0 : 0.4934863478
2 4 : -0.6 -1.0 : 0.7428267251
2 4 : -0.6 -0.6 : 0.08447160664
2 4 : -0.6 -0.2 : -0.336070392
2 4 : -0.6 0.2 : -0.3310394569
2 4 : -0.6 0.6 : 0.09877013791
2 4 : -0.6 1.0 : 0.7641354289
2 4 : -0.2 -1.0 : 1.133318031
2 4 : -0.2 -0.6 : 0.4642959863
2 4 : -0.2 -0.2 : 0.03554404795
2 4 : -0.2 0.2 : 0.03611819907
2 4 : -0.2 0.6 : 0.4659277939
2 4 : -0.2 1.0 : 1.135749869
2 4 : 0.2 -1.0 : 1.191981462
2 4 : 0.2 -0.6 : 0.5147494775
2 4 : 0.2 -0.2 : 0.08154075517
2 4 : 0.2 0.2 : 0.08211490629
2 4 : 0.2 0.6 : 0.5163812851
2 4 : 0.2 1.0 : 1.1944133
2 4 : 0.6 -1.0 : 1.563595902
2 4 : 0.6 -0.6 : 0.8819071335
2 4 : 0.6 -0.2 : 0.4486984111
2 4 : 0.6 0.2 : 0.4537293462
2 4 : 0.6 0.6 : 0.8962056648
2 4 : 0.6 1.0 : 1.584904606
2 4 : 1.0 -1.0 : 1.834244983
2 4 : 1.0 -0.6 : 1.152556215
2 4 : 1.0 -0.2 : 0.7238042762
2 4 : 1.0 0.2 : 0.7370451511
2 4 : 1.0 0.6 : 1.190188396
2 4 : 1.0 1.0 : 1.890327178
2 5 : -1.0 -1.0 : -1.3066991
2 5 : -1.0 -0.6 : -1.120597362
2 5 : -1.0 -0.2 : -0.8326751829
2 5 : -1.0 0.2 : -0.5080834527
2 5 : -1.0 0.6 : -0.2201612738
2 5 : -1.0 1.0 : -0.03405953597
2 5 : -0.6 -1.0 : -1.061385054
2 5 : -0.6 -0.6 : -0.8674835015
2 5 : -0.6 -0.2 : -0.5634183245
2 5 : -0.6 0.2 : -0.2197186711
2 5 : -0.6 0.6 : 0.0843465059
2 5 : -0.6 1.0 : 0.2782480588
2 5 : -0.2 -1.0 : -0.7368112789
2 5 : -0.2 -0.6 : -0.5267667279
2 5 : -0.2 -0.2 : -0.2042077236
2 5 : -0.2 0.2 : 0.1587851675
2 5 : -0.2 0.6 : 0.4813441718
2 5 : -0.2 1.0 : 0.6913887228
2 5 : 0.2 -1.0 : -0.7394674542
2 5 : 0.2 -0.6 : -0.5103149799
2 5 : 0.2 -0.2 : -0.168462738
2 5 : 0.2 0.2 : 0.2138852941
2 5 : 0.2 0.6 : 0.555737536
2 5 : 0.2 1.0 : 0.7848900103
2 5 : 0.6 -1.0 : -0.4148936787
2 5 : 0.6 -0.6 : -0.1695982063
2 5 : 0.6 -0.2 : 0.1907478629
2 5 : 0.6 0.2 : 0.5923891327
2 5 : 0.6 0.6 : 0.9527352019
2 5 : 0.6 1.0 : 1.198030674
2 5 : 1.0 -1.0 : -0.1695796335
2 5 : 1.0 -0.6 : 0.08351565397
2 5 : 1.0 -0.2 : 0.4600047213
2 5 : 1.0 0.2 : 0.8807539143
2 5 : 1.0 0.6 : 1.257242982
2 5 : 1.0 1.0 : 1.510338269
2 6 : -1.0 -1.0 : -1.649459615
2 6 : -1.0 -0.6 : -1.375919678
2 6 : -1.0 -0.2 : -0.9268528068
2 6 : -1.0 0.2 : -0.4139058287
2 6 : -1.0 0.6 : 0.03516104275
2 6 : -1.0 1.0 : 0.3087009789
2 6 : -0.6 -1.0 : -1.339632624
2 6 : -0.6 -0.6 : -1.073314888
2 6 : -0.6 -0.2 : -0.6391955441
2 6 : -0.6 0.2 : -0.1439414515
2 6 : -0.6 0.6 : 0.2901778922
2 6 : -0.6 1.0 : 0.5564956289
2 6 : -0.2 -1.0 : -0.9297713725
2 6 : -0.2 -0.6 : -0.6784011636
2 6 : -0.2 -0.2 : -0.2614060863
2 6 : -0.2 0.2 : 0.2159835302
2 6 : -0.2 0.6 : 0.6329786075
2 6 : -0.2 1.0 : 0.8843488164
2 6 : 0.2 -1.0 : -0.839830557
2 6 : 0.2 -0.6 : -0.6061532336
2 6 : 0.2 -0.2 : -0.2070226324
2 6 : 0.2 0.2 : 0.2524451885
2 6 : 0.2 0.6 : 0.6515757897
2 6 : 0.2 1.0 : 0.8852531131
2 6 : 0.6 -1.0 : -0.429969305
2 6 : 0.6 -0.6 : -0.2112395094
2 6 : 0.6 -0.2 : 0.1707668254
2 6 : 0.6 0.2 : 0.6123701702
2 6 : 0.6 0.6 : 0.994376505
2 6 : 0.6 1.0 : 1.213106301
2 6 : 1.0 -1.0 : -0.120142315
2 6 : 1.0 -0.6 : 0.09136528115
2 6 : 1.0 -0.2 : 0.4584240881
2 6 : 1.0 0.2 : 0.8823345474
2 6 : 1.0 0.6 : 1.249393354
2 6 : 1.0 1.0 : 1.460900951
2 7 : -1.0 -1.0 : -1.110891641
2 7 : -1.0 -0.6 : -1.214593351
2 7 : -1.0 -0.2 : -0.9124719091
2 7 : -1.0 0.2 : -0.4282867265
2 7 : -1.0 0.6 : -0.1261652844
2 7 : -1.0 1.0 : -0.229866995
2 7 : -0.6 -1.0 : -0.8189973643
2 7 : -0.6 -0.6 : -0.927003292
2 7 : -0.6 -0.2 : -0.6305721157
2 7 : -0.6 0.2 : -0.1525648799
2 7 : -0.6 0.6 : 0.1438662964
2 7 : -0.6 1.0 : 0.03586036874
2 7 : -0.2 -1.0 : -0.4328435389
2 7 : -0.2 -0.6 : -0.5465397324
2 7 : -0.2 -0.2 : -0.2576312078
2 7 : -0.2 0.2 : 0.2122086517
2 7 : -0.2 0.6 : 0.5011171763
2 7 : -0.2 1.0 : 0.3874209828
2 7 : 0.2 -1.0 : -0.3686419814
2 7 : 0.2 -0.6 : -0.4885161217
2 7 : 0.2 -0.2 : -0.2077749734
2 7 : 0.2 0.2 : 0.2531975295
2 7 : 0.2 0.6 : 0.5339386778
2 7 : 0.2 1.0 : 0.4140645375
2 7 : 0.6 -1.0 : 0.01751184405
2 7 : 0.6 -0.6 : -0.1080525621
2 7 : 0.6 -0.2 : 0.1651659345
2 7 : 0.6 0.2 : 0.6179710611
2 7 : 0.6 0.6 : 0.8911895577
2 7 : 0.6 1.0 : 0.7656251515
2 7 : 1.0 -1.0 : 0.3094061203
2 7 : 1.0 -0.6 : 0.1795374971
2 7 : 1.0 -0.2 : 0.4470657279
2 7 : 1.0 0.2 : 0.8936929077
2 7 : 1.0 0.6 : 1.161221138
2 7 : 1.0 1.0 : 1.031352515
2 8 : -1.0 -1.0 : -1.20358672
2 8 : -1.0 -0.6 : -1.024621636
2 8 : -1.0 -0.2 : -0.7944391887
2 8 : -1.0 0.2 : -0.5463194469
2 8 : -1.0 0.6 : -0.3161369997
2 8 : -1.0 1.0 : -0.1371719159
2 8 : -0.6 -1.0 : -0.9169318447
2 8 : -0.6 -0.6 : -0.7405473111
2 8 : -0.6 -0.2 : -0.5137764056
2 8 : -0.6 0.2 : -0.26936059
2 8 : -0.6 0.6 : -0.04258968454
2 8 : -0.6 1.0 : 0.1337948491
2 8 : -0.2 -1.0 : -0.5377046184
2 8 : -0.2 -0.6 : -0.3647316266
2 8 : -0.2 -0.2 : -0.1424708516
2 8 : -0.2 0.2 : 0.09704829548
2 8 : -0.2 0.6 : 0.3193090705
2 8 : -0.2 1.0 : 0.4922820623
2 8 : 0.2 -1.0 : -0.4810233003
2 8 : 0.2 -0.6 : -0.3117542346
2 8 : 0.2 -0.2 : -0.09439012811
2 8 : 0.2 0.2 : 0.1398126842
2 8 : 0.2 0.6 : 0.3571767907
2 8 : 0.2 1.0 : 0.5264458564
2 8 : 0.6 -1.0 : -0.101796074
2 8 : 0.6 -0.6 : 0.06406144986
2 8 : 0.6 -0.2 : 0.2769154259
2 8 : 0.6 0.2 : 0.5062215697
2 8 : 0.6 0.6 : 0.7190755457
2 8 : 0.6 1.0 : 0.8849330696
2 8 : 1.0 -1.0 : 0.184858801
2 8 : 1.0 -0.6 : 0.3481357747
2 8 : 1.0 -0.2 : 0.557578209
2 8 : 1.0 0.2 : 0.7831804266
2 8 : 1.0 0.6 : 0.9926228609
2 8 : 1.0 1.0 : 1.155899835
2 9 : -1.0 -1.0 : -1.649975663
2 9 : -1.0 -0.6 : -2.081733202
2 9 : -1.0 -0.2 : -1.369297586
2 9 : -1.0 0.2 : 0.02853894996
2 9 : -1.0 0.6 : 0.7409745668
2 9 : -1.0 1.0 : 0.3092170273
2 9 : -0.6 -1.0 : -1.375099607
2 9 : -0.6 -0.6 : -1.805562681
2 9 : -0.6 -0.2 : -1.091415754
2 9 : -0.6 0.2 : 0.3082787585
2 9 : -0.6 0.6 : 1.022425686
2 9 : -0.6 1.0 : 0.5919626112
2 9 : -0.2 -1.0 : -1.011444228
2 9 : -0.2 -0.6 : -1.440195992
2 9 : -0.2 -0.2 : -0.7237866769
2 9 : -0.2 0.2 : 0.6783641208
2 9 : -0.2 0.6 : 1.394773436
2 9 : -0.2 1.0 : 0.966021672
2 9 : 0.2 -1.0 : -0.9716693339
2 9 : 0.2 -0.6 : -1.398563121
2 9 : 0.2 -0.2 : -0.6796975205
2 9 : 0.2 0.2 : 0.7251200766
2 9 : 0.2 0.6 : 1.443985677
2 9 : 0.2 1.0 : 1.01709189
2 9 : 0.6 -1.0 : -0.6080139552
2 9 : 0.6 -0.6 : -1.033196432
2 9 : 0.6 -0.2 : -0.3120684433
2 9 : 0.6 0.2 : 1.095205439
2 9 : 0.6 0.6 : 1.816333428
2 9 : 0.6 1.0 : 1.391150951
2 9 : 1.0 -1.0 : -0.3331378992
2 9 : 1.0 -0.6 : -0.7570259109
2 9 : 1.0 -0.2 : -0.03418661185
2 9 : 1.0 0.2 : 1.374945247
2 9 : 1.0 0.6 : 2.097784546
2 9 : 1.0 1.0 : 1.673896535
2 10 : -1.0 -1.0 : -1.065298256
2 10 : -1.0 -0.6 : -0.8027603592
2 10 : -1.0 -0.2 : -0.6901729768
2 10 : -1.0 0.2 : -0.6558866729
2 10 : -1.0 0.6 : -0.5844478206
2 10 : -1.0 1.0 : -0.3977105362
2 10 : -0.6 -1.0 : -0.7284781006
2 10 : -0.6 -0.6 : -0.4908772145
2 10 : -0.6 -0.2 : -0.401542015
2 10 : -0.6 0.2 : -0.3851520583
2 10 : -0.6 0.6 : -0.3234282777
2 10 : -0.6 1.0 : -0.1366909933
2 10 : -0.2 -1.0 : -0.3124620546
2 10 : -0.2 -0.6 : -0.09811335139
2 10 : -0.2 -0.2 : -0.02667449909
2 10 : -0.2 0.2 : -0.01999961404
2 10 : -0.2 0.6 : 0.04172416659
2 10 : -0.2 1.0 : 0.2381765226
2 10 : 0.2 -1.0 : -0.2381765226
2 10 : 0.2 -0.6 : -0.04172416659
2 10 : 0.2 -0.2 : 0.01999961404
2 10 : 0.2 0.2 : 0.02667449909
2 10 : 0.2 0.6 : 0.09811335139
2 10 : 0.2 1.0 : 0.3124620546
2 10 : 0.6 -1.0 : 0.1366909933
2 10 : 0.6 -0.6 : 0.3234282777
2 10 : 0.6 -0.2 : 0.3851520583
2 10 : 0.6 0.2 : 0.401542015
2 10 : 0.6 0.6 : 0.4908772145
2 10 : 0.6 1.0 : 0.7284781006
2 10 : 1.0 -1.0 : 0.3977105362
2 10 : 1.0 -0.6 : 0.5844478206
2 10 : 1.0 -0.2 : 0.6558866729
2 10 : 1.0 0.2 : 0.6901729768
2 10 : 1.0 0.6 : 0.8027603592
2 10 : 1.0 1.0 : 1.065298256
2 11 : -1.0 -1.0 : -1.21231404
2 11 : -1.0 -0.6 : -1.996927763
2 11 : -1.0 -0.2 : -1.485877773
2 11 : -1.0 0.2 : 0.1451191373
2 11 : -1.0 0.6 : 0.6561691273
2 11 : -1.0 1.0 : -0.1284445952
2 11 : -0.6 -1.0 : -0.9229956788
2 11 : -0.6 -0.6 : -1.710056111
2 11 : -0.6 -0.2 : -1.204069988
2 11 : -0.6 0.2 : 0.4209329927
2 11 : -0.6 0.6 : 0.9269191153
2 11 : -0.6 1.0 : 0.1398586832
2 11 : -0.2 -1.0 : -0.5402472669
2 11 : -0.2 -0.6 : -1.332371566
2 11 : -0.2 -0.2 : -0.8321867384
2 11 : -0.2 0.2 : 0.7867641823
2 11 : -0.2 0.6 : 1.28694901
2 11 : -0.2 1.0 : 0.4948247108
2 11 : 0.2 -1.0 : -0.479742982
2 11 : 0.2 -0.6 : -1.277861211
2 11 : 0.2 -0.2 : -0.783728443
2 11 : 0.2 0.2 : 0.8291509991
2 11 : 0.2 0.6 : 1.323283767
2 11 : 0.2 1.0 : 0.5251655381
2 11 : 0.6 -1.0 : -0.09699457012
2 11 : 0.6 -0.6 : -0.9001766663
2 11 : 0.6 -0.2 : -0.4118451932
2 11 : 0.6 0.2 : 1.194982189
2 11 : 0.6 0.6 : 1.683313662
2 11 : 0.6 1.0 : 0.8801315657
2 11 : 1.0 -1.0 : 0.1923237915
2 11 : 1.0 -0.6 : -0.6133050142
2 11 : 1.0 -0.2 : -0.1300374085
2 11 : 1.0 0.2 : 1.470796044
2 11 : 1.0 0.6 : 1.95406365
2 11 : 1.0 1.0 : 1.148434844
2 12 : -1.0 -1.0 : -1.435817801
2 12 : -1.0 -0.6 : -1.536534476
2 12 : -1.0 -0.2 : -0.7687303827
2 12 : -1.0 0.2 : -0.5720282529
2 12 : -1.0 0.6 : 0.1957758401
2 12 : -1.0 1.0 : 0.09505916531
2 12 : -0.6 -1.0 : -1.100580466
2 12 : -0.6 -0.6 : -1.214436208
2 12 : -0.6 -0.2 : -0.4738255727
2 12 : -0.6 0.2 : -0.3093114229
2 12 : -0.6 0.6 : 0.4312992126
2 12 : -0.6 1.0 : 0.3174434705
2 12 : -0.2 -1.0 : -0.6571262012
2 12 : -0.2 -0.6 : -0.7981754008
2 12 : -0.2 -0.2 : -0.08871827861
2 12 : -0.2 0.2 : 0.04329572251
2 12 : -0.2 0.6 : 0.7527528447
2 12 : -0.2 1.0 : 0.6117036451
2 12 : 0.2 -1.0 : -0.5307133028
2 12 : 0.2 -0.6 : -0.7039504825
2 12 : 0.2 -0.2 : -0.02699350894
2 12 : 0.2 0.2 : 0.07241606503
2 12 : 0.2 0.6 : 0.7493730386
2 12 : 0.2 1.0 : 0.5761358589
2 12 : 0.6 -1.0 : -0.08725903794
2 12 : 0.6 -0.6 : -0.2876896751
2 12 : 0.6 -0.2 : 0.3581137851
2 12 : 0.6 0.2 : 0.4250232105
2 12 : 0.6 0.6 : 1.070826671
2 12 : 0.6 1.0 : 0.8703960335
2 12 : 1.0 -1.0 : 0.2479782969
2 12 : 1.0 -0.6 : 0.03440859242
2 12 : 1.0 -0.2 : 0.6530185952
2 12 : 1.0 0.2 : 0.6877400404
2 12 : 1.0 0.6 : 1.306350043
2 12 : 1.0 1.0 : 1.092780339
2 13 : -1.0 -1.0 : -1.448707079
2 13 : -1.0 -0.6 : -0.8845202598
2 13 : -1.0 -0.2 : -0.6706196877
2 13 : -1.0 0.2 : -0.6667948297
2 13 : -1.0 0.6 : -0.4269359138
2 13 : -1.0 1.0 : 0.1850693418
2 13 : -0.6 -1.0 : -1.206491158
2 13 : -0.6 -0.6 : -0.62657295
2 13 : -0.6 -0.2 : -0.3980038549
2 13 : -0.6 0.2 : -0.3828891761
2 13 : -0.6 0.6 : -0.1369015559
2 13 : -0.6 1.0 : 0.4751036998
2 13 : -0.2 -1.0 : -0.8673838468
2 13 : -0.2 -0.6 : -0.2727971163
2 13 : -0.2 -0.2 : -0.03293820034
2 13 : -0.2 0.2 : -0.01169481728
2 13 : -0.2 0.6 : 0.2342928029
2 13 : -0.2 1.0 : 0.8401693543
2 13 : 0.2 -1.0 : -0.8401693543
2 13 : 0.2 -0.6 : -0.2342928029
2 13 : 0.2 -0.2 : 0.01169481728
2 13 : 0.2 0.2 : 0.03293820034
2 13 : 0.2 0.6 : 0.2727971163
2 13 : 0.2 1.0 : 0.8673838468
2 13 : 0.6 -1.0 : -0.4751036998
2 13 : 0.6 -0.6 : 0.1369015559
2 13 : 0.6 -0.2 : 0.3828891761
2 13 : 0.6 0.2 : 0.3980038549
2 13 : 0.6 0.6 : 0.62657295
2 13 : 0.6 1.0 : 1.206491158
2 13 : 1.0 -1.0 : -0.1850693418
2 13 : 1.0 -0.6 : 0.4269359138
2 13 : 1.0 -0.2 : 0.6667948297
2 13 : 1.0 0.2 : 0.6706196877
2 13 : 1.0 0.6 : 0.8845202598
2 13 : 1.0 1.0 : 1.448707079
2 14 : -1.0 -1.0 : -1.119276408
2 14 : -1.0 -0.6 : -2.286037696
2 14 : -1.0 -0.2 : -1.751195613
2 14 : -1.0 0.2 : 0.4104369776
2 14 : -1.0 0.6 : 0.9452790601
2 14 : -1.0 1.0 : -0.2214822275
2 14 : -0.6 -1.0 : -0.8801997462
2 14 : -0.6 -0.6 : -2.037708827
2 14 : -0.6 -0.2 : -1.483717783
2 14 : -0.6 0.2 : 0.7005807879
2 14 : -0.6 0.6 : 1.254571832
2 14 : -0.6 1.0 : 0.09706275058
2 14 : -0.2 -1.0 : -0.5638719232
2 14 : -0.2 -0.6 : -1.702232043
2 14 : -0.2 -0.2 : -1.126303465
2 14 : -0.2 0.2 : 1.080880909
2 14 : -0.2 0.6 : 1.656809487
2 14 : -0.2 1.0 : 0.5184493671
2 14 : 0.2 -1.0 : -0.5754807658
2 14 : 0.2 -0.6 : -1.691174905
2 14 : 0.2 -0.2 : -1.092360525
2 14 : 0.2 0.2 : 1.137783081
2 14 : 0.2 0.6 : 1.736597461
2 14 : 0.2 1.0 : 0.6209033219
2 14 : 0.6 -1.0 : -0.2591529428
2 14 : 0.6 -0.6 : -1.355698121
2 14 : 0.6 -0.2 : -0.734946206
2 14 : 0.6 0.2 : 1.518083202
2 14 : 0.6 0.6 : 2.138835117
2 14 : 0.6 1.0 : 1.042289938
2 14 : 1.0 -1.0 : -0.02007628088
2 14 : 1.0 -0.6 : -1.107369252
2 14 : 1.0 -0.2 : -0.4674683763
2 14 : 1.0 0.2 : 1.808227012
2 14 : 1.0 0.6 : 2.448127888
2 14 : 1.0 1.0 : 1.360834916
2 15 : -1.0 -1.0 : -1.024077628
2 15 : -1.0 -0.6 : -0.8097244499
2 15 : -1.0 -0.2 : -0.7018522407
2 15 : -1.0 0.2 : -0.6389063949
2 15 : -1.0 0.6 : -0.5310341857
2 15 : -1.0 1.0 : -0.3166810072
2 15 : -0.6 -1.0 : -0.7044946349
2 15 : -0.6 -0.6 : -0.4996353678
2 15 : -0.6 -0.2 : -0.4114123674
2 15 : -0.6 0.2 : -0.3717246282
2 15 : -0.6 0.6 : -0.2835016278
2 15 : -0.6 1.0 : -0.07864236074
2 15 : -0.2 -1.0 : -0.28173574
2 15 : -0.2 -0.6 : -0.09652568166
2 15 : -0.2 -0.2 : -0.0308133122
2 15 : -0.2 0.2 : -0.01460924389
2 15 : -0.2 0.6 : 0.05110312556
2 15 : -0.2 1.0 : 0.2363131839
2 15 : 0.2 -1.0 : -0.1777918966
2 15 : 0.2 -0.6 : -0.01583994503
2 15 : 0.2 -0.2 : 0.02638875362
2 15 : 0.2 0.2 : 0.01903380247
2 15 : 0.2 0.6 : 0.06126250113
2 15 : 0.2 1.0 : 0.2232144527
2 15 : 0.6 -1.0 : 0.2449669982
2 15 : 0.6 -0.6 : 0.3872697411
2 15 : 0.6 -0.2 : 0.4069878088
2 15 : 0.6 0.2 : 0.3761491868
2 15 : 0.6 0.6 : 0.3958672545
2 15 : 0.6 1.0 : 0.5381699974
2 15 : 1.0 -1.0 : 0.5645499917
2 15 : 1.0 -0.6 : 0.6973588232
2 15 : 1.0 -0.2 : 0.6974276822
2 15 : 1.0 0.2 : 0.6433309534
2 15 : 1.0 0.6 : 0.6433998124
2 15 : 1.0 1.0 : 0.7762086439
2 16 : -1.0 -1.0 : -1.512109351
2 16 : -1.0 -0.6 : -0.9421404075
2 16 : -1.0 -0.2 : -0.6709054597
2 16 : -1.0 0.2 : -0.6698531759
2 16 : -1.0 0.6 : -0.3986182281
2 16 : -1.0 1.0 : 0.1713507151
2 16 : -0.6 -1.0 : -1.252662192
2 16 : -0.6 -0.6 : -0.6763229596
2 16 : -0.6 -0.2 : -0.3966663548
2 16 : -0.6 0.2 : -0.3864706408
2 16 : -0.6 0.6 : -0.106814036
2 16 : -0.6 1.0 : 0.4695251964
2 16 : -0.2 -1.0 : -0.9094041416
2 16 : -0.2 -0.6 : -0.3246432523
2 16 : -0.2 -0.2 : -0.03385303908
2 16 : -0.2 0.2 : -0.01156951701
2 16 : -0.2 0.6 : 0.2792206962
2 16 : -0.2 1.0 : 0.8639815855
2 16 : 0.2 -1.0 : -0.891774717
2 16 : 0.2 -0.6 : -0.2978703975
2 16 : 0.2 -0.2 : 0.005007623675
2 16 : 0.2 0.2 : 0.04041493242
2 16 : 0.2 0.6 : 0.3432929536
2 16 : 0.2 1.0 : 0.9371972731
2 16 : 0.6 -1.0 : -0.5485166667
2 16 : 0.6 -0.6 : 0.05380930979
2 16 : 0.6 -0.2 : 0.3678209394
2 16 : 0.6 0.2 : 0.4153160562
2 16 : 0.6 0.6 : 0.7293276858
2 16 : 0.6 1.0 : 1.331653662
2 16 : 1.0 -1.0 : -0.2890695079
2 16 : 1.0 -0.6 : 0.3196267577
2 16 : 1.0 -0.2 : 0.6420600443
2 16 : 1.0 0.2 : 0.6986985913
2 16 : 1.0 0.6 : 1.021131878
2 16 : 1.0 1.0 : 1.629828143
2 17 : -1.0 -1.0 : -1.017066458
2 17 : -1.0 -0.6 : -0.7253986887
2 17 : -1.0 -0.2 : -0.653298553
2 17 : -1.0 0.2 : -0.6874600826
2 17 : -1.0 0.6 : -0.6153599469
2 17 : -1.0 1.0 : -0.3236921777
2 17 : -0.6 -1.0 : -0.7687667548
2 17 : -0.6 -0.6 : -0.4670613881
2 17 : -0.6 -0.2 : -0.3816913363
2 17 : -0.6 0.2 : -0.4014456593
2 17 : -0.6 0.6 : -0.3160756075
2 17 : -0.6 1.0 : -0.01437024082
2 17 : -0.2 -1.0 : -0.4402458764
2 17 : -0.2 -0.6 : -0.1252705936
2 17 : -0.2 -0.2 : -0.02235743237
2 17 : -0.2 0.2 : -0.02306512372
2 17 : -0.2 0.6 : 0.07984803749
2 17 : -0.2 1.0 : 0.3948233203
2 17 : 0.2 -1.0 : -0.4386166647
2 17 : 0.2 -0.6 : -0.1092341753
2 17 : 0.2 -0.2 : 0.01272561757
2 17 : 0.2 0.2 : 0.03269693853
2 17 : 0.2 0.6 : 0.1546567314
2 17 : 0.2 1.0 : 0.4840392208
2 17 : 0.6 -1.0 : -0.1100957863
2 17 : 0.6 -0.6 : 0.2325566192
2 17 : 0.6 -0.2 : 0.3720595215
2 17 : 0.6 0.2 : 0.4110774741
2 17 : 0.6 0.6 : 0.5505803764
2 17 : 0.6 1.0 : 0.8932327819
2 17 : 1.0 -1.0 : 0.1382039169
2 17 : 1.0 -0.6 : 0.4908939198
2 17 : 1.0 -0.2 : 0.6436667382
2 17 : 1.0 0.2 : 0.6970918974
2 17 : 1.0 0.6 : 0.8498647158
2 17 : 1.0 1.0 : 1.202554719
2 18 : -1.0 -1.0 : -1.355974024
2 18 : -1.0 -0.6 : -0.9268405621
2 18 : -1.0 -0.2 : -0.6501205143
2 18 : -1.0 0.2 : -0.6906381213
2 18 : -1.0 0.6 : -0.4139180735
2 18 : -1.0 1.0 : 0.01521538889
2 18 : -0.6 -1.0 : -1.131571711
2 18 : -0.6 -0.6 : -0.6897690797
2 18 : -0.6 -0.2 : -0.3868281072
2 18 : -0.6 0.2 : -0.3963088884
2 18 : -0.6 0.6 : -0.09336791587
2 18 : -0.6 1.0 : 0.3484347151
2 18 : -0.2 -1.0 : -0.8346436861
2 18 : -0.2 -0.6 : -0.3666201303
2 18 : -0.2 -0.2 : -0.03363980254
2 18 : -0.2 0.2 : -0.01178275356
2 18 : -0.2 0.6 : 0.3211975742
2 18 : -0.2 1.0 : 0.78922113
2 18 : 0.2 -1.0 : -0.8673149756
2 18 : 0.2 -0.6 : -0.368254594
2 18 : 0.2 -0.2 : -0.003936436106
2 18 : 0.2 0.2 : 0.0493589922
2 18 : 0.2 0.6 : 0.4136771501
2 18 : 0.2 1.0 : 0.9127375317
2 18 : 0.6 -1.0 : -0.5703869509
2 18 : 0.6 -0.6 : -0.04510564464
2 18 : 0.6 -0.2 : 0.3492518686
2 18 : 0.6 0.2 : 0.433885127
2 18 : 0.6 0.6 : 0.8282426402
2 18 : 0.6 1.0 : 1.353523947
2 18 : 1.0 -1.0 : -0.3459846372
2 18 : 1.0 -0.6 : 0.1919658377
2 18 : 1.0 -0.2 : 0.6125442757
2 18 : 1.0 0.2 : 0.7282143599
2 18 : 1.0 0.6 : 1.148792798
2 18 : 1.0 1.0 : 1.686743273
2 19 : -1.0 -1.0 : -0.9020870078
2 19 : -1.0 -0.6 : -1.35730648
2 19 : -1.0 -0.2 : -1.093718549
2 19 : -1.0 0.2 : -0.2470400868
2 19 : -1.0 0.6 : 0.01654784487
2 19 : -1.0 1.0 : -0.4386716278
2 19 : -0.6 -1.0 : -0.6559430615
2 19 : -0.6 -0.6 : -1.100415732
2 19 : -0.6 -0.2 : -0.8226203012
2 19 : -0.6 0.2 : 0.0394833056
2 19 : -0.6 0.6 : 0.3172787366
2 19 : -0.6 1.0 : -0.1271939341
2 19 : -0.2 -1.0 : -0.3302721391
2 19 : -0.2 -0.6 : -0.7605373106
2 19 : -0.2 -0.2 : -0.4639592652
2 19 : -0.2 0.2 : 0.4185367091
2 19 : -0.2 0.6 : 0.7151147545
2 19 : -0.2 1.0 : 0.284849583
2 19 : 0.2 -1.0 : -0.3317371374
2 19 : 0.2 -0.6 : -0.7465771639
2 19 : 0.2 -0.2 : -0.429606751
2 19 : 0.2 0.2 : 0.4750293071
2 19 : 0.2 0.6 : 0.79199972
2 19 : 0.2 1.0 : 0.3771596935
2 19 : 0.6 -1.0 : -0.006066215019
2 19 : 0.6 -0.6 : -0.4066987423
2 19 : 0.6 -0.2 : -0.07094571504
2 19 : 0.6 0.2 : 0.8540827106
2 19 : 0.6 0.6 : 1.189835738
2 19 : 0.6 1.0 : 0.7892032106
2 19 : 1.0 -1.0 : 0.2400777313
2 19 : 1.0 -0.6 : -0.149807994
2 19 : 1.0 -0.2 : 0.2001525325
2 19 : 1.0 0.2 : 1.140606103
2 19 : 1.0 0.6 : 1.49056663
2 19 : 1.0 1.0 : 1.100680904
2 20 : -1.0 -1.0 : -0.1742031296
2 20 : -1.0 -0.6 : -0.4902567798
2 20 : -1.0 -0.2 : -0.6540243487
2 20 : -1.0 0.2 : -0.6417236679
2 20 : -1.0 0.6 : -0.4552967444
2 20 : -1.0 1.0 : -0.1221031604
2 20 : -0.6 -1.0 : 0.1131776573
2 20 : -0.6 -0.6 : -0.204871533
2 20 : -0.6 -0.2 : -0.3727691998
2 20 : -0.6 0.2 : -0.3653571768
2 20 : -0.6 0.6 : -0.1830603512
2 20 : -0.6 1.0 : 0.1481376927
2 20 : -0.2 -1.0 : 0.4933645543
2 20 : -0.2 -0.6 : 0.1711852661
2 20 : -0.2 -0.2 : -0.001443945353
2 20 : -0.2 0.2 : 0.001032008204
2 20 : -0.2 0.6 : 0.1785972892
2 20 : -0.2 1.0 : 0.5056652352
2 20 : 0.2 -1.0 : 0.5510877913
2 20 : 0.2 -0.6 : 0.2240198453
2 20 : 0.2 -0.2 : 0.0464545643
2 20 : 0.2 0.2 : 0.04397861074
2 20 : 0.2 0.6 : 0.2166078222
2 20 : 0.2 1.0 : 0.5387871104
2 20 : 0.6 -1.0 : 0.9312746883
2 20 : 0.6 -0.6 : 0.6000766444
2 20 : 0.6 -0.2 : 0.4177798188
2 20 : 0.6 0.2 : 0.4103677958
2 20 : 0.6 0.6 : 0.5782654626
2 20 : 0.6 1.0 : 0.8963146529
2 20 : 1.0 -1.0 : 1.218655475
2 20 : 1.0 -0.6 : 0.8854618912
2 20 : 1.0 -0.2 : 0.6990349677
2 20 : 1.0 0.2 : 0.6867342869
2 20 : 1.0 0.6 : 0.8505018558
2 20 : 1.0 1.0 : 1.166555506
2 21 : -1.0 -1.0 : -1.471561284
2 21 : -1.0 -0.6 : -1.195362286
2 21 : -1.0 -0.2 : -0.8532120797
2 21 : -1.0 0.2 : -0.4875465559
2 21 : -1.0 0.6 : -0.1453963492
2 21 : -1.0 1.0 : 0.1308026483
2 21 : -0.6 -1.0 : -1.246917363
2 21 : -0.6 -0.6 : -0.9581054557
2 21 : -0.6 -0.2 : -0.5898507613
2 21 : -0.6 0.2 : -0.1932862343
2 21 : -0.6 0.6 : 0.1749684601
2 21 : -0.6 1.0 : 0.4637803673
2 21 : -0.2 -1.0 : -0.9496699283
2 21 : -0.2 -0.6 : -0.6347535334
2 21 : -0.2 -0.2 : -0.236592877
2 21 : -0.2 0.2 : 0.1911703209
2 21 : -0.2 0.6 : 0.5893309774
2 21 : -0.2 1.0 : 0.9042473722
2 21 : 0.2 -1.0 : -0.9819944331
2 21 : 0.2 -0.6 : -0.636179035
2 21 : 0.2 -0.2 : -0.2068197077
2 21 : 0.2 0.2 : 0.2522422638
2 21 : 0.2 0.6 : 0.6816015911
2 21 : 0.2 1.0 : 1.027416989
2 21 : 0.6 -1.0 : -0.6847469986
2 21 : 0.6 -0.6 : -0.3128271128
2 21 : 0.6 -0.2 : 0.1464381766
2 21 : 0.6 0.2 : 0.636698819
2 21 : 0.6 0.6 : 1.095964108
2 21 : 0.6 1.0 : 1.467883994
2 21 : 1.0 -1.0 : -0.4601030775
2 21 : 1.0 -0.6 : -0.07557028209
2 21 : 1.0 -0.2 : 0.409799495
2 21 : 1.0 0.2 : 0.9309591406
2 21 : 1.0 0.6 : 1.416328918
2 21 : 1.0 1.0 : 1.800861713
2 22 : -1.0 -1.0 : -1.23795676
2 22 : -1.0 -0.6 : -0.8477286374
2 22 : -1.0 -0.2 : -0.646019057
2 22 : -1.0 0.2 : -0.6947395786
2 22 : -1.0 0.6 : -0.4930299982
2 22 : -1.0 1.0 : -0.1028018756
2 22 : -0.6 -1.0 : -1.012668704
2 22 : -0.6 -0.6 : -0.6099776601
2 22 : -0.6 -0.2 : -0.3824740181
2 22 : -0.6 0.2 : -0.4006629775
2 22 : -0.6 0.6 : -0.1731593355
2 22 : -0.6 1.0 : 0.229531708
2 22 : -0.2 -1.0 : -0.7145697085
2 22 : -0.2 -0.6 : -0.2860846035
2 22 : -0.2 -0.2 : -0.02903063152
2 22 : -0.2 0.2 : -0.01639192458
2 22 : -0.2 0.6 : 0.2406620474
2 22 : -0.2 1.0 : 0.6691471524
2 22 : 0.2 -1.0 : -0.7459696703
2 22 : 0.2 -0.6 : -0.286953003
2 22 : 0.2 -0.2 : 0.0009286352581
2 22 : 0.2 0.2 : 0.04449392084
2 22 : 0.2 0.6 : 0.3323755591
2 22 : 0.2 1.0 : 0.7913922264
2 22 : 0.6 -1.0 : -0.4478706753
2 22 : 0.6 -0.6 : 0.03694005357
2 22 : 0.6 -0.2 : 0.3543720218
2 22 : 0.6 0.2 : 0.4287649738
2 22 : 0.6 0.6 : 0.746196942
2 22 : 0.6 1.0 : 1.231007671
2 22 : 1.0 -1.0 : -0.2225826189
2 22 : 1.0 -0.6 : 0.2746910309
2 22 : 1.0 -0.2 : 0.6179170607
2 22 : 1.0 0.2 : 0.7228415749
2 22 : 1.0 0.6 : 1.066067605
2 22 : 1.0 1.0 : 1.563341254
2 23 : -1.0 -1.0 : -1.440467887
2 23 : -1.0 -0.6 : -1.175602751
2 23 : -1.0 -0.2 : -0.8462823426
2 23 : -1.0 0.2 : -0.4944488053
2 23 : -1.0 0.6 : -0.1649150262
2 23 : -1.0 1.0 : 0.1003431637
2 23 : -0.6 -1.0 : -1.161853594
2 23 : -0.6 -0.6 : -0.8968666026
2 23 : -0.6 -0.2 : -0.5674800444
2 23 : -0.6 0.2 : -0.2156465071
2 23 : -0.6 0.6 : 0.1138211223
2 23 : -0.6 1.0 : 0.3789574564
2 23 : -0.2 -1.0 : -0.7931030593
2 23 : -0.2 -0.6 : -0.5280499184
2 23 : -0.2 -0.2 : -0.1986274507
2 23 : -0.2 0.2 : 0.1532060865
2 23 : -0.2 0.6 : 0.4826378064
2 23 : -0.2 1.0 : 0.7477079909
2 23 : 0.2 -1.0 : -0.7476805032
2 23 : 0.2 -0.6 : -0.4826273623
2 23 : 0.2 -0.2 : -0.1532048946
2 23 : 0.2 0.2 : 0.1986286426
2 23 : 0.2 0.6 : 0.5280603625
2 23 : 0.2 1.0 : 0.793130547
2 23 : 0.6 -1.0 : -0.3787165982
2 23 : 0.6 -0.6 : -0.113729607
2 23 : 0.6 -0.2 : 0.2156569512
2 23 : 0.6 0.2 : 0.5674904885
2 23 : 0.6 0.6 : 0.8969581179
2 23 : 0.6 1.0 : 1.162094452
2 23 : 1.0 -1.0 : -0.09970925092
2 23 : 1.0 -0.6 : 0.1651558845
2 23 : 1.0 -0.2 : 0.494476293
2 23 : 1.0 0.2 : 0.8463098303
2 23 : 1.0 0.6 : 1.175843609
2 23 : 1.0 1.0 : 1.441101799
2 24 : -1.0 -1.0 : -0.2867993144
2 24 : -1.0 -0.6 : -0.5067056757
2 24 : -1.0 -0.2 : -0.6402092852
2 24 : -1.0 0.2 : -0.6747753543
2 24 : -1.0 0.6 : -0.6049466608
2 24 : -1.0 1.0 : -0.4332051241
2 24 : -0.6 -1.0 : -0.03207090673
2 24 : -0.6 -0.6 : -0.2440545963
2 24 : -0.6 -0.2 : -0.3670842664
2 24 : -0.6 0.2 : -0.3902787331
2 24 : -0.6 0.6 : -0.3099761002
2 24 : -0.6 1.0 : -0.1303118919
2 24 : -0.2 -1.0 : 0.304948855
2 24 : -0.2 -0.6 : 0.1034391049
2 24 : -0.2 -0.2 : -0.005743795968
2 24 : -0.2 0.2 : -0.01390476402
2 24 : -0.2 0.6 : 0.08024463811
2 24 : -0.2 1.0 : 0.2703827859
2 24 : 0.2 -1.0 : 0.315805342
2 24 : 0.2 -0.6 : 0.1256671942
2 24 : 0.2 -0.2 : 0.03151779207
2 24 : 0.2 0.2 : 0.03967876013
2 24 : 0.2 0.6 : 0.1488616609
2 24 : 0.2 1.0 : 0.3503714111
2 24 : 0.6 -1.0 : 0.6528251037
2 24 : 0.6 -0.6 : 0.4731608954
2 24 : 0.6 -0.2 : 0.3928582625
2 24 : 0.6 0.2 : 0.4160527292
2 24 : 0.6 0.6 : 0.5390823993
2 24 : 0.6 1.0 : 0.7510660889
2 24 : 1.0 -1.0 : 0.9075535114
2 24 : 1.0 -0.6 : 0.7358119748
2 24 : 1.0 -0.2 : 0.6659832813
2 24 : 1.0 0.2 : 0.7005493504
2 24 : 1.0 0.6 : 0.8340529599
2 24 : 1.0 1.0 : 1.053959321
3 4 : -1.0 -1.0 : 1.897124706
3 4 : -1.0 -0.6 : 1.264085873
3 4 : -1.0 -0.2 : 0.8545558216
3 4 : -1.0 0.2 : 0.8545558216
3 4 : -1.0 0.6 : 1.264085873
3 4 : -1.0 1.0 : 1.897124706
3 4 : -0.6 -1.0 : 1.428629247
3 4 : -0.6 -0.6 : 0.7822705402
3 4 : -0.6 -0.2 : 0.365509766
3 4 : -0.6 0.2 : 0.365509766
3 4 : -0.6 0.6 : 0.7822705402
3 4 : -0.6 1.0 : 1.428629247
3 4 : -0.2 -1.0 : 1.183958065
3 4 : -0.2 -0.6 : 0.5199902033
3 4 : -0.2 -0.2 : 0.09367026059
3 4 : -0.2 0.2 : 0.09367026059
3 4 : -0.2 0.6 : 0.5199902033
3 4 : -0.2 1.0 : 1.183958065
3 4 : 0.2 -1.0 : 1.214791849
3 4 : 0.2 -0.6 : 0.5317056503
3 4 : 0.2 -0.2 : 0.09500727586
3 4 : 0.2 0.2 : 0.09500727586
3 4 : 0.2 0.6 : 0.5317056503
3 4 : 0.2 1.0 : 1.214791849
3 4 : 0.6 -1.0 : 1.516262623
3 4 : 0.6 -0.6 : 0.8155672695
3 4 : 0.6 -0.2 : 0.3693097265
3 4 : 0.6 0.2 : 0.3693097265
3 4 : 0.6 0.6 : 0.8155672695
3 4 : 0.6 1.0 : 1.516262623
3 4 : 1.0 -1.0 : 2.02772229
3 4 : 1.0 -0.6 : 1.313707063
3 4 : 1.0 -0.2 : 0.8602187971
3 4 : 1.0 0.2 : 0.8602187971
3 4 : 1.0 0.6 : 1.313707063
3 4 : 1.0 1.0 : 2.02772229
3 5 : -1.0 -1.0 : 0.05223109402
3 5 : -1.0 -0.6 : 0.2745231017
3 5 : -1.0 -0.2 : 0.6102895821
3 5 : -1.0 0.2 : 0.9868260823
3 5 : -1.0 0.6 : 1.322592563
3 5 : -1.0 1.0 : 1.54488457
3 5 : -0.6 -1.0 : -0.435052974
3 5 : -0.6 -0.6 : -0.213388154
3 5 : -0.6 -0.2 : 0.1210802587
3 5 : -0.6 0.2 : 0.4960802797
3 5 : -0.6 0.6 : 0.8305486923
3 5 : -0.6 1.0 : 1.052213512
3 5 : -0.2 -1.0 : -0.7045630947
3 5 : -0.2 -0.6 : -0.4841963425
3 5 : -0.2 -0.2 : -0.1512150292
3 5 : -0.2 0.2 : 0.2222336114
3 5 : -0.2 0.6 : 0.5552149247
3 5 : -0.2 1.0 : 0.7755816769
3 5 : 0.2 -1.0 : -0.7006970562
3 5 : 0.2 -0.6 : -0.4818667831
3 5 : 0.2 -0.2 : -0.1504368502
3 5 : 0.2 0.2 : 0.2214554324
3 5 : 0.2 0.6 : 0.5528853653
3 5 : 0.2 1.0 : 0.7717156384
3 5 : 0.6 -1.0 : -0.4240652208
3 5 : 0.6 -0.6 : -0.2065330155
3 5 : 0.6 -0.2 : 0.1234098181
3 5 : 0.6 0.2 : 0.4937507203
3 5 : 0.6 0.6 : 0.8236935538
3 5 : 0.6 1.0 : 1.041225759
3 5 : 1.0 -1.0 : 0.06860583726
3 5 : 1.0 -0.6 : 0.2855108549
3 5 : 1.0 -0.2 : 0.6141556207
3 5 : 1.0 0.2 : 0.9829600437
3 5 : 1.0 0.6 : 1.311604809
3 5 : 1.0 1.0 : 1.528509827
3 6 : -1.0 -1.0 : -0.05488468313
3 6 : -1.0 -0.6 : 0.1681954297
3 6 : -1.0 -0.2 : 0.5657032387
3 6 : -1.0 0.2 : 1.034131957
3 6 : -1.0 0.6 : 1.452749827
3 6 : -1.0 1.0 : 1.714717246
3 6 : -0.6 -1.0 : -0.5643058995
3 6 : -0.6 -0.6 : -0.3291698444
3 6 : -0.6 -0.2 : 0.07488255948
3 6 : -0.6 0.2 : 0.5433112782
3 6 : -0.6 0.6 : 0.9553845527
3 6 : -0.6 1.0 : 1.20529603
3 6 : -0.2 -1.0 : -0.8479319078
3 6 : -0.2 -0.6 : -0.6062512578
3 6 : -0.2 -0.2 : -0.198646106
3 6 : -0.2 0.2 : 0.2697826127
3 6 : -0.2 0.6 : 0.6783031394
3 6 : -0.2 1.0 : 0.9216700217
3 6 : 0.2 -1.0 : -0.8479319078
3 6 : 0.2 -0.6 : -0.6062512578
3 6 : 0.2 -0.2 : -0.198646106
3 6 : 0.2 0.2 : 0.2697826127
3 6 : 0.2 0.6 : 0.6783031394
3 6 : 0.2 1.0 : 0.9216700217
3 6 : 0.6 -1.0 : -0.5643058995
3 6 : 0.6 -0.6 : -0.3291698444
3 6 : 0.6 -0.2 : 0.07488255948
3 6 : 0.6 0.2 : 0.5433112782
3 6 : 0.6 0.6 : 0.9553845527
3 6 : 0.6 1.0 : 1.20529603
3 6 : 1.0 -1.0 : -0.05488468313
3 6 : 1.0 -0.6 : 0.1681954297
3 6 : 1.0 -0.2 : 0.5657032387
3 6 : 1.0 0.2 : 1.034131957
3 6 : 1.0 0.6 : 1.452749827
3 6 : 1.0 1.0 : 1.714717246
3 7 : -1.0 -1.0 : 0.4670022492
3 7 : -1.0 -0.6 : 0.3274557707
3 7 : -1.0 -0.2 : 0.5821896723
3 7 : -1.0 0.2 : 1.014925992
3 7 : -1.0 0.6 : 1.269659894
3 7 : -1.0 1.0 : 1.130113415
3 7 : -0.6 -1.0 : -0.04573662539
3 7 : -0.6 -0.6 : -0.1799830706
3 7 : -0.6 -0.2 : 0.0857201201
3 7 : -0.6 0.2 : 0.5314404182
3 7 : -0.6 0.6 : 0.7971436089
3 7 : -0.6 1.0 : 0.6628971637
3 7 : -0.2 -1.0 : -0.3488985384
3 7 : -0.2 -0.6 : -0.4721756944
3 7 : -0.2 -0.2 : -0.1939058083
3 7 : -0.2 0.2 : 0.2649243905
3 7 : -0.2 0.6 : 0.5431942766
3 7 : -0.2 1.0 : 0.4199171206
3 7 : 0.2 -1.0 : -0.3815683997
3 7 : 0.2 -0.6 : -0.4918615775
3 7 : 0.2 -0.2 : -0.2004817906
3 7 : 0.2 0.2 : 0.2715003728
3 7 : 0.2 0.6 : 0.5628801597
3 7 : 0.2 1.0 : 0.4525869819
3 7 : 0.6 -1.0 : -0.1385883566
3 7 : 0.6 -0.6 : -0.2379122452
3 7 : 0.6 -0.2 : 0.06603423706
3 7 : 0.6 0.2 : 0.5511263013
3 7 : 0.6 0.6 : 0.8550727835
3 7 : 0.6 1.0 : 0.7557488949
3 7 : 1.0 -1.0 : 0.3286278949
3 7 : 1.0 -0.6 : 0.2346040396
3 7 : 1.0 -0.2 : 0.5495198109
3 7 : 1.0 0.2 : 1.047595853
3 7 : 1.0 0.6 : 1.362511625
3 7 : 1.0 1.0 : 1.268487769
3 8 : -1.0 -1.0 : 0.271430101
3 8 : -1.0 -0.6 : 0.4535654697
3 8 : -1.0 -0.2 : 0.6793570693
3 8 : -1.0 0.2 : 0.9162180489
3 8 : -1.0 0.6 : 1.130051331
3 8 : -1.0 1.0 : 1.29015802
3 8 : -0.6 -1.0 : -0.2075331221
3 8 : -0.6 -0.6 : -0.03222714107
3 8 : -0.6 -0.2 : 0.1898571103
3 8 : -0.6 0.2 : 0.42671809
3 8 : -0.6 0.6 : 0.6442587201
3 8 : -0.6 1.0 : 0.8111947966
3 8 : -0.2 -1.0 : -0.4746249413
3 8 : -0.2 -0.6 : -0.3030263085
3 8 : -0.2 -0.2 : -0.08295459934
3 8 : -0.2 0.2 : 0.1539063804
3 8 : -0.2 0.6 : 0.3734595527
3 8 : -0.2 1.0 : 0.5441029774
3 8 : 0.2 -1.0 : -0.4746249413
3 8 : 0.2 -0.6 : -0.3030263085
3 8 : 0.2 -0.2 : -0.08295459934
3 8 : 0.2 0.2 : 0.1539063804
3 8 : 0.2 0.6 : 0.3734595527
3 8 : 0.2 1.0 : 0.5441029774
3 8 : 0.6 -1.0 : -0.2075331221
3 8 : 0.6 -0.6 : -0.03222714107
3 8 : 0.6 -0.2 : 0.1898571103
3 8 : 0.6 0.2 : 0.42671809
3 8 : 0.6 0.6 : 0.6442587201
3 8 : 0.6 1.0 : 0.8111947966
3 8 : 1.0 -1.0 : 0.271430101
3 8 : 1.0 -0.6 : 0.4535654697
3 8 : 1.0 -0.2 : 0.6793570693
3 8 : 1.0 0.2 : 0.9162180489
3 8 : 1.0 0.6 : 1.130051331
3 8 : 1.0 1.0 : 1.29015802
3 9 : -1.0 -1.0 : -0.1011289446
3 9 : -1.0 -0.6 : -0.5591752656
3 9 : -1.0 -0.2 : 0.1185060266
3 9 : -1.0 0.2 : 1.478609638
3 9 : -1.0 0.6 : 2.15629093
3 9 : -1.0 1.0 : 1.698244609
3 9 : -0.6 -1.0 : -0.621330053
3 9 : -0.6 -0.6 : -1.072338739
3 9 : -0.6 -0.2 : -0.3800919065
3 9 : -0.6 0.2 : 0.9972524448
3 9 : -0.6 0.6 : 1.689499278
3 9 : -0.6 1.0 : 1.238490591
3 9 : -0.2 -1.0 : -0.9343571968
3 9 : -0.2 -0.6 : -1.370800343
3 9 : -0.2 -0.2 : -0.6618668575
3 9 : -0.2 0.2 : 0.7328854397
3 9 : -0.2 0.6 : 1.441818925
3 9 : -0.2 1.0 : 1.005375779
3 9 : 0.2 -1.0 : -0.977737783
3 9 : 0.2 -0.6 : -1.396940189
3 9 : 0.2 -0.2 : -0.6705987577
3 9 : 0.2 0.2 : 0.7416173399
3 9 : 0.2 0.6 : 1.467958771
3 9 : 0.2 1.0 : 1.048756365
3 9 : 0.6 -1.0 : -0.7446229707
3 9 : 0.6 -0.6 : -1.149259836
3 9 : 0.6 -0.2 : -0.4062317526
3 9 : 0.6 0.2 : 1.023392291
3 9 : 0.6 0.6 : 1.766420374
3 9 : 0.6 1.0 : 1.361783509
3 9 : 1.0 -1.0 : -0.2848689531
3 9 : 1.0 -0.6 : -0.6824681833
3 9 : 1.0 -0.2 : 0.07512544043
3 9 : 1.0 0.2 : 1.521990224
3 9 : 1.0 0.6 : 2.279583848
3 9 : 1.0 1.0 : 1.881984617
3 10 : -1.0 -1.0 : 0.5319820938
3 10 : -1.0 -0.6 : 0.7327326936
3 10 : -1.0 -0.2 : 0.7961103749
3 10 : -1.0 0.2 : 0.8015337029
3 10 : -1.0 0.6 : 0.8690131338
3 10 : -1.0 1.0 : 1.077319657
3 10 : -0.6 -1.0 : 0.03822656915
3 10 : -0.6 -0.6 : 0.2413196756
3 10 : -0.6 -0.2 : 0.3059689918
3 10 : -0.6 0.2 : 0.3113923198
3 10 : -0.6 0.6 : 0.3776001158
3 10 : -0.6 1.0 : 0.5835641323
3 10 : -0.2 -1.0 : -0.2368952838
3 10 : -0.2 -0.6 : -0.03253054238
3 10 : -0.2 -0.2 : 0.03280908364
3 10 : -0.2 0.2 : 0.03823241165
3 10 : -0.2 0.6 : 0.1037498978
3 10 : -0.2 1.0 : 0.3084422793
3 10 : 0.2 -1.0 : -0.2368952838
3 10 : 0.2 -0.6 : -0.03253054238
3 10 : 0.2 -0.2 : 0.03280908364
3 10 : 0.2 0.2 : 0.03823241165
3 10 : 0.2 0.6 : 0.1037498978
3 10 : 0.2 1.0 : 0.3084422793
3 10 : 0.6 -1.0 : 0.03822656915
3 10 : 0.6 -0.6 : 0.2413196756
3 10 : 0.6 -0.2 : 0.3059689918
3 10 : 0.6 0.2 : 0.3113923198
3 10 : 0.6 0.6 : 0.3776001158
3 10 : 0.6 1.0 : 0.5835641323
3 10 : 1.0 -1.0 : 0.5319820938
3 10 : 1.0 -0.6 : 0.7327326936
3 10 : 1.0 -0.2 : 0.7961103749
3 10 : 1.0 0.2 : 0.8015337029
3 10 : 1.0 0.6 : 0.8690131338
3 10 : 1.0 1.0 : 1.077319657
3 11 : -1.0 -1.0 : 0.3526492398
3 11 : -1.0 -0.6 : -0.4822085654
3 11 : -1.0 -0.2 : -0.006620836839
3 11 : -1.0 0.2 : 1.609294345
3 11 : -1.0 0.6 : 2.128024212
3 11 : -1.0 1.0 : 1.372639489
3 11 : -0.6 -1.0 : -0.1584116162
3 11 : -0.6 -0.6 : -0.9801968286
3 11 : -0.6 -0.2 : -0.4975126141
3 11 : -0.6 0.2 : 1.118402567
3 11 : -0.6 0.6 : 1.630035949
3 11 : -0.6 1.0 : 0.8615786327
3 11 : -0.2 -1.0 : -0.4593551531
3 11 : -0.2 -0.6 : -1.263858122
3 11 : -0.2 -0.2 : -0.7717922027
3 11 : -0.2 0.2 : 0.8441229787
3 11 : -0.2 0.6 : 1.346374656
3 11 : -0.2 1.0 : 0.5606350958
3 11 : 0.2 -1.0 : -0.4896165136
3 11 : 0.2 -0.6 : -1.275356073
3 11 : 0.2 -0.2 : -0.7731043965
3 11 : 0.2 0.2 : 0.8428107849
3 11 : 0.2 0.6 : 1.334876704
3 11 : 0.2 1.0 : 0.5303737353
3 11 : 0.6 -1.0 : -0.2444180944
3 11 : 0.6 -0.6 : -1.01287541
3 11 : 0.6 -0.2 : -0.501242029
3 11 : 0.6 0.2 : 1.114673152
3 11 : 0.6 0.6 : 1.597357367
3 11 : 0.6 1.0 : 0.7755721545
3 11 : 1.0 -1.0 : 0.2244761757
3 11 : 1.0 -0.6 : -0.5309085473
3 11 : 1.0 -0.2 : -0.01217868024
3 11 : 1.0 0.2 : 1.603736501
3 11 : 1.0 0.6 : 2.07932423
3 11 : 1.0 1.0 : 1.244466425
3 12 : -1.0 -1.0 : 0.1952750504
3 12 : -1.0 -0.6 : 0.04393736163
3 12 : -1.0 -0.2 : 0.7402959385
3 12 : -1.0 0.2 : 0.856007726
3 12 : -1.0 0.6 : 1.546063245
3 12 : -1.0 1.0 : 1.383114554
3 12 : -0.6 -1.0 : -0.2888970118
3 12 : -0.6 -0.6 : -0.443834373
3 12 : -0.6 -0.2 : 0.2505701137
3 12 : -0.6 0.2 : 0.3662819013
3 12 : -0.6 0.6 : 1.05829151
3 12 : -0.6 1.0 : 0.8989424923
3 12 : -0.2 -1.0 : -0.5588164608
3 12 : -0.2 -0.6 : -0.7157079122
3 12 : -0.2 -0.2 : -0.02236420764
3 12 : -0.2 0.2 : 0.0933475799
3 12 : -0.2 0.6 : 0.7864179711
3 12 : -0.2 1.0 : 0.6290230432
3 12 : 0.2 -1.0 : -0.5588164608
3 12 : 0.2 -0.6 : -0.7157079122
3 12 : 0.2 -0.2 : -0.02236420764
3 12 : 0.2 0.2 : 0.0933475799
3 12 : 0.2 0.6 : 0.7864179711
3 12 : 0.2 1.0 : 0.6290230432
3 12 : 0.6 -1.0 : -0.2888970118
3 12 : 0.6 -0.6 : -0.443834373
3 12 : 0.6 -0.2 : 0.2505701137
3 12 : 0.6 0.2 : 0.3662819013
3 12 : 0.6 0.6 : 1.05829151
3 12 : 0.6 1.0 : 0.8989424923
3 12 : 1.0 -1.0 : 0.1952750504
3 12 : 1.0 -0.6 : 0.04393736163
3 12 : 1.0 -0.2 : 0.7402959385
3 12 : 1.0 0.2 : 0.856007726
3 12 : 1.0 0.6 : 1.546063245
3 12 : 1.0 1.0 : 1.383114554
3 13 : -1.0 -1.0 : -0.09363444049
3 13 : -1.0 -0.6 : 0.5299299749
3 13 : -1.0 -0.2 : 0.785948094
3 13 : -1.0 0.2 : 0.8079810156
3 13 : -1.0 0.6 : 1.039263859
3 13 : -1.0 1.0 : 1.617262879
3 13 : -0.6 -1.0 : -0.5608293058
3 13 : -0.6 -0.6 : 0.04860880924
3 13 : -0.6 -0.2 : 0.2969584349
3 13 : -0.6 0.2 : 0.3189913564
3 13 : -0.6 0.6 : 0.5579426931
3 13 : -0.6 1.0 : 1.150068013
3 13 : -0.2 -1.0 : -0.8215326459
3 13 : -0.2 -0.6 : -0.2197630244
3 13 : -0.2 -0.2 : 0.02442374261
3 13 : -0.2 0.2 : 0.04645666414
3 13 : -0.2 0.6 : 0.2895708595
3 13 : -0.2 1.0 : 0.8893646733
3 13 : 0.2 -1.0 : -0.8215326459
3 13 : 0.2 -0.6 : -0.2197630244
3 13 : 0.2 -0.2 : 0.02442374261
3 13 : 0.2 0.2 : 0.04645666414
3 13 : 0.2 0.6 : 0.2895708595
3 13 : 0.2 1.0 : 0.8893646733
3 13 : 0.6 -1.0 : -0.5608293058
3 13 : 0.6 -0.6 : 0.04860880924
3 13 : 0.6 -0.2 : 0.2969584349
3 13 : 0.6 0.2 : 0.3189913564
3 13 : 0.6 0.6 : 0.5579426931
3 13 : 0.6 1.0 : 1.150068013
3 13 : 1.0 -1.0 : -0.09363444049
3 13 : 1.0 -0.6 : 0.5299299749
3 13 : 1.0 -0.2 : 0.785948094
3 13 : 1.0 0.2 : 0.8079810156
3 13 : 1.0 0.6 : 1.039263859
3 13 : 1.0 1.0 : 1.617262879
3 14 : -1.0 -1.0 : 0.2207009436
3 14 : -1.0 -0.6 : -0.903634937
3 14 : -1.0 -0.2 : -0.3127055698
3 14 : -1.0 0.2 : 1.909821234
3 14 : -1.0 0.6 : 2.500750601
3 14 : -1.0 1.0 : 1.376414721
3 14 : -0.6 -1.0 : -0.2665853705
3 14 : -0.6 -0.6 : -1.391547916
3 14 : -0.6 -0.2 : -0.8019155339
3 14 : -0.6 0.2 : 1.419076072
3 14 : -0.6 0.6 : 2.008708454
3 14 : -0.6 1.0 : 0.8837459088
3 14 : -0.2 -1.0 : -0.5360984607
3 14 : -0.2 -0.6 : -1.662357991
3 14 : -0.2 -0.2 : -1.074211469
3 14 : -0.2 0.2 : 1.145230051
3 14 : -0.2 0.6 : 1.733376574
3 14 : -0.2 1.0 : 0.6071170429
3 14 : 0.2 -1.0 : -0.5322356461
3 14 : 0.2 -0.6 : -1.660030375
3 14 : 0.2 -0.2 : -1.073433939
3 14 : 0.2 0.2 : 1.144452521
3 14 : 0.2 0.6 : 1.731048957
3 14 : 0.2 1.0 : 0.6032542283
3 14 : 0.6 -1.0 : -0.2556067801
3 14 : 0.6 -0.6 : -1.384698494
3 14 : 0.6 -0.2 : -0.7995879172
3 14 : 0.6 0.2 : 1.416748455
3 14 : 0.6 0.6 : 2.001859032
3 14 : 0.6 1.0 : 0.8727673184
3 14 : 1.0 -1.0 : 0.2370620318
3 14 : 1.0 -0.6 : -0.8926563466
3 14 : 1.0 -0.2 : -0.3088427552
3 14 : 1.0 0.2 : 1.90595842
3 14 : 1.0 0.6 : 2.489772011
3 14 : 1.0 1.0 : 1.360053633
3 15 : -1.0 -1.0 : 0.5442656715
3 15 : -1.0 -0.6 : 0.725916051
3 15 : -1.0 -0.2 : 0.7905544687
3 15 : -1.0 0.2 : 0.8065611957
3 15 : -1.0 0.6 : 0.8711996134
3 15 : -1.0 1.0 : 1.052849993
3 15 : -0.6 -1.0 : 0.06235748298
3 15 : -0.6 -0.6 : 0.2421288867
3 15 : -0.6 -0.2 : 0.3028784554
3 15 : -0.6 0.2 : 0.3142820829
3 15 : -0.6 0.6 : 0.3750316517
3 15 : -0.6 1.0 : 0.5548030553
3 15 : -0.2 -1.0 : -0.2000456115
3 15 : -0.2 -0.6 : -0.0241630567
3 15 : -0.2 -0.2 : 0.03213134824
3 15 : -0.2 0.2 : 0.03888723397
3 15 : -0.2 0.6 : 0.09518163892
3 15 : -0.2 1.0 : 0.2710641937
3 15 : 0.2 -1.0 : -0.188463443
3 15 : 0.2 -0.6 : -0.01718398778
3 15 : 0.2 -0.2 : 0.0344626754
3 15 : 0.2 0.2 : 0.03655590682
3 15 : 0.2 0.6 : 0.08820256999
3 15 : 0.2 1.0 : 0.2594820252
3 15 : 0.6 -1.0 : 0.09527541867
3 15 : 0.6 -0.6 : 0.262666025
3 15 : 0.6 -0.2 : 0.3098575243
3 15 : 0.6 0.2 : 0.307303014
3 15 : 0.6 0.6 : 0.3544945134
3 15 : 0.6 1.0 : 0.5218851197
3 15 : 1.0 -1.0 : 0.5933223562
3 15 : 1.0 -0.6 : 0.7588339867
3 15 : 1.0 -0.2 : 0.8021366371
3 15 : 1.0 0.2 : 0.7949790272
3 15 : 1.0 0.6 : 0.8382816777
3 15 : 1.0 1.0 : 1.003793308
3 16 : -1.0 -1.0 : -0.1240584937
3 16 : -1.0 -0.6 : 0.4725205554
3 16 : -1.0 -0.2 : 0.7789346257
3 16 : -1.0 0.2 : 0.8181810387
3 16 : -1.0 0.6 : 1.124595109
3 16 : -1.0 1.0 : 1.721174158
3 16 : -0.6 -1.0 : -0.606789612
3 16 : -0.6 -0.6 : -0.01259451018
3 16 : -0.6 -0.2 : 0.2906679314
3 16 : -0.6 0.2 : 0.326492607
3 16 : -0.6 0.6 : 0.6297550485
3 16 : -0.6 1.0 : 1.22395015
3 16 : -0.2 -1.0 : -0.870280637
3 16 : -0.2 -0.6 : -0.2792371639
3 16 : -0.2 -0.2 : 0.01985875781
3 16 : -0.2 0.2 : 0.0511598244
3 16 : -0.2 0.6 : 0.3502557461
3 16 : -0.2 1.0 : 0.9412992192
3 16 : 0.2 -1.0 : -0.8598796394
3 16 : 0.2 -0.6 : -0.2722579037
3 16 : 0.2 -0.2 : 0.02231440899
3 16 : 0.2 0.2 : 0.04870417322
3 16 : 0.2 0.6 : 0.3432764859
3 16 : 0.2 1.0 : 0.9308982217
3 16 : 0.6 -1.0 : -0.5772287083
3 16 : 0.6 -0.6 : 0.007241398727
3 16 : 0.6 -0.2 : 0.2976471916
3 16 : 0.6 0.2 : 0.3195133468
3 16 : 0.6 0.6 : 0.6099191396
3 16 : 0.6 1.0 : 1.194389247
3 16 : 1.0 -1.0 : -0.08000470049
3 16 : 1.0 -0.6 : 0.5020814592
3 16 : 1.0 -0.2 : 0.7893356232
3 16 : 1.0 0.2 : 0.8077800411
3 16 : 1.0 0.6 : 1.095034205
3 16 : 1.0 1.0 : 1.677120365
3 17 : -1.0 -1.0 : 0.3887486301
3 17 : -1.0 -0.6 : 0.7011823993
3 17 : -1.0 -0.2 : 0.8007356258
3 17 : -1.0 0.2 : 0.7963800385
3 17 : -1.0 0.6 : 0.8959332651
3 17 : -1.0 1.0 : 1.208367034
3 17 : -0.6 -1.0 : -0.1109740498
3 17 : -0.6 -0.6 : 0.2037288963
3 17 : -0.6 -0.2 : 0.3079785572
3 17 : -0.6 0.2 : 0.3091819811
3 17 : -0.6 0.6 : 0.413431642
3 17 : -0.6 1.0 : 0.7281345882
3 17 : -0.2 -1.0 : -0.3969282784
3 17 : -0.2 -0.6 : -0.07752889788
3 17 : -0.2 -0.2 : 0.03210111709
3 17 : -0.2 0.2 : 0.03891746513
3 17 : -0.2 0.6 : 0.1485474801
3 17 : -0.2 1.0 : 0.4679468606
3 17 : 0.2 -1.0 : -0.4109156805
3 17 : 0.2 -0.6 : -0.08595728877
3 17 : 0.2 -0.2 : 0.02928565033
3 17 : 0.2 0.2 : 0.04173293189
3 17 : 0.2 0.6 : 0.156975871
3 17 : 0.2 1.0 : 0.4819342627
3 17 : 0.6 -1.0 : -0.1507279529
3 17 : 0.6 -0.6 : 0.1789268731
3 17 : 0.6 -0.2 : 0.2995501663
3 17 : 0.6 0.2 : 0.317610372
3 17 : 0.6 0.6 : 0.4382336652
3 17 : 0.6 1.0 : 0.7678884912
3 17 : 1.0 -1.0 : 0.3295044933
3 17 : 1.0 -0.6 : 0.6614284962
3 17 : 1.0 -0.2 : 0.7867482237
3 17 : 1.0 0.2 : 0.8103674406
3 17 : 1.0 0.6 : 0.9356871681
3 17 : 1.0 1.0 : 1.267611171
3 18 : -1.0 -1.0 : -0.1819306213
3 18 : -1.0 -0.6 : 0.344217472
3 18 : -1.0 -0.2 : 0.749192912
3 18 : -1.0 0.2 : 0.8479227524
3 18 : -1.0 0.6 : 1.252898192
3 18 : -1.0 1.0 : 1.779046286
3 18 : -0.6 -1.0 : -0.6293020597
3 18 : -0.6 -0.6 : -0.1130749183
3 18 : -0.6 -0.2 : 0.2713674825
3 18 : -0.6 0.2 : 0.3457930558
3 18 : -0.6 0.6 : 0.7302354567
3 18 : -0.6 1.0 : 1.246462598
3 18 : -0.2 -1.0 : -0.8460468406
3 18 : -0.2 -0.6 : -0.3503527384
3 18 : -0.2 -0.2 : 0.01056649304
3 18 : -0.2 0.2 : 0.06045208917
3 18 : -0.2 0.6 : 0.4213713206
3 18 : -0.2 1.0 : 0.9170654228
3 18 : 0.2 -1.0 : -0.7848932389
3 18 : 0.2 -0.6 : -0.3135034038
3 18 : 0.2 -0.2 : 0.02287585053
3 18 : 0.2 0.2 : 0.04814273168
3 18 : 0.2 0.6 : 0.384521986
3 18 : 0.2 1.0 : 0.8559118211
3 18 : 0.6 -1.0 : -0.4554960636
3 18 : 0.6 -0.6 : -0.004639267686
3 18 : 0.6 -0.2 : 0.3082168171
3 18 : 0.6 0.2 : 0.3089437212
3 18 : 0.6 0.6 : 0.621799806
3 18 : 0.6 1.0 : 1.072656602
3 18 : 1.0 -1.0 : 0.07708762399
3 18 : 1.0 -0.6 : 0.518023468
3 18 : 1.0 -0.2 : 0.8103465137
3 18 : 1.0 0.2 : 0.7867691507
3 18 : 1.0 0.6 : 1.079092196
3 18 : 1.0 1.0 : 1.52002804
3 19 : -1.0 -1.0 : 0.5049441639
3 19 : -1.0 -0.6 : 0.05920747671
3 19 : -1.0 -0.2 : 0.3533961722
3 19 : -1.0 0.2 : 1.246962188
3 19 : -1.0 0.6 : 1.566321951
3 19 : -1.0 1.0 : 1.16695344
3 19 : -0.6 -1.0 : -0.008217487337
3 19 : -0.6 -0.6 : -0.4395789939
3 19 : -0.6 -0.2 : -0.1375866998
3 19 : -0.6 0.2 : 0.7559793164
3 19 : -0.6 0.6 : 1.067535481
3 19 : -0.6 1.0 : 0.6537917892
3 19 : -0.2 -1.0 : -0.293873999
3 19 : -0.2 -0.6 : -0.717431907
3 19 : -0.2 -0.2 : -0.4112034121
3 19 : -0.2 0.2 : 0.4823626042
3 19 : -0.2 0.6 : 0.7896825675
3 19 : -0.2 1.0 : 0.3681352775
3 19 : 0.2 -1.0 : -0.293873999
3 19 : 0.2 -0.6 : -0.717431907
3 19 : 0.2 -0.2 : -0.4112034121
3 19 : 0.2 0.2 : 0.4823626042
3 19 : 0.2 0.6 : 0.7896825675
3 19 : 0.2 1.0 : 0.3681352775
3 19 : 0.6 -1.0 : -0.008217487337
3 19 : 0.6 -0.6 : -0.4395789939
3 19 : 0.6 -0.2 : -0.1375866998
3 19 : 0.6 0.2 : 0.7559793164
3 19 : 0.6 0.6 : 1.067535481
3 19 : 0.6 1.0 : 0.6537917892
3 19 : 1.0 -1.0 : 0.5049441639
3 19 : 1.0 -0.6 : 0.05920747671
3 19 : 1.0 -0.2 : 0.3533961722
3 19 : 1.0 0.2 : 1.246962188
3 19 : 1.0 0.6 : 1.566321951
3 19 : 1.0 1.0 : 1.16695344
3 20 : -1.0 -1.0 : 1.291742975
3 20 : -1.0 -0.6 : 0.9851261068
3 20 : -1.0 -0.2 : 0.8198038639
3 20 : -1.0 0.2 : 0.8198038639
3 20 : -1.0 0.6 : 0.9851261068
3 20 : -1.0 1.0 : 1.291742975
3 20 : -0.6 -1.0 : 0.8113193781
3 20 : -0.6 -0.6 : 0.4987786197
3 20 : -0.6 -0.2 : 0.3302405801
3 20 : -0.6 0.2 : 0.3302405801
3 20 : -0.6 0.6 : 0.4987786197
3 20 : -0.6 1.0 : 0.8113193781
3 20 : -0.2 -1.0 : 0.5508789448
3 20 : -0.2 -0.6 : 0.2305066789
3 20 : -0.2 -0.2 : 0.05771728804
3 20 : -0.2 0.2 : 0.05771728804
3 20 : -0.2 0.6 : 0.2305066789
3 20 : -0.2 1.0 : 0.5508789448
3 20 : 0.2 -1.0 : 0.5645919831
3 20 : 0.2 -0.6 : 0.2357170148
3 20 : 0.2 -0.2 : 0.05831191312
3 20 : 0.2 0.2 : 0.05831191312
3 20 : 0.2 0.6 : 0.2357170148
3 20 : 0.2 1.0 : 0.5645919831
3 20 : 0.6 -1.0 : 0.8502935058
3 20 : 0.6 -0.6 : 0.51358703
3 20 : 0.6 -0.2 : 0.3319305772
3 20 : 0.6 0.2 : 0.3319305772
3 20 : 0.6 0.6 : 0.51358703
3 20 : 0.6 1.0 : 0.8502935058
3 20 : 1.0 -1.0 : 1.349825035
3 20 : 1.0 -0.6 : 1.007194669
3 20 : 1.0 -0.2 : 0.8223224195
3 20 : 1.0 0.2 : 0.8223224195
3 20 : 1.0 0.6 : 1.007194669
3 20 : 1.0 1.0 : 1.349825035
3 21 : -1.0 -1.0 : -0.2183632979
3 21 : -1.0 -0.6 : 0.143680052
3 21 : -1.0 -0.2 : 0.5746362196
3 21 : -1.0 0.2 : 1.018048804
3 21 : -1.0 0.6 : 1.41461262
3 21 : -1.0 1.0 : 1.713301064
3 21 : -0.6 -1.0 : -0.6915335341
3 21 : -0.6 -0.6 : -0.3399114851
3 21 : -0.6 -0.2 : 0.08538745626
3 21 : -0.6 0.2 : 0.528800041
3 21 : -0.6 0.6 : 0.9310210834
3 21 : -0.6 1.0 : 1.240130827
3 21 : -0.2 -1.0 : -0.942384871
3 21 : -0.2 -0.6 : -0.6045400019
3 21 : -0.2 -0.2 : -0.1867200332
3 21 : -0.2 0.2 : 0.2566925516
3 21 : -0.2 0.6 : 0.6663925666
3 21 : -0.2 1.0 : 0.9892794904
3 21 : 0.2 -1.0 : -0.9182609082
3 21 : 0.2 -0.6 : -0.5953739844
3 21 : 0.2 -0.2 : -0.1856739694
3 21 : 0.2 0.2 : 0.2577386154
3 21 : 0.2 0.6 : 0.6755585841
3 21 : 0.2 1.0 : 1.013403453
3 21 : 0.6 -1.0 : -0.6229702889
3 21 : 0.6 -0.6 : -0.3138605451
3 21 : 0.6 -0.2 : 0.0883604973
3 21 : 0.6 0.2 : 0.5317730821
3 21 : 0.6 0.6 : 0.9570720234
3 21 : 0.6 1.0 : 1.308694072
3 21 : 1.0 -1.0 : -0.1161853992
3 21 : 1.0 -0.6 : 0.1825030439
3 21 : 1.0 -0.2 : 0.57906686
3 21 : 1.0 0.2 : 1.022479445
3 21 : 1.0 0.6 : 1.453435612
3 21 : 1.0 1.0 : 1.815478962
3 22 : -1.0 -1.0 : 0.1935094227
3 22 : -1.0 -0.6 : 0.577841136
3 22 : -1.0 -0.2 : 0.8020039837
3 22 : -1.0 0.2 : 0.8005415287
3 22 : -1.0 0.6 : 1.066852966
3 22 : -1.0 1.0 : 1.528827522
3 22 : -0.6 -1.0 : -0.3558873132
3 22 : -0.6 -0.6 : 0.05398747041
3 22 : -0.6 -0.2 : 0.3019676137
3 22 : -0.6 0.2 : 0.3188364523
3 22 : -0.6 0.6 : 0.5950990724
3 22 : -0.6 1.0 : 1.057073628
3 22 : -0.2 -1.0 : -0.6772632487
3 22 : -0.2 -0.6 : -0.2435711694
3 22 : -0.2 -0.2 : 0.0227402674
3 22 : -0.2 0.2 : 0.04956028924
3 22 : -0.2 0.6 : 0.3258229094
3 22 : -0.2 1.0 : 0.7778462821
3 22 : 0.2 -1.0 : -0.7068276999
3 22 : 0.2 -0.6 : -0.2548043271
3 22 : 0.2 -0.2 : 0.02145829298
3 22 : 0.2 0.2 : 0.04827831481
3 22 : 0.2 0.6 : 0.3145897517
3 22 : 0.2 1.0 : 0.7482818309
3 22 : 0.6 -1.0 : -0.4399130901
3 22 : 0.6 -0.6 : 0.02206146591
3 22 : 0.6 -0.2 : 0.298324086
3 22 : 0.6 0.2 : 0.3151929246
3 22 : 0.6 0.6 : 0.5631730679
3 22 : 0.6 1.0 : 0.9730478516
3 22 : 1.0 -1.0 : 0.06828814276
3 22 : 1.0 -0.6 : 0.5302626988
3 22 : 1.0 -0.2 : 0.7965741356
3 22 : 1.0 0.2 : 0.7951116807
3 22 : 1.0 0.6 : 1.019274528
3 22 : 1.0 1.0 : 1.403606242
3 23 : -1.0 -1.0 : 0.01500536845
3 23 : -1.0 -0.6 : 0.2882187262
3 23 : -1.0 -0.2 : 0.6220709857
3 23 : -1.0 0.2 : 0.973904523
3 23 : -1.0 0.6 : 1.298906451
3 23 : -1.0 1.0 : 1.555816419
3 23 : -0.6 -1.0 : -0.470647093
3 23 : -0.6 -0.6 : -0.2001154934
3 23 : -0.6 -0.2 : 0.1322809678
3 23 : -0.6 0.2 : 0.4841145051
3 23 : -0.6 0.6 : 0.8105722315
3 23 : -0.6 1.0 : 1.070163957
3 23 : -0.2 -1.0 : -0.7380001954
3 23 : -0.2 -0.6 : -0.4710139367
3 23 : -0.2 -0.2 : -0.1405420716
3 23 : -0.2 0.2 : 0.2112914657
3 23 : -0.2 0.6 : 0.5396737882
3 23 : -0.2 1.0 : 0.8028108547
3 23 : 0.2 -1.0 : -0.7317922725
3 23 : 0.2 -0.6 : -0.468655206
3 23 : 0.2 -0.2 : -0.1402728835
3 23 : 0.2 0.2 : 0.2115606538
3 23 : 0.2 0.6 : 0.5420325189
3 23 : 0.2 1.0 : 0.8090187777
3 23 : 0.6 -1.0 : -0.4530034188
3 23 : 0.6 -0.6 : -0.1934116932
3 23 : 0.6 -0.2 : 0.1330460332
3 23 : 0.6 0.2 : 0.4848795705
3 23 : 0.6 0.6 : 0.8172760317
3 23 : 0.6 1.0 : 1.087807631
3 23 : 1.0 -1.0 : 0.04129924576
3 23 : 1.0 -0.6 : 0.2982092133
3 23 : 1.0 -0.2 : 0.6232111414
3 23 : 1.0 0.2 : 0.9750446787
3 23 : 1.0 0.6 : 1.308896938
3 23 : 1.0 1.0 : 1.582110296
3 24 : -1.0 -1.0 : 0.9761362663
3 24 : -1.0 -0.6 : 0.8240006408
3 24 : -1.0 -0.2 : 0.7800913763
3 24 : -1.0 0.2 : 0.8427982842
3 24 : -1.0 0.6 : 1.002221323
3 24 : -1.0 1.0 : 1.241733595
3 24 : -0.6 -1.0 : 0.5298470267
3 24 : -0.6 -0.6 : 0.3633387446
3 24 : -0.6 -0.2 : 0.3004285242
3 24 : -0.6 0.2 : 0.3425060102
3 24 : -0.6 0.6 : 0.4829280928
3 24 : -0.6 1.0 : 0.7080677086
3 24 : -0.2 -1.0 : 0.3145329356
3 24 : -0.2 -0.6 : 0.1290236976
3 24 : -0.2 -0.2 : 0.04099381203
3 24 : -0.2 0.2 : 0.05579876629
3 24 : -0.2 0.6 : 0.1711011836
3 24 : -0.2 1.0 : 0.3772398436
3 24 : 0.2 -1.0 : 0.3772398436
3 24 : 0.2 -0.6 : 0.1711011836
3 24 : 0.2 -0.2 : 0.05579876629
3 24 : 0.2 0.2 : 0.04099381203
3 24 : 0.2 0.6 : 0.1290236976
3 24 : 0.2 1.0 : 0.3145329356
3 24 : 0.6 -1.0 : 0.7080677086
3 24 : 0.6 -0.6 : 0.4829280928
3 24 : 0.6 -0.2 : 0.3425060102
3 24 : 0.6 0.2 : 0.3004285242
3 24 : 0.6 0.6 : 0.3633387446
3 24 : 0.6 1.0 : 0.5298470267
3 24 : 1.0 -1.0 : 1.241733595
3 24 : 1.0 -0.6 : 1.002221323
3 24 : 1.0 -0.2 : 0.8427982842
3 24 : 1.0 0.2 : 0.7800913763
3 24 : 1.0 0.6 : 0.8240006408
3 24 : 1.0 1.0 : 0.9761362663
4 5 : -1.0 -1.0 : 0.4983178576
4 5 : -1.0 -0.6 : 0.6940350797
4 5 : -1.0 -0.2 : 0.9946691319
4 5 : -1.0 0.2 : 1.333062199
4 5 : -1.0 0.6 : 1.633696251
4 5 : -1.0 1.0 : 1.829413474
4 5 : -0.6 -1.0 : -0.1990904629
4 5 : -0.6 -0.6 : 0.002187582647
4 5 : -0.6 -0.2 : 0.3143306721
4 5 : -0.6 0.2 : 0.6663465993
4 5 : -0.6 0.6 : 0.9784896888
4 5 : -0.6 1.0 : 1.179767734
4 5 : -0.2 -1.0 : -0.6621711923
4 5 : -0.2 -0.6 : -0.4493841096
4 5 : -0.2 -0.2 : -0.1240559757
4 5 : -0.2 0.2 : 0.2417149299
4 5 : -0.2 0.6 : 0.5670430638
4 5 : -0.2 1.0 : 0.7798301465
4 5 : 0.2 -1.0 : -0.6964485866
4 5 : 0.2 -0.6 : -0.470038644
4 5 : 0.2 -0.2 : -0.1309555317
4 5 : 0.2 0.2 : 0.2486144859
4 5 : 0.2 0.6 : 0.5876975982
4 5 : 0.2 1.0 : 0.8141075408
4 5 : 0.6 -1.0 : -0.2965109988
4 5 : 0.6 -0.6 : -0.05859201902
4 5 : 0.6 -0.2 : 0.2936761377
4 5 : 0.6 0.2 : 0.6870011337
4 5 : 0.6 0.6 : 1.03926929
4 5 : 0.6 1.0 : 1.27718827
4 5 : 1.0 -1.0 : 0.3531347405
4 5 : 1.0 -0.6 : 0.5966145437
4 5 : 1.0 -0.2 : 0.9603917376
4 5 : 1.0 0.2 : 1.367339594
4 5 : 1.0 0.6 : 1.731116787
4 5 : 1.0 1.0 : 1.974596591
4 6 : -1.0 -1.0 : 0.300847662
4 6 : -1.0 -0.6 : 0.5330351216
4 6 : -1.0 -0.2 : 0.9326950359
4 6 : -1.0 0.2 : 1.395980848
4 6 : -1.0 0.6 : 1.802972752
4 6 : -1.0 1.0 : 2.04866663
4 6 : -0.6 -1.0 : -0.3830156744
4 6 : -0.6 -0.6 : -0.146384851
4 6 : -0.6 -0.2 : 0.2574182188
4 6 : -0.6 0.2 : 0.7238928652
4 6 : -0.6 0.6 : 1.132615834
4 6 : -0.6 1.0 : 1.378309713
4 6 : -0.2 -1.0 : -0.8229277579
4 6 : -0.2 -0.6 : -0.582153779
4 6 : -0.2 -0.2 : -0.1751618754
4 6 : -0.2 0.2 : 0.2930438365
4 6 : -0.2 0.6 : 0.7017668056
4 6 : -0.2 1.0 : 0.9457296183
4 6 : 0.2 -1.0 : -0.8280706641
4 6 : 0.2 -0.6 : -0.5841078514
4 6 : 0.2 -0.2 : -0.1753848822
4 6 : 0.2 0.2 : 0.2928208297
4 6 : 0.2 0.6 : 0.6998127333
4 6 : 0.2 1.0 : 0.9405867121
4 6 : 0.6 -1.0 : -0.3976324411
4 6 : 0.6 -0.6 : -0.1519385629
4 6 : 0.6 -0.2 : 0.2567844062
4 6 : 0.6 0.2 : 0.7232590526
4 6 : 0.6 0.6 : 1.127062122
4 6 : 0.6 1.0 : 1.363692946
4 6 : 1.0 -1.0 : 0.2790647008
4 6 : 1.0 -0.6 : 0.5247585791
4 6 : 1.0 -0.2 : 0.9317504827
4 6 : 1.0 0.2 : 1.395036295
4 6 : 1.0 0.6 : 1.79469621
4 6 : 1.0 1.0 : 2.026883669
4 7 : -1.0 -1.0 : 0.8572690542
4 7 : -1.0 -0.6 : 0.7095115321
4 7 : -1.0 -0.2 : 0.9533902604
4 7 : -1.0 0.2 : 1.374341071
4 7 : -1.0 0.6 : 1.618219799
4 7 : -1.0 1.0 : 1.470462277
4 7 : -0.6 -1.0 : 0.1527696691
4 7 : -0.6 -0.6 : 0.0152014835
4 7 : -0.6 -0.2 : 0.27255073
4 7 : -0.6 0.2 : 0.7081265414
4 7 : -0.6 0.6 : 0.9654757879
4 7 : -0.6 1.0 : 0.8279076023
4 7 : -0.2 -1.0 : -0.3196855976
4 7 : -0.2 -0.6 : -0.4437832651
4 7 : -0.2 -0.2 : -0.1686257089
4 7 : -0.2 0.2 : 0.2862846632
4 7 : -0.2 0.6 : 0.5614422193
4 7 : -0.2 1.0 : 0.4373445518
4 7 : 0.2 -1.0 : -0.3641409685
4 7 : 0.2 -0.6 : -0.4736136348
4 7 : 0.2 -0.2 : -0.179121518
4 7 : 0.2 0.2 : 0.2967804722
4 7 : 0.2 0.6 : 0.591272589
4 7 : 0.2 1.0 : 0.4817999227
4 7 : 0.6 -1.0 : 0.02642208199
4 7 : 0.6 -0.6 : -0.06958006619
4 7 : 0.6 -0.2 : 0.2427203603
4 7 : 0.6 0.2 : 0.7379569112
4 7 : 0.6 0.6 : 1.050257338
4 7 : 0.6 1.0 : 0.9542551894
4 7 : 1.0 -1.0 : 0.6689767567
4 7 : 1.0 -0.6 : 0.583163945
4 7 : 1.0 -0.2 : 0.9089348895
4 7 : 1.0 0.2 : 1.418796442
4 7 : 1.0 0.6 : 1.744567386
4 7 : 1.0 1.0 : 1.658754574
4 8 : -1.0 -1.0 : 0.665540592
4 8 : -1.0 -0.6 : 0.8330300299
4 8 : -1.0 -0.2 : 1.048041431
4 8 : -1.0 0.2 : 1.2796899
4 8 : -1.0 0.6 : 1.494701301
4 8 : -1.0 1.0 : 1.662190739
4 8 : -0.6 -1.0 : -0.0116180287
4 8 : -0.6 -0.6 : 0.156717035
4 8 : -0.6 -0.2 : 0.3734785974
4 8 : -0.6 0.2 : 0.607198674
4 8 : -0.6 0.6 : 0.8239602364
4 8 : -0.6 1.0 : 0.9922953001
4 8 : -0.2 -1.0 : -0.4479282271
4 8 : -0.2 -0.6 : -0.277843002
4 8 : -0.2 -0.2 : -0.05907641034
4 8 : -0.2 0.2 : 0.1767353646
4 8 : -0.2 0.6 : 0.3955019562
4 8 : -0.2 1.0 : 0.5655871814
4 8 : 0.2 -1.0 : -0.4531407373
4 8 : 0.2 -0.6 : -0.280983905
4 8 : 0.2 -0.2 : -0.06012561512
4 8 : 0.2 0.2 : 0.1777845694
4 8 : 0.2 0.6 : 0.3986428592
4 8 : 0.2 1.0 : 0.5707996916
4 8 : 0.6 -1.0 : -0.02643261858
4 8 : 0.6 -0.6 : 0.1474743752
4 8 : 0.6 -0.2 : 0.3703376943
4 8 : 0.6 0.2 : 0.6103395771
4 8 : 0.6 0.6 : 0.8332028962
4 8 : 0.6 1.0 : 1.00710989
4 8 : 1.0 -1.0 : 0.6434628205
4 8 : 1.0 -0.6 : 0.81821544
4 8 : 1.0 -0.2 : 1.042828921
4 8 : 1.0 0.2 : 1.284902411
4 8 : 1.0 0.6 : 1.509515891
4 8 : 1.0 1.0 : 1.684268511
4 9 : -1.0 -1.0 : 0.2711614671
4 9 : -1.0 -0.6 : -0.2035681817
4 9 : -1.0 -0.2 : 0.4759362226
4 9 : -1.0 0.2 : 1.856081557
4 9 : -1.0 0.6 : 2.568859035
4 9 : -1.0 1.0 : 2.155422447
4 9 : -0.6 -1.0 : -0.4492724359
4 9 : -0.6 -0.6 : -0.9038377926
4 9 : -0.6 -0.2 : -0.2055314628
4 9 : -0.6 0.2 : 1.189085019
4 9 : -0.6 0.6 : 1.909718192
4 9 : -0.6 1.0 : 1.496281604
4 9 : -0.2 -1.0 : -0.9189146482
4 9 : -0.2 -0.6 : -1.354678079
4 9 : -0.2 -0.2 : -0.6419006012
4 9 : -0.2 0.2 : 0.7605715758
4 9 : -0.2 0.6 : 1.481204749
4 9 : -0.2 1.0 : 1.059912466
4 9 : 0.2 -1.0 : -0.9422535116
4 9 : 0.2 -0.6 : -1.363545795
4 9 : 0.2 -0.2 : -0.6429126216
4 9 : 0.2 0.2 : 0.7595595555
4 9 : 0.2 0.6 : 1.472337034
4 9 : 0.2 1.0 : 1.036573602
4 9 : 0.6 -1.0 : -0.5156043329
4 9 : 0.6 -0.6 : -0.929040921
4 9 : 0.6 -0.2 : -0.208407748
4 9 : 0.6 0.2 : 1.186208734
4 9 : 0.6 0.6 : 1.884515064
4 9 : 0.6 1.0 : 1.429949707
4 9 : 1.0 -1.0 : 0.1723088846
4 9 : 1.0 -0.6 : -0.2411277034
4 9 : 1.0 -0.2 : 0.4716497746
4 9 : 1.0 0.2 : 1.851795109
4 9 : 1.0 0.6 : 2.531299513
4 9 : 1.0 1.0 : 2.056569864
4 10 : -1.0 -1.0 : 1.034748252
4 10 : -1.0 -0.6 : 1.192051047
4 10 : -1.0 -0.2 : 1.195046144
4 10 : -1.0 0.2 : 1.132685188
4 10 : -1.0 0.6 : 1.135680284
4 10 : -1.0 1.0 : 1.29298308
4 10 : -0.6 -1.0 : 0.3139954562
4 10 : -0.6 -0.6 : 0.4868346623
4 10 : -0.6 -0.2 : 0.510369221
4 10 : -0.6 0.2 : 0.4703080504
4 10 : -0.6 0.6 : 0.4938426091
4 10 : -0.6 1.0 : 0.6666818152
4 10 : -0.2 -1.0 : -0.1799471624
4 10 : -0.2 -0.6 : 0.01343150628
4 10 : -0.2 -0.2 : 0.06411966855
4 10 : -0.2 0.2 : 0.05353928569
4 10 : -0.2 0.6 : 0.104227448
4 10 : -0.2 1.0 : 0.2976061167
4 10 : 0.2 -1.0 : -0.2477314464
4 10 : 0.2 -0.6 : -0.03205299226
4 10 : 0.2 -0.2 : 0.04811595768
4 10 : 0.2 0.2 : 0.06954299656
4 10 : 0.2 0.6 : 0.1497119465
4 10 : 0.2 1.0 : 0.3653904007
4 10 : 0.6 -1.0 : 0.1213442521
4 10 : 0.6 -0.6 : 0.3575621689
4 10 : 0.6 -0.2 : 0.4648847224
4 10 : 0.6 0.2 : 0.515792549
4 10 : 0.6 0.6 : 0.6231151025
4 10 : 0.6 1.0 : 0.8593330193
4 10 : 1.0 -1.0 : 0.7476455166
4 10 : 1.0 -0.6 : 0.9993998435
4 10 : 1.0 -0.2 : 1.12726186
4 10 : 1.0 0.2 : 1.200469472
4 10 : 1.0 0.6 : 1.328331488
4 10 : 1.0 1.0 : 1.580085815
4 11 : -1.0 -1.0 : 0.6067091004
4 11 : -1.0 -0.6 : -0.166033429
4 11 : -1.0 -0.2 : 0.3493182142
4 11 : -1.0 0.2 : 1.976368101
4 11 : -1.0 0.6 : 2.47584554
4 11 : -1.0 1.0 : 1.67386079
4 11 : -0.6 -1.0 : -0.04443919478
4 11 : -0.6 -0.6 : -0.8268018782
4 11 : -0.6 -0.2 : -0.3204204194
4 11 : -0.6 0.2 : 1.299725448
4 11 : -0.6 0.6 : 1.795455024
4 11 : -0.6 1.0 : 0.9934702739
4 11 : -0.2 -1.0 : -0.457755508
4 11 : -0.2 -0.6 : -1.249088376
4 11 : -0.2 -0.2 : -0.749610937
4 11 : -0.2 0.2 : 0.8667870678
4 11 : -0.2 0.6 : 1.362516644
4 11 : -0.2 1.0 : 0.5642797564
4 11 : 0.2 -1.0 : -0.4466208022
4 11 : 0.2 -0.6 : -1.24485769
4 11 : 0.2 -0.2 : -0.7491281136
4 11 : 0.2 0.2 : 0.8672698912
4 11 : 0.2 0.6 : 1.36674733
4 11 : 0.2 1.0 : 0.5754144622
4 11 : 0.6 -1.0 : -0.01279300254
4 11 : 0.6 -0.6 : -0.8147777529
4 11 : 0.6 -0.2 : -0.3190481765
4 11 : 0.6 0.2 : 1.301097691
4 11 : 0.6 0.6 : 1.80747915
4 11 : 0.6 1.0 : 1.025116466
4 11 : 1.0 -1.0 : 0.6538705411
4 11 : 1.0 -0.6 : -0.1481142092
4 11 : 1.0 -0.2 : 0.3513632297
4 11 : 1.0 0.2 : 1.978413117
4 11 : 1.0 0.6 : 2.49376476
4 11 : 1.0 1.0 : 1.721022231
4 12 : -1.0 -1.0 : 0.6218549212
4 12 : -1.0 -0.6 : 0.432525805
4 12 : -1.0 -0.2 : 1.108260651
4 12 : -1.0 0.2 : 1.223972439
4 12 : -1.0 0.6 : 1.934651688
4 12 : -1.0 1.0 : 1.809694425
4 12 : -0.6 -1.0 : -0.06874921957
4 12 : -0.6 -0.6 : -0.2474897566
4 12 : -0.6 -0.2 : 0.4339931235
4 12 : -0.6 0.2 : 0.549704911
4 12 : -0.6 0.6 : 1.254636127
4 12 : -0.6 1.0 : 1.119090284
4 12 : -0.2 -1.0 : -0.5228346796
4 12 : -0.2 -0.6 : -0.6875768912
4 12 : -0.2 -0.2 : 0.001505010754
4 12 : -0.2 0.2 : 0.1172167983
4 12 : -0.2 0.6 : 0.8145489921
4 12 : -0.2 1.0 : 0.6650048244
4 12 : 0.2 -1.0 : -0.5473458701
4 12 : 0.2 -0.6 : -0.6968900378
4 12 : 0.2 -0.2 : 0.0004421559388
4 12 : 0.2 0.2 : 0.1161539435
4 12 : 0.2 0.6 : 0.8052358455
4 12 : 0.2 1.0 : 0.6404936339
4 12 : 0.6 -1.0 : -0.138413013
4 12 : 0.6 -0.6 : -0.2739588553
4 12 : 0.6 -0.2 : 0.4309723604
4 12 : 0.6 0.2 : 0.546684148
4 12 : 0.6 0.6 : 1.228167028
4 12 : 0.6 1.0 : 1.049426491
4 12 : 1.0 -1.0 : 0.518036906
4 12 : 1.0 -0.6 : 0.3930796429
4 12 : 1.0 -0.2 : 1.103758892
4 12 : 1.0 0.2 : 1.21947068
4 12 : 1.0 0.6 : 1.895205526
4 12 : 1.0 1.0 : 1.70587641
4 13 : -1.0 -1.0 : 0.2771294634
4 13 : -1.0 -0.6 : 0.8882042084
4 13 : -1.0 -0.2 : 1.145462289
4 13 : -1.0 0.2 : 1.182269042
4 13 : -1.0 0.6 : 1.439527123
4 13 : -1.0 1.0 : 2.050601868
4 13 : -0.6 -1.0 : -0.3861045391
4 13 : -0.6 -0.6 : 0.2215839888
4 13 : -0.6 -0.2 : 0.474365419
4 13 : -0.6 0.2 : 0.5063118524
4 13 : -0.6 0.6 : 0.7590932826
4 13 : -0.6 1.0 : 1.366781811
4 13 : -0.2 -1.0 : -0.8040060981
4 13 : -0.2 -0.6 : -0.2007942207
4 13 : -0.2 -0.2 : 0.04606898286
4 13 : -0.2 0.2 : 0.07158997137
4 13 : -0.2 0.6 : 0.318453175
4 13 : -0.2 1.0 : 0.9216650523
4 13 : 0.2 -1.0 : -0.7892322669
4 13 : 0.2 -0.6 : -0.1908807089
4 13 : 0.2 -0.2 : 0.04955704984
4 13 : 0.2 0.2 : 0.0681019044
4 13 : 0.2 0.6 : 0.3085396631
4 13 : 0.2 1.0 : 0.9068912212
4 13 : 0.6 -1.0 : -0.3441155087
4 13 : 0.6 -0.6 : 0.2497593988
4 13 : 0.6 -0.2 : 0.4842789309
4 13 : 0.6 0.2 : 0.4963983406
4 13 : 0.6 0.6 : 0.7309178726
4 13 : 0.6 1.0 : 1.32479278
4 13 : 1.0 -1.0 : 0.3397045484
4 13 : 1.0 -0.6 : 0.9301932389
4 13 : 1.0 -0.2 : 1.16023612
4 13 : 1.0 0.2 : 1.167495211
4 13 : 1.0 0.6 : 1.397538092
4 13 : 1.0 1.0 : 1.988026783
4 14 : -1.0 -1.0 : 0.681047182
4 14 : -1.0 -0.6 : -0.4745545898
4 14 : -1.0 -0.2 : 0.07504060861
4 14 : -1.0 0.2 : 2.252690723
4 14 : -1.0 0.6 : 2.802285921
4 14 : -1.0 1.0 : 1.646684149
4 14 : -0.6 -1.0 : -0.02105449008
4 14 : -0.6 -0.6 : -1.170002579
4 14 : -0.6 -0.2 : -0.6066364906
4 14 : -0.6 0.2 : 1.587313762
4 14 : -0.6 0.6 : 2.15067985
4 14 : -0.6 1.0 : 1.001731761
4 14 : -0.2 -1.0 : -0.4903399296
4 14 : -0.2 -0.6 : -1.625517128
4 14 : -0.2 -0.2 : -1.04637476
4 14 : -0.2 0.2 : 1.164033715
4 14 : -0.2 0.6 : 1.743176083
4 14 : -0.2 1.0 : 0.6079988838
4 14 : 0.2 -1.0 : -0.5313538051
4 14 : 0.2 -0.6 : -1.650230865
4 14 : 0.2 -0.2 : -1.054630275
4 14 : 0.2 0.2 : 1.172289229
4 14 : 0.2 0.6 : 1.76788982
4 14 : 0.2 1.0 : 0.6490127593
4 14 : 0.6 -1.0 : -0.1376209275
4 14 : 0.6 -0.6 : -1.242727098
4 14 : 0.6 -0.2 : -0.6313502275
4 14 : 0.6 0.2 : 1.612027499
4 14 : 0.6 0.6 : 2.223404369
4 14 : 0.6 1.0 : 1.118298199
4 14 : 1.0 -1.0 : 0.5073314602
4 14 : 1.0 -0.6 : -0.5911210271
4 14 : 1.0 -0.2 : 0.03402673311
4 14 : 1.0 0.2 : 2.293704598
4 14 : 1.0 0.6 : 2.918852358
4 14 : 1.0 1.0 : 1.820399871
4 15 : -1.0 -1.0 : 0.9149239054
4 15 : -1.0 -0.6 : 1.0976051
4 15 : -1.0 -0.2 : 1.158973656
4 15 : -1.0 0.2 : 1.167926081
4 15 : -1.0 0.6 : 1.222839478
4 15 : -1.0 1.0 : 1.393629484
4 15 : -0.6 -1.0 : 0.2504970656
4 15 : -0.6 -0.6 : 0.4292662776
4 15 : -0.6 -0.2 : 0.4869871562
4 15 : -0.6 0.2 : 0.4931321001
4 15 : -0.6 0.6 : 0.5465214491
4 15 : -0.6 1.0 : 0.7173114549
4 15 : -0.2 -1.0 : -0.173614072
4 15 : -0.2 -0.6 : 0.001507463602
4 15 : -0.2 -0.2 : 0.05642086035
4 15 : -0.2 0.2 : 0.06104175641
4 15 : -0.2 0.6 : 0.1144311054
4 15 : -0.2 1.0 : 0.286745159
4 15 : 0.2 -1.0 : -0.1690862048
4 15 : 0.2 -0.6 : 0.003227848865
4 15 : 0.2 -0.2 : 0.05661719783
4 15 : 0.2 0.2 : 0.06123809389
4 15 : 0.2 0.6 : 0.1161514906
4 15 : 0.2 1.0 : 0.2912730262
4 15 : 0.6 -1.0 : 0.2633658165
4 15 : 0.6 -0.6 : 0.4341558224
4 15 : 0.6 -0.2 : 0.4875451713
4 15 : 0.6 0.2 : 0.4936901152
4 15 : 0.6 0.6 : 0.5514109938
4 15 : 0.6 1.0 : 0.7301802058
4 15 : 1.0 -1.0 : 0.9341018472
4 15 : 1.0 -0.6 : 1.104891853
4 15 : 1.0 -0.2 : 1.15980525
4 15 : 1.0 0.2 : 1.168757676
4 15 : 1.0 0.6 : 1.230126231
4 15 : 1.0 1.0 : 1.412807426
4 16 : -1.0 -1.0 : 0.27089462
4 16 : -1.0 -0.6 : 0.8555034828
4 16 : -1.0 -0.2 : 1.149773306
4 16 : -1.0 0.2 : 1.178618722
4 16 : -1.0 0.6 : 1.478017133
4 16 : -1.0 1.0 : 2.072073479
4 16 : -0.6 -1.0 : -0.4073561515
4 16 : -0.6 -0.6 : 0.1801816442
4 16 : -0.6 -0.2 : 0.4760414455
4 16 : -0.6 0.2 : 0.5048868609
4 16 : -0.6 0.6 : 0.802695294
4 16 : -0.6 1.0 : 1.393822707
4 16 : -0.2 -1.0 : -0.8414296037
4 16 : -0.2 -0.6 : -0.2523018302
4 16 : -0.2 -0.2 : 0.04442109399
4 16 : -0.2 0.2 : 0.0732665094
4 16 : -0.2 0.6 : 0.3702118196
4 16 : -0.2 1.0 : 0.959749255
4 16 : 0.2 -1.0 : -0.8414296037
4 16 : 0.2 -0.6 : -0.2523018302
4 16 : 0.2 -0.2 : 0.04442109399
4 16 : 0.2 0.2 : 0.0732665094
4 16 : 0.2 0.6 : 0.3702118196
4 16 : 0.2 1.0 : 0.959749255
4 16 : 0.6 -1.0 : -0.4073561515
4 16 : 0.6 -0.6 : 0.1801816442
4 16 : 0.6 -0.2 : 0.4760414455
4 16 : 0.6 0.2 : 0.5048868609
4 16 : 0.6 0.6 : 0.802695294
4 16 : 0.6 1.0 : 1.393822707
4 16 : 1.0 -1.0 : 0.27089462
4 16 : 1.0 -0.6 : 0.8555034828
4 16 : 1.0 -0.2 : 1.149773306
4 16 : 1.0 0.2 : 1.178618722
4 16 : 1.0 0.6 : 1.478017133
4 16 : 1.0 1.0 : 2.072073479
4 17 : -1.0 -1.0 : 0.6168044291
4 17 : -1.0 -0.6 : 0.9743915988
4 17 : -1.0 -0.2 : 1.133638575
4 17 : -1.0 0.2 : 1.194092756
4 17 : -1.0 0.6 : 1.353339732
4 17 : -1.0 1.0 : 1.710926902
4 17 : -0.6 -1.0 : -0.0213143172
4 17 : -0.6 -0.6 : 0.324624177
4 17 : -0.6 -0.2 : 0.4684713581
4 17 : -0.6 0.2 : 0.5122059133
4 17 : -0.6 0.6 : 0.6560530944
4 17 : -0.6 1.0 : 1.001991589
4 17 : -0.2 -1.0 : -0.4060129766
4 17 : -0.2 -0.6 : -0.07547427755
4 17 : -0.2 -0.2 : 0.04801404883
4 17 : -0.2 0.2 : 0.06964490541
4 17 : -0.2 0.6 : 0.1931332318
4 17 : -0.2 1.0 : 0.5236719308
4 17 : 0.2 -1.0 : -0.3551906102
4 17 : 0.2 -0.6 : -0.04137153707
4 17 : 0.2 -0.2 : 0.06001309061
4 17 : 0.2 0.2 : 0.05764586363
4 17 : 0.2 0.6 : 0.1590304913
4 17 : 0.2 1.0 : 0.4728495645
4 17 : 0.6 -1.0 : 0.1231290476
4 17 : 0.6 -0.6 : 0.4215483256
4 17 : 0.6 -0.2 : 0.5025740985
4 17 : 0.6 0.2 : 0.4781031729
4 17 : 0.6 0.6 : 0.5591289459
4 17 : 0.6 1.0 : 0.8575482238
4 17 : 1.0 -1.0 : 0.832064361
4 17 : 1.0 -0.6 : 1.118834964
4 17 : 1.0 -0.2 : 1.184460941
4 17 : 1.0 0.2 : 1.14327039
4 17 : 1.0 0.6 : 1.208896368
4 17 : 1.0 1.0 : 1.49566697
4 18 : -1.0 -1.0 : 0.3781975359
4 18 : -1.0 -0.6 : 0.8402533179
4 18 : -1.0 -0.2 : 1.160497368
4 18 : -1.0 0.2 : 1.167233963
4 18 : -1.0 0.6 : 1.487478013
4 18 : -1.0 1.0 : 1.949533795
4 18 : -0.6 -1.0 : -0.3168156806
4 18 : -0.6 -0.6 : 0.1523086626
4 18 : -0.6 -0.2 : 0.4818974998
4 18 : -0.6 0.2 : 0.4987797716
4 18 : -0.6 0.6 : 0.8283686089
4 18 : -0.6 1.0 : 1.297492952
4 18 : -0.2 -1.0 : -0.7767300319
4 18 : -0.2 -0.6 : -0.2982609017
4 18 : -0.2 -0.2 : 0.04368194164
4 18 : -0.2 0.2 : 0.07397701259
4 18 : -0.2 0.6 : 0.4159198559
4 18 : -0.2 1.0 : 0.8943889862
4 18 : 0.2 -1.0 : -0.8075696755
4 18 : 0.2 -0.6 : -0.3189548685
4 18 : 0.2 -0.2 : 0.03640077395
4 18 : 0.2 0.2 : 0.08125818029
4 18 : 0.2 0.6 : 0.4366138227
4 18 : 0.2 1.0 : 0.9252286297
4 18 : 0.6 -1.0 : -0.4044657097
4 18 : 0.6 -0.6 : 0.0934938845
4 18 : 0.6 -0.2 : 0.461203533
4 18 : 0.6 0.2 : 0.5194737384
4 18 : 0.6 0.6 : 0.8871833869
4 18 : 0.6 1.0 : 1.385142981
4 18 : 1.0 -1.0 : 0.2475751336
4 18 : 1.0 -0.6 : 0.7526032889
4 18 : 1.0 -0.2 : 1.129657724
4 18 : 1.0 0.2 : 1.198073607
4 18 : 1.0 0.6 : 1.575128042
4 18 : 1.0 1.0 : 2.080156198
4 19 : -1.0 -1.0 : 0.7634601261
4 19 : -1.0 -0.6 : 0.3738391834
4 19 : -1.0 -0.2 : 0.7073852805
4 19 : -1.0 0.2 : 1.617336687
4 19 : -1.0 0.6 : 1.927522936
4 19 : -1.0 1.0 : 1.494870304
4 19 : -0.6 -1.0 : 0.1228647525
4 19 : -0.6 -0.6 : -0.2809128264
4 19 : -0.6 -0.2 : 0.03943310395
4 19 : -0.6 0.2 : 0.9392248293
4 19 : -0.6 0.6 : 1.243895873
4 19 : -0.6 1.0 : 0.8112432405
4 19 : -0.2 -1.0 : -0.2818725381
4 19 : -0.2 -0.6 : -0.6988502838
4 19 : -0.2 -0.2 : -0.3886640347
4 19 : -0.2 0.2 : 0.5056124852
4 19 : -0.2 0.6 : 0.8102835288
4 19 : -0.2 1.0 : 0.3831461019
4 19 : 0.2 -1.0 : -0.2654871477
4 19 : 0.2 -0.6 : -0.6926245746
4 19 : 0.2 -0.2 : -0.387953531
4 19 : 0.2 0.2 : 0.5063229889
4 19 : 0.2 0.6 : 0.816509238
4 19 : 0.2 1.0 : 0.3995314923
4 19 : 0.6 -1.0 : 0.1694340309
4 19 : 0.6 -0.6 : -0.2632186015
4 19 : 0.6 -0.2 : 0.04145244208
4 19 : 0.6 0.2 : 0.9412441675
4 19 : 0.6 0.6 : 1.261590098
4 19 : 0.6 1.0 : 0.8578125189
4 19 : 1.0 -1.0 : 0.8328610273
4 19 : 1.0 -0.6 : 0.4002083949
4 19 : 1.0 -0.2 : 0.710394644
4 19 : 1.0 0.2 : 1.620346051
4 19 : 1.0 0.6 : 1.953892148
4 19 : 1.0 1.0 : 1.564271205
4 20 : -1.0 -1.0 : 1.59673298
4 20 : -1.0 -0.6 : 1.301506788
4 20 : -1.0 -0.2 : 1.165273558
4 20 : -1.0 0.2 : 1.207468392
4 20 : -1.0 0.6 : 1.421429655
4 20 : -1.0 1.0 : 1.775450697
4 20 : -0.6 -1.0 : 0.9526033748
4 20 : -0.6 -0.6 : 0.647705969
4 20 : -0.6 -0.2 : 0.498687191
4 20 : -0.6 0.2 : 0.5270006994
4 20 : -0.6 0.6 : 0.7281764138
4 20 : -0.6 1.0 : 1.072526242
4 20 : -0.2 -1.0 : 0.5599582326
4 20 : -0.2 -0.6 : 0.2422752786
4 20 : -0.2 -0.2 : 0.07635373572
4 20 : -0.2 0.2 : 0.08631583747
4 20 : -0.2 0.6 : 0.270588787
4 20 : -0.2 1.0 : 0.6021530673
4 20 : 0.2 -1.0 : 0.6021530673
4 20 : 0.2 -0.6 : 0.270588787
4 20 : 0.2 -0.2 : 0.08631583747
4 20 : 0.2 0.2 : 0.07635373572
4 20 : 0.2 0.6 : 0.2422752786
4 20 : 0.2 1.0 : 0.5599582326
4 20 : 0.6 -1.0 : 1.072526242
4 20 : 0.6 -0.6 : 0.7281764138
4 20 : 0.6 -0.2 : 0.5270006994
4 20 : 0.6 0.2 : 0.498687191
4 20 : 0.6 0.6 : 0.647705969
4 20 : 0.6 1.0 : 0.9526033748
4 20 : 1.0 -1.0 : 1.775450697
4 20 : 1.0 -0.6 : 1.421429655
4 20 : 1.0 -0.2 : 1.207468392
4 20 : 1.0 0.2 : 1.165273558
4 20 : 1.0 0.6 : 1.301506788
4 20 : 1.0 1.0 : 1.59673298
4 21 : -1.0 -1.0 : 0.1407641776
4 21 : -1.0 -0.6 : 0.5066396282
4 21 : -1.0 -0.2 : 0.9396760602
4 21 : -1.0 0.2 : 1.383088645
4 21 : -1.0 0.6 : 1.777572197
4 21 : -1.0 1.0 : 2.072428539
4 21 : -0.6 -1.0 : -0.5139223012
4 21 : -0.6 -0.6 : -0.1597288422
4 21 : -0.6 -0.2 : 0.2669659947
4 21 : -0.6 0.2 : 0.7103785795
4 21 : -0.6 0.6 : 1.111203726
4 21 : -0.6 1.0 : 1.41774206
4 21 : -0.2 -1.0 : -0.920523853
4 21 : -0.2 -0.6 : -0.5817742339
4 21 : -0.2 -0.2 : -0.1634631197
4 21 : -0.2 0.2 : 0.2799494651
4 21 : -0.2 0.6 : 0.6891583346
4 21 : -0.2 1.0 : 1.011140508
4 21 : 0.2 -1.0 : -0.8934815541
4 21 : 0.2 -0.6 : -0.5714993803
4 21 : 0.2 -0.2 : -0.1622905109
4 21 : 0.2 0.2 : 0.2811220739
4 21 : 0.2 0.6 : 0.6994331882
4 21 : 0.2 1.0 : 1.038182807
4 21 : 0.6 -1.0 : -0.4370647888
4 21 : 0.6 -0.6 : -0.1305264549
4 21 : 0.6 -0.2 : 0.2702986919
4 21 : 0.6 0.2 : 0.7137112767
4 21 : 0.6 0.6 : 1.140406114
4 21 : 0.6 1.0 : 1.494599573
4 21 : 1.0 -1.0 : 0.2553027921
4 21 : 1.0 -0.6 : 0.5501591345
4 21 : 1.0 -0.2 : 0.9446426862
4 21 : 1.0 0.2 : 1.388055271
4 21 : 1.0 0.6 : 1.821091703
4 21 : 1.0 1.0 : 2.186967154
4 22 : -1.0 -1.0 : 0.4557052829
4 22 : -1.0 -0.6 : 0.8921826129
4 22 : -1.0 -0.2 : 1.155034623
4 22 : -1.0 0.2 : 1.172696708
4 22 : -1.0 0.6 : 1.435548718
4 22 : -1.0 1.0 : 1.872026048
4 22 : -0.6 -1.0 : -0.2250953031
4 22 : -0.6 -0.6 : 0.2130756942
4 22 : -0.6 -0.2 : 0.479433027
4 22 : -0.6 0.2 : 0.5012442444
4 22 : -0.6 0.6 : 0.7676015772
4 22 : -0.6 1.0 : 1.205772575
4 22 : -0.2 -1.0 : -0.6662202567
4 22 : -0.2 -0.6 : -0.2245439367
4 22 : -0.2 -0.2 : 0.04582918243
4 22 : -0.2 0.2 : 0.07182977181
4 22 : -0.2 0.6 : 0.342202891
4 22 : -0.2 1.0 : 0.7838792109
4 22 : 0.2 -1.0 : -0.6766601679
4 22 : 0.2 -0.6 : -0.2308347155
4 22 : 0.2 -0.2 : 0.04372777555
4 22 : 0.2 0.2 : 0.07393117869
4 22 : 0.2 0.6 : 0.3484936698
4 22 : 0.2 1.0 : 0.7943191222
4 22 : 0.6 -1.0 : -0.2547668043
4 22 : 0.6 -0.6 : 0.1945639707
4 22 : 0.6 -0.2 : 0.4731422482
4 22 : 0.6 0.2 : 0.5075350232
4 22 : 0.6 0.6 : 0.7861133007
4 22 : 0.6 1.0 : 1.235444076
4 22 : 1.0 -1.0 : 0.4114866694
4 22 : 1.0 -0.6 : 0.8625111117
4 22 : 1.0 -0.2 : 1.144594712
4 22 : 1.0 0.2 : 1.183136619
4 22 : 1.0 0.6 : 1.465220219
4 22 : 1.0 1.0 : 1.916244662
4 23 : -1.0 -1.0 : 0.3881394973
4 23 : -1.0 -0.6 : 0.6549515539
4 23 : -1.0 -0.2 : 0.9866927055
4 23 : -1.0 0.2 : 1.341038626
4 23 : -1.0 0.6 : 1.672779777
4 23 : -1.0 1.0 : 1.939591834
4 23 : -0.6 -1.0 : -0.2836371386
4 23 : -0.6 -0.6 : -0.017232666
4 23 : -0.6 -0.2 : 0.3136649236
4 23 : -0.6 0.2 : 0.6670123478
4 23 : -0.6 0.6 : 0.9979099374
4 23 : -0.6 1.0 : 1.26431441
4 23 : -0.2 -1.0 : -0.7128322394
4 23 : -0.2 -0.6 : -0.4472713288
4 23 : -0.2 -0.2 : -0.1173401451
4 23 : -0.2 0.2 : 0.2349990994
4 23 : -0.2 0.6 : 0.564930283
4 23 : -0.2 1.0 : 0.8304911936
4 23 : 0.2 -1.0 : -0.7103198566
4 23 : 0.2 -0.6 : -0.4457574419
4 23 : 0.2 -0.2 : -0.1168344379
4 23 : 0.2 0.2 : 0.2344933921
4 23 : 0.2 0.6 : 0.5634163961
4 23 : 0.2 1.0 : 0.8279788108
4 23 : 0.6 -1.0 : -0.2764966401
4 23 : 0.6 -0.6 : -0.01277778748
4 23 : 0.6 -0.2 : 0.3151788105
4 23 : 0.6 0.2 : 0.6654984609
4 23 : 0.6 0.6 : 0.9934550589
4 23 : 0.6 1.0 : 1.257173912
4 23 : 1.0 -1.0 : 0.3987807837
4 23 : 1.0 -0.6 : 0.6620920524
4 23 : 1.0 -0.2 : 0.9892050884
4 23 : 1.0 0.2 : 1.338526243
4 23 : 1.0 0.6 : 1.665639279
4 23 : 1.0 1.0 : 1.928950547
4 24 : -1.0 -1.0 : 1.508621455
4 24 : -1.0 -0.6 : 1.291481167
4 24 : -1.0 -0.2 : 1.178243393
4 24 : -1.0 0.2 : 1.178243393
4 24 : -1.0 0.6 : 1.291481167
4 24 : -1.0 1.0 : 1.508621455
4 24 : -0.6 -1.0 : 0.8137780859
4 24 : -0.6 -0.6 : 0.6098548896
4 24 : -0.6 -0.2 : 0.5037920438
4 24 : -0.6 0.2 : 0.5037920438
4 24 : -0.6 0.6 : 0.6098548896
4 24 : -0.6 1.0 : 0.8137780859
4 24 : -0.2 -1.0 : 0.3706973052
4 24 : -0.2 -0.6 : 0.1739490366
4 24 : -0.2 -0.2 : 0.07178111622
4 24 : -0.2 0.2 : 0.07178111622
4 24 : -0.2 0.6 : 0.1739490366
4 24 : -0.2 1.0 : 0.3706973052
4 24 : 0.2 -1.0 : 0.3706973052
4 24 : 0.2 -0.6 : 0.1739490366
4 24 : 0.2 -0.2 : 0.07178111622
4 24 : 0.2 0.2 : 0.07178111622
4 24 : 0.2 0.6 : 0.1739490366
4 24 : 0.2 1.0 : 0.3706973052
4 24 : 0.6 -1.0 : 0.8137780859
4 24 : 0.6 -0.6 : 0.6098548896
4 24 : 0.6 -0.2 : 0.5037920438
4 24 : 0.6 0.2 : 0.5037920438
4 24 : 0.6 0.6 : 0.6098548896
4 24 : 0.6 1.0 : 0.8137780859
4 24 : 1.0 -1.0 : 1.508621455
4 24 : 1.0 -0.6 : 1.291481167
4 24 : 1.0 -0.2 : 1.178243393
4 24 : 1.0 0.2 : 1.178243393
4 24 : 1.0 0.6 : 1.291481167
4 24 : 1.0 1.0 : 1.508621455
5 6 : -1.0 -1.0 : -1.742512263
5 6 : -1.0 -0.6 : -1.460651526
5 6 : -1.0 -0.2 : -1.000584379
5 6 : -1.0 0.2 : -0.4756943538
5 6 : -1.0 0.6 : -0.01562720727
5 6 : -1.0 1.0 : 0.2662335301
5 6 : -0.6 -1.0 : -1.483576779
5 6 : -0.6 -0.6 : -1.214657184
5 6 : -0.6 -0.2 : -0.7716984997
5 6 : -0.6 0.2 : -0.265383208
5 6 : -0.6 0.6 : 0.1775754758
5 6 : -0.6 1.0 : 0.4464950715
5 6 : -0.2 -1.0 : -1.099366849
5 6 : -0.2 -0.6 : -0.8475557159
5 6 : -0.2 -0.2 : -0.4272147814
5 6 : -0.2 0.2 : 0.05454431977
5 6 : -0.2 0.6 : 0.4748852543
5 6 : -0.2 1.0 : 0.7266963873
5 6 : 0.2 -1.0 : -0.6702350806
5 6 : 0.2 -0.6 : -0.4369986813
5 6 : 0.2 -0.2 : -0.04121393734
5 6 : 0.2 0.2 : 0.4138843989
5 6 : 0.2 0.6 : 0.8096691429
5 6 : 0.2 1.0 : 1.042905542
5 6 : 0.6 -1.0 : -0.2860251502
5 6 : 0.6 -0.6 : -0.06989721362
5 6 : 0.6 -0.2 : 0.303269781
5 6 : 0.6 0.2 : 0.7338119267
5 6 : 0.6 0.6 : 1.106978921
5 6 : 0.6 1.0 : 1.323106858
5 6 : 1.0 -1.0 : -0.02708966629
5 6 : 1.0 -0.6 : 0.1760971286
5 6 : 1.0 -0.2 : 0.5321556606
5 6 : 1.0 0.2 : 0.9441230725
5 6 : 1.0 0.6 : 1.300181604
5 6 : 1.0 1.0 : 1.503368399
5 7 : -1.0 -1.0 : -1.169833028
5 7 : -1.0 -0.6 : -1.26742724
5 7 : -1.0 -0.2 : -0.9721845508
5 7 : -1.0 0.2 : -0.5067783697
5 7 : -1.0 0.6 : -0.2323713856
5 7 : -1.0 1.0 : -0.3683475074
5 7 : -0.6 -1.0 : -0.9400522366
5 7 : -0.6 -0.6 : -1.043959921
5 7 : -0.6 -0.2 : -0.752144514
5 7 : -0.6 0.2 : -0.2867383328
5 7 : -0.6 0.6 : -0.008904066482
5 7 : -0.6 1.0 : -0.1385667163
5 7 : -0.2 -1.0 : -0.5943854263
5 7 : -0.2 -0.6 : -0.7066396536
5 7 : -0.2 -0.2 : -0.4193551866
5 7 : -0.2 0.2 : 0.04605099461
5 7 : -0.2 0.6 : 0.3284162005
5 7 : -0.2 1.0 : 0.207100094
5 7 : 0.2 -1.0 : -0.207100094
5 7 : 0.2 -0.6 : -0.3284162005
5 7 : 0.2 -0.2 : -0.04605099461
5 7 : 0.2 0.2 : 0.4193551866
5 7 : 0.2 0.6 : 0.7066396536
5 7 : 0.2 1.0 : 0.5943854263
5 7 : 0.6 -1.0 : 0.1385667163
5 7 : 0.6 -0.6 : 0.008904066482
5 7 : 0.6 -0.2 : 0.2867383328
5 7 : 0.6 0.2 : 0.752144514
5 7 : 0.6 0.6 : 1.043959921
5 7 : 0.6 1.0 : 0.9400522366
5 7 : 1.0 -1.0 : 0.3683475074
5 7 : 1.0 -0.6 : 0.2323713856
5 7 : 1.0 -0.2 : 0.5067783697
5 7 : 1.0 0.2 : 0.9721845508
5 7 : 1.0 0.6 : 1.26742724
5 7 : 1.0 1.0 : 1.169833028
5 8 : -1.0 -1.0 : -1.306547353
5 8 : -1.0 -0.6 : -1.116001923
5 8 : -1.0 -0.2 : -0.870510013
5 8 : -1.0 0.2 : -0.6057687201
5 8 : -1.0 0.6 : -0.3602768105
5 8 : -1.0 1.0 : -0.1697313805
5 8 : -0.6 -1.0 : -1.067524439
5 8 : -0.6 -0.6 : -0.8815020334
5 8 : -0.6 -0.2 : -0.6453712659
5 8 : -0.6 0.2 : -0.3917104419
5 8 : -0.6 0.6 : -0.1555796744
5 8 : -0.6 1.0 : 0.03044273093
5 8 : -0.2 -1.0 : -0.7096393467
5 8 : -0.2 -0.6 : -0.5329780835
5 8 : -0.2 -0.2 : -0.3075716775
5 8 : -0.2 0.2 : -0.06509878405
5 8 : -0.2 0.6 : 0.1603076219
5 8 : -0.2 1.0 : 0.3369688851
5 8 : 0.2 -1.0 : -0.309088572
5 8 : 0.2 -0.6 : -0.1435077777
5 8 : 0.2 -0.2 : 0.07071069785
5 8 : 0.2 0.2 : 0.3019597637
5 8 : 0.2 0.6 : 0.5161782392
5 8 : 0.2 1.0 : 0.6817590336
5 8 : 0.6 -1.0 : 0.04879652002
5 8 : 0.6 -0.6 : 0.2050161722
5 8 : 0.6 -0.2 : 0.4085102862
5 8 : 0.6 0.2 : 0.6285714216
5 8 : 0.6 0.6 : 0.8320655356
5 8 : 0.6 1.0 : 0.9882851878
5 8 : 1.0 -1.0 : 0.2878194339
5 8 : 1.0 -0.6 : 0.4395160614
5 8 : 1.0 -0.2 : 0.6336490333
5 8 : 1.0 0.2 : 0.8426296998
5 8 : 1.0 0.6 : 1.036762672
5 8 : 1.0 1.0 : 1.188459299
5 9 : -1.0 -1.0 : -1.832129314
5 9 : -1.0 -0.6 : -2.211346181
5 9 : -1.0 -0.2 : -1.454194435
5 9 : -1.0 0.2 : -0.02652600708
5 9 : -1.0 0.6 : 0.6961474663
5 9 : -1.0 1.0 : 0.2534174145
5 9 : -0.6 -1.0 : -1.563924893
5 9 : -0.6 -0.6 : -1.964036433
5 9 : -0.6 -0.2 : -1.226367645
5 9 : -0.6 0.2 : 0.1863054689
5 9 : -0.6 0.6 : 0.9008387028
5 9 : -0.6 1.0 : 0.4581086509
5 9 : -0.2 -1.0 : -1.192204982
5 9 : -0.2 -0.6 : -1.61179948
5 9 : -0.2 -0.2 : -0.8891260067
5 9 : -0.2 0.2 : 0.5154068679
5 9 : -0.2 0.6 : 1.229940102
5 9 : -0.2 1.0 : 0.7953502894
5 9 : 0.2 -1.0 : -0.7953502894
5 9 : 0.2 -0.6 : -1.229940102
5 9 : 0.2 -0.2 : -0.5154068679
5 9 : 0.2 0.2 : 0.8891260067
5 9 : 0.2 0.6 : 1.61179948
5 9 : 0.2 1.0 : 1.192204982
5 9 : 0.6 -1.0 : -0.4581086509
5 9 : 0.6 -0.6 : -0.9008387028
5 9 : 0.6 -0.2 : -0.1863054689
5 9 : 0.6 0.2 : 1.226367645
5 9 : 0.6 0.6 : 1.964036433
5 9 : 0.6 1.0 : 1.563924893
5 9 : 1.0 -1.0 : -0.2534174145
5 9 : 1.0 -0.6 : -0.6961474663
5 9 : 1.0 -0.2 : 0.02652600708
5 9 : 1.0 0.2 : 1.454194435
5 9 : 1.0 0.6 : 2.211346181
5 9 : 1.0 1.0 : 1.832129314
5 10 : -1.0 -1.0 : -0.9603210946
5 10 : -1.0 -0.6 : -0.7724018473
5 10 : -1.0 -0.2 : -0.7289311554
5 10 : -1.0 0.2 : -0.7473475777
5 10 : -1.0 0.6 : -0.7038768858
5 10 : -1.0 1.0 : -0.5159576385
5 10 : -0.6 -1.0 : -0.757331896
5 10 : -0.6 -0.6 : -0.5639484891
5 10 : -0.6 -0.2 : -0.5132540629
5 10 : -0.6 0.2 : -0.5238276449
5 10 : -0.6 0.6 : -0.4731332186
5 10 : -0.6 1.0 : -0.2797498117
5 10 : -0.2 -1.0 : -0.4470841371
5 10 : -0.2 -0.6 : -0.2464769959
5 10 : -0.2 -0.2 : -0.1862326402
5 10 : -0.2 0.2 : -0.1864378214
5 10 : -0.2 0.6 : -0.1261934657
5 10 : -0.2 1.0 : 0.07441367555
5 10 : 0.2 -1.0 : -0.09825342595
5 10 : 0.2 -0.6 : 0.1101965557
5 10 : 0.2 -0.2 : 0.1808093121
5 10 : 0.2 0.2 : 0.1918611495
5 10 : 0.2 0.6 : 0.2624739059
5 10 : 0.2 1.0 : 0.4709238876
5 10 : 0.6 -1.0 : 0.2119943329
5 10 : 0.6 -0.6 : 0.4276680489
5 10 : 0.6 -0.2 : 0.5078307349
5 10 : 0.6 0.2 : 0.5292509729
5 10 : 0.6 0.6 : 0.6094136589
5 10 : 0.6 1.0 : 0.8250873748
5 10 : 1.0 -1.0 : 0.4149835315
5 10 : 1.0 -0.6 : 0.636121407
5 10 : 1.0 -0.2 : 0.7235078273
5 10 : 1.0 0.2 : 0.7527709058
5 10 : 1.0 0.6 : 0.8401573261
5 10 : 1.0 1.0 : 1.061295202
5 11 : -1.0 -1.0 : -1.291424707
5 11 : -1.0 -0.6 : -2.066004184
5 11 : -1.0 -0.2 : -1.552145892
5 11 : -1.0 0.2 : 0.07399000782
5 11 : -1.0 0.6 : 0.5732771221
5 11 : -1.0 1.0 : -0.2281442421
5 11 : -0.6 -1.0 : -1.051284407
5 11 : -0.6 -0.6 : -1.834694373
5 11 : -0.6 -0.2 : -1.329069952
5 11 : -0.6 0.2 : 0.2907286413
5 11 : -0.6 0.6 : 0.7865755347
5 11 : -0.6 1.0 : -0.01484582954
5 11 : -0.2 -1.0 : -0.7023792902
5 11 : -0.2 -0.6 : -1.494023127
5 11 : -0.2 -0.2 : -0.9947360126
5 11 : -0.2 0.2 : 0.6216223599
5 11 : -0.2 0.6 : 1.117469253
5 11 : -0.2 1.0 : 0.31948811
5 11 : 0.2 -1.0 : -0.31948811
5 11 : 0.2 -0.6 : -1.117469253
5 11 : 0.2 -0.2 : -0.6216223599
5 11 : 0.2 0.2 : 0.9947360126
5 11 : 0.2 0.6 : 1.494023127
5 11 : 0.2 1.0 : 0.7023792902
5 11 : 0.6 -1.0 : 0.01484582954
5 11 : 0.6 -0.6 : -0.7865755347
5 11 : 0.6 -0.2 : -0.2907286413
5 11 : 0.6 0.2 : 1.329069952
5 11 : 0.6 0.6 : 1.834694373
5 11 : 0.6 1.0 : 1.051284407
5 11 : 1.0 -1.0 : 0.2281442421
5 11 : 1.0 -0.6 : -0.5732771221
5 11 : 1.0 -0.2 : -0.07399000782
5 11 : 1.0 0.2 : 1.552145892
5 11 : 1.0 0.6 : 2.066004184
5 11 : 1.0 1.0 : 1.291424707
5 12 : -1.0 -1.0 : -1.346722133
5 12 : -1.0 -0.6 : -1.494773592
5 12 : -1.0 -0.2 : -0.7966310783
5 12 : -1.0 0.2 : -0.6809192908
5 12 : -1.0 0.6 : 0.007352291086
5 12 : -1.0 1.0 : -0.1588826291
5 12 : -0.6 -1.0 : -1.11803189
5 12 : -0.6 -0.6 : -1.271720632
5 12 : -0.6 -0.2 : -0.5766383298
5 12 : -0.6 0.2 : -0.4609265423
5 12 : -0.6 0.6 : 0.2304052512
5 12 : -0.6 1.0 : 0.0698076141
5 12 : -0.2 -1.0 : -0.7808908008
5 12 : -0.2 -0.6 : -0.9376397546
5 12 : -0.2 -0.2 : -0.2442186949
5 12 : -0.2 0.2 : -0.1285069074
5 12 : -0.2 0.6 : 0.5644861287
5 12 : -0.2 1.0 : 0.4069487032
5 12 : 0.2 -1.0 : -0.4082203392
5 12 : 0.2 -0.6 : -0.564969293
5 12 : 0.2 -0.2 : 0.1284517667
5 12 : 0.2 0.2 : 0.2441635542
5 12 : 0.2 0.6 : 0.9371565903
5 12 : 0.2 1.0 : 0.7796191648
5 12 : 0.6 -1.0 : -0.08095018212
5 12 : 0.6 -0.6 : -0.2346389243
5 12 : 0.6 -0.2 : 0.460443378
5 12 : 0.6 0.2 : 0.5761551655
5 12 : 0.6 0.6 : 1.267486959
5 12 : 0.6 1.0 : 1.106889322
5 12 : 1.0 -1.0 : 0.1295566
5 12 : 1.0 -0.6 : -0.01849485911
5 12 : 1.0 -0.2 : 0.6796476548
5 12 : 1.0 0.2 : 0.7953594423
5 12 : 1.0 0.6 : 1.483631024
5 12 : 1.0 1.0 : 1.317396104
5 13 : -1.0 -1.0 : -1.555342911
5 13 : -1.0 -0.6 : -0.97827489
5 13 : -1.0 -0.2 : -0.7474974417
5 13 : -1.0 0.2 : -0.7254645202
5 13 : -1.0 0.6 : -0.4689410062
5 13 : -1.0 1.0 : 0.1555544085
5 13 : -0.6 -1.0 : -1.359458095
5 13 : -0.6 -0.6 : -0.7676865124
5 13 : -0.6 -0.2 : -0.528927203
5 13 : -0.6 0.2 : -0.5068942814
5 13 : -0.6 0.6 : -0.2583526285
5 13 : -0.6 1.0 : 0.3514392242
5 13 : -0.2 -1.0 : -1.040125505
5 13 : -0.2 -0.6 : -0.440372061
5 13 : -0.2 -0.2 : -0.1972797806
5 13 : -0.2 0.2 : -0.1752468591
5 13 : -0.2 0.6 : 0.06896182284
5 13 : -0.2 1.0 : 0.6707718144
5 13 : 0.2 -1.0 : -0.6674550433
5 13 : 0.2 -0.6 : -0.06770159943
5 13 : 0.2 -0.2 : 0.175390681
5 13 : 0.2 0.2 : 0.1974236025
5 13 : 0.2 0.6 : 0.4416322844
5 13 : 0.2 1.0 : 1.043442276
5 13 : 0.6 -1.0 : -0.3223763873
5 13 : 0.6 -0.6 : 0.2693951954
5 13 : 0.6 -0.2 : 0.5081545048
5 13 : 0.6 0.2 : 0.5301874264
5 13 : 0.6 0.6 : 0.7787290793
5 13 : 0.6 1.0 : 1.388520932
5 13 : 1.0 -1.0 : -0.07906417772
5 13 : 1.0 -0.6 : 0.4980038431
5 13 : 1.0 -0.2 : 0.7287812914
5 13 : 1.0 0.2 : 0.7508142129
5 13 : 1.0 0.6 : 1.007337727
5 13 : 1.0 1.0 : 1.631833142
5 14 : -1.0 -1.0 : -1.260368471
5 14 : -1.0 -0.6 : -2.41681503
5 14 : -1.0 -0.2 : -1.845413953
5 14 : -1.0 0.2 : 0.3732500365
5 14 : -1.0 0.6 : 0.9765919182
5 14 : -1.0 1.0 : -0.121015782
5 14 : -0.6 -1.0 : -1.05637923
5 14 : -0.6 -0.6 : -2.203147336
5 14 : -0.6 -0.2 : -1.62649229
5 14 : -0.6 0.2 : 0.5921716996
5 14 : -0.6 0.6 : 1.190259612
5 14 : -0.6 1.0 : 0.08297345942
5 14 : -0.2 -1.0 : -0.7448093929
5 14 : -0.2 -0.6 : -1.878782381
5 14 : -0.2 -0.2 : -1.295181476
5 14 : -0.2 0.2 : 0.9234825132
5 14 : -0.2 0.6 : 1.514624567
5 14 : -0.2 1.0 : 0.394543296
5 14 : 0.2 -1.0 : -0.394543296
5 14 : 0.2 -0.6 : -1.514624567
5 14 : 0.2 -0.2 : -0.9234825132
5 14 : 0.2 0.2 : 1.295181476
5 14 : 0.2 0.6 : 1.878782381
5 14 : 0.2 1.0 : 0.7448093929
5 14 : 0.6 -1.0 : -0.08297345942
5 14 : 0.6 -0.6 : -1.190259612
5 14 : 0.6 -0.2 : -0.5921716996
5 14 : 0.6 0.2 : 1.62649229
5 14 : 0.6 0.6 : 2.203147336
5 14 : 0.6 1.0 : 1.05637923
5 14 : 1.0 -1.0 : 0.121015782
5 14 : 1.0 -0.6 : -0.9765919182
5 14 : 1.0 -0.2 : -0.3732500365
5 14 : 1.0 0.2 : 1.845413953
5 14 : 1.0 0.6 : 2.41681503
5 14 : 1.0 1.0 : 1.260368471
5 15 : -1.0 -1.0 : -0.9637246513
5 15 : -1.0 -0.6 : -0.7915183072
5 15 : -1.0 -0.2 : -0.7393651038
5 15 : -1.0 0.2 : -0.7369136293
5 15 : -1.0 0.6 : -0.6847604259
5 15 : -1.0 1.0 : -0.5125540818
5 15 : -0.6 -1.0 : -0.7455007995
5 15 : -0.6 -0.6 : -0.5729743619
5 15 : -0.6 -0.2 : -0.5201586724
5 15 : -0.6 0.2 : -0.5169230354
5 15 : -0.6 0.6 : -0.4641073459
5 15 : -0.6 1.0 : -0.2915809083
5 15 : -0.2 -1.0 : -0.4151125071
5 15 : -0.2 -0.6 : -0.2419235834
5 15 : -0.2 -0.2 : -0.1883489331
5 15 : -0.2 0.2 : -0.1843215285
5 15 : -0.2 0.6 : -0.1307468782
5 15 : -0.2 1.0 : 0.04244204554
5 15 : 0.2 -1.0 : -0.04441512954
5 15 : 0.2 -0.6 : 0.1295579567
5 15 : 0.2 -0.2 : 0.1839243745
5 15 : 0.2 0.2 : 0.1887460871
5 15 : 0.2 0.6 : 0.2431125049
5 15 : 0.2 1.0 : 0.4170855911
5 15 : 0.6 -1.0 : 0.2859731628
5 15 : 0.6 -0.6 : 0.4606087352
5 15 : 0.6 -0.2 : 0.5157341138
5 15 : 0.6 0.2 : 0.5213475939
5 15 : 0.6 0.6 : 0.5764729726
5 15 : 0.6 1.0 : 0.7511085449
5 15 : 1.0 -1.0 : 0.5041970146
5 15 : 1.0 -0.6 : 0.6791526805
5 15 : 1.0 -0.2 : 0.7349405453
5 15 : 1.0 0.2 : 0.7413381878
5 15 : 1.0 0.6 : 0.7971260526
5 15 : 1.0 1.0 : 0.9720817185
5 16 : -1.0 -1.0 : -1.802108353
5 16 : -1.0 -0.6 : -1.159026872
5 16 : -1.0 -0.2 : -0.7911356054
5 16 : -1.0 0.2 : -0.6851431277
5 16 : -1.0 0.6 : -0.3172518606
5 16 : -1.0 1.0 : 0.3258296197
5 16 : -0.6 -1.0 : -1.528760964
5 16 : -0.6 -0.6 : -0.8981950557
5 16 : -0.6 -0.2 : -0.5562068198
5 16 : -0.6 0.2 : -0.480874888
5 16 : -0.6 0.6 : -0.138886652
5 16 : -0.6 1.0 : 0.4916792564
5 16 : -0.2 -1.0 : -1.125498191
5 16 : -0.2 -0.6 : -0.5208353139
5 16 : -0.2 -0.2 : -0.2085222463
5 16 : -0.2 0.2 : -0.1641482153
5 16 : -0.2 0.6 : 0.1481648523
5 16 : -0.2 1.0 : 0.7528277297
5 16 : 0.2 -1.0 : -0.6756806674
5 16 : 0.2 -0.6 : -0.1016783359
5 16 : 0.2 -0.2 : 0.1796768309
5 16 : 0.2 0.2 : 0.1929936307
5 16 : 0.2 0.6 : 0.4743487975
5 16 : 0.2 1.0 : 1.048351129
5 16 : 0.6 -1.0 : -0.2724178944
5 16 : 0.6 -0.6 : 0.275681406
5 16 : 0.6 -0.2 : 0.5273614044
5 16 : 0.6 0.2 : 0.5097203034
5 16 : 0.6 0.6 : 0.7614003018
5 16 : 0.6 1.0 : 1.309499602
5 16 : 1.0 -1.0 : 0.0009294941581
5 16 : 1.0 -0.6 : 0.5365132227
5 16 : 1.0 -0.2 : 0.76229019
5 16 : 1.0 0.2 : 0.7139885431
5 16 : 1.0 0.6 : 0.9397655104
5 16 : 1.0 1.0 : 1.475349239
5 17 : -1.0 -1.0 : -1.274799953
5 17 : -1.0 -0.6 : -0.9206344064
5 17 : -1.0 -0.2 : -0.765910888
5 17 : -1.0 0.2 : -0.7103678451
5 17 : -1.0 0.6 : -0.5556443267
5 17 : -1.0 1.0 : -0.20147878
5 17 : -0.6 -1.0 : -1.02321478
5 17 : -0.6 -0.6 : -0.6795722574
5 17 : -0.6 -0.2 : -0.5387603996
5 17 : -0.6 0.2 : -0.4983213082
5 17 : -0.6 0.6 : -0.3575094504
5 17 : -0.6 1.0 : -0.01386692798
5 17 : -0.2 -1.0 : -0.6487221154
5 17 : -0.2 -0.6 : -0.3189912535
5 17 : -0.2 -0.2 : -0.196570905
5 17 : -0.2 0.2 : -0.1760995566
5 17 : -0.2 0.6 : -0.05367920807
5 17 : -0.2 1.0 : 0.2760516538
5 17 : 0.2 -1.0 : -0.2301404257
5 17 : 0.2 -0.6 : 0.08448648466
5 17 : 0.2 -0.2 : 0.1869390902
5 17 : 0.2 0.2 : 0.1857313714
5 17 : 0.2 0.6 : 0.2881839769
5 17 : 0.2 1.0 : 0.6028108873
5 17 : 0.6 -1.0 : 0.1443522388
5 17 : 0.6 -0.6 : 0.4450674886
5 17 : 0.6 -0.2 : 0.5291285848
5 17 : 0.6 0.2 : 0.507953123
5 17 : 0.6 0.6 : 0.5920142192
5 17 : 0.6 1.0 : 0.892729469
5 17 : 1.0 -1.0 : 0.3959374121
5 17 : 1.0 -0.6 : 0.6861296375
5 17 : 1.0 -0.2 : 0.7562790732
5 17 : 1.0 0.2 : 0.7199996599
5 17 : 1.0 0.6 : 0.7901490956
5 17 : 1.0 1.0 : 1.080341321
5 18 : -1.0 -1.0 : -1.649617734
5 18 : -1.0 -0.6 : -1.128563633
5 18 : -1.0 -0.2 : -0.7595508465
5 18 : -1.0 0.2 : -0.7219746079
5 18 : -1.0 0.6 : -0.393688909
5 18 : -1.0 1.0 : 0.05234092763
5 18 : -0.6 -1.0 : -1.410116149
5 18 : -0.6 -0.6 : -0.9014028509
5 18 : -0.6 -0.2 : -0.5390892963
5 18 : -0.6 0.2 : -0.5015130577
5 18 : -0.6 0.6 : -0.1665281265
5 18 : -0.6 1.0 : 0.2918425131
5 18 : -0.2 -1.0 : -1.051598243
5 18 : -0.2 -0.6 : -0.5591997474
5 18 : -0.2 -0.2 : -0.2057427194
5 18 : -0.2 0.2 : -0.1681664808
5 18 : -0.2 0.6 : 0.175674977
5 18 : -0.2 1.0 : 0.650360419
5 18 : 0.2 -1.0 : -0.650360419
5 18 : 0.2 -0.6 : -0.175674977
5 18 : 0.2 -0.2 : 0.1681664808
5 18 : 0.2 0.2 : 0.2057427194
5 18 : 0.2 0.6 : 0.5591997474
5 18 : 0.2 1.0 : 1.051598243
5 18 : 0.6 -1.0 : -0.2918425131
5 18 : 0.6 -0.6 : 0.1665281265
5 18 : 0.6 -0.2 : 0.5015130577
5 18 : 0.6 0.2 : 0.5390892963
5 18 : 0.6 0.6 : 0.9014028509
5 18 : 0.6 1.0 : 1.410116149
5 18 : 1.0 -1.0 : -0.05234092763
5 18 : 1.0 -0.6 : 0.393688909
5 18 : 1.0 -0.2 : 0.7219746079
5 18 : 1.0 0.2 : 0.7595508465
5 18 : 1.0 0.6 : 1.128563633
5 18 : 1.0 1.0 : 1.649617734
5 19 : -1.0 -1.0 : -0.9778641768
5 19 : -1.0 -0.6 : -1.443730276
5 19 : -1.0 -0.2 : -1.172167859
5 19 : -1.0 0.2 : -0.3001527963
5 19 : -1.0 0.6 : 0.002133759144
5 19 : -1.0 1.0 : -0.4071347283
5 19 : -0.6 -1.0 : -0.801579164
5 19 : -0.6 -0.6 : -1.248825687
5 19 : -0.6 -0.2 : -0.9599016954
5 19 : -0.6 0.2 : -0.07452406938
5 19 : -0.6 0.6 : 0.2350163833
5 19 : -0.6 1.0 : -0.1742521041
5 19 : -0.2 -1.0 : -0.5045853531
5 19 : -0.2 -0.6 : -0.9344703014
5 19 : -0.2 -0.2 : -0.632183746
5 19 : -0.2 0.2 : 0.2604477773
5 19 : -0.2 0.6 : 0.56998823
5 19 : -0.2 1.0 : 0.1534658453
5 19 : 0.2 -1.0 : -0.1534658453
5 19 : 0.2 -0.6 : -0.56998823
5 19 : 0.2 -0.2 : -0.2604477773
5 19 : 0.2 0.2 : 0.632183746
5 19 : 0.2 0.6 : 0.9344703014
5 19 : 0.2 1.0 : 0.5045853531
5 19 : 0.6 -1.0 : 0.1742521041
5 19 : 0.6 -0.6 : -0.2350163833
5 19 : 0.6 -0.2 : 0.07452406938
5 19 : 0.6 0.2 : 0.9599016954
5 19 : 0.6 0.6 : 1.248825687
5 19 : 0.6 1.0 : 0.801579164
5 19 : 1.0 -1.0 : 0.4071347283
5 19 : 1.0 -0.6 : -0.002133759144
5 19 : 1.0 -0.2 : 0.3001527963
5 19 : 1.0 0.2 : 1.172167859
5 19 : 1.0 0.6 : 1.443730276
5 19 : 1.0 1.0 : 0.9778641768
5 20 : -1.0 -1.0 : -0.2110139627
5 20 : -1.0 -0.6 : -0.5386753241
5 20 : -1.0 -0.2 : -0.7154216165
5 20 : -1.0 0.2 : -0.7154216165
5 20 : -1.0 0.6 : -0.5386753241
5 20 : -1.0 1.0 : -0.2110139627
5 20 : -0.6 -1.0 : 0.005546805679
5 20 : -0.6 -0.6 : -0.3202310172
5 20 : -0.6 -0.2 : -0.4959548266
5 20 : -0.6 0.2 : -0.4959548266
5 20 : -0.6 0.6 : -0.3202310172
5 20 : -0.6 1.0 : 0.005546805679
5 20 : -0.2 -1.0 : 0.3361033826
5 20 : -0.2 -0.6 : 0.01134804274
5 20 : -0.2 -0.2 : -0.1638207095
5 20 : -0.2 0.2 : -0.1638207095
5 20 : -0.2 0.6 : 0.01134804274
5 20 : -0.2 1.0 : 0.3361033826
5 20 : 0.2 -1.0 : 0.7087738442
5 20 : 0.2 -0.6 : 0.3840185043
5 20 : 0.2 -0.2 : 0.2088497521
5 20 : 0.2 0.2 : 0.2088497521
5 20 : 0.2 0.6 : 0.3840185043
5 20 : 0.2 1.0 : 0.7087738442
5 20 : 0.6 -1.0 : 1.042628513
5 20 : 0.6 -0.6 : 0.7168506906
5 20 : 0.6 -0.2 : 0.5411268812
5 20 : 0.6 0.2 : 0.5411268812
5 20 : 0.6 0.6 : 0.7168506906
5 20 : 0.6 1.0 : 1.042628513
5 20 : 1.0 -1.0 : 1.26526477
5 20 : 1.0 -0.6 : 0.937603409
5 20 : 1.0 -0.2 : 0.7608571166
5 20 : 1.0 0.2 : 0.7608571166
5 20 : 1.0 0.6 : 0.937603409
5 20 : 1.0 1.0 : 1.26526477
5 21 : -1.0 -1.0 : -1.727896122
5 21 : -1.0 -0.6 : -1.38269591
5 21 : -1.0 -0.2 : -0.9608830769
5 21 : -1.0 0.2 : -0.5174704921
5 21 : -1.0 0.6 : -0.1117633414
5 21 : -1.0 1.0 : 0.2037682393
5 21 : -0.6 -1.0 : -1.493463294
5 21 : -0.6 -0.6 : -1.157461027
5 21 : -0.6 -0.2 : -0.7406413183
5 21 : -0.6 0.2 : -0.2972287335
5 21 : -0.6 0.6 : 0.113471542
5 21 : -0.6 1.0 : 0.4382010677
5 21 : -0.2 -1.0 : -1.153204829
5 21 : -0.2 -0.6 : -0.8221956871
5 21 : -0.2 -0.2 : -0.4080865077
5 21 : -0.2 0.2 : 0.03532607704
5 21 : -0.2 0.6 : 0.4487368814
5 21 : -0.2 1.0 : 0.7784595319
5 21 : 0.2 -1.0 : -0.7805343679
5 21 : 0.2 -0.6 : -0.4495252255
5 21 : 0.2 -0.2 : -0.03541604612
5 21 : 0.2 0.2 : 0.4079965386
5 21 : 0.2 0.6 : 0.821407343
5 21 : 0.2 1.0 : 1.151129994
5 21 : 0.6 -1.0 : -0.4563815859
5 21 : 0.6 -0.6 : -0.1203793187
5 21 : 0.6 -0.2 : 0.2964403895
5 21 : 0.6 0.2 : 0.7398529742
5 21 : 0.6 0.6 : 1.15055325
5 21 : 0.6 1.0 : 1.475282775
5 21 : 1.0 -1.0 : -0.251617389
5 21 : 1.0 -0.6 : 0.0935828232
5 21 : 1.0 -0.2 : 0.5153956562
5 21 : 1.0 0.2 : 0.958808241
5 21 : 1.0 0.6 : 1.364515392
5 21 : 1.0 1.0 : 1.680046972
5 22 : -1.0 -1.0 : -1.463431202
5 22 : -1.0 -0.6 : -1.02276681
5 22 : -1.0 -0.2 : -0.7519745149
5 22 : -1.0 0.2 : -0.7238725186
5 22 : -1.0 0.6 : -0.4497292035
5 22 : -1.0 1.0 : -0.002891823521
5 22 : -0.6 -1.0 : -1.246919184
5 22 : -0.6 -0.6 : -0.8043410257
5 22 : -0.6 -0.2 : -0.5325098388
5 22 : -0.6 0.2 : -0.5044078426
5 22 : -0.6 0.6 : -0.2313034192
5 22 : -0.6 1.0 : 0.2136201953
5 22 : -0.2 -1.0 : -0.9163890704
5 22 : -0.2 -0.6 : -0.4727720209
5 22 : -0.2 -0.2 : -0.2003768692
5 22 : -0.2 0.2 : -0.172274873
5 22 : -0.2 0.6 : 0.1002655856
5 22 : -0.2 1.0 : 0.5441503084
5 22 : 0.2 -1.0 : -0.5437186088
5 22 : 0.2 -0.6 : -0.1001015593
5 22 : 0.2 -0.2 : 0.1722935924
5 22 : 0.2 0.2 : 0.2003955886
5 22 : 0.2 0.6 : 0.4729360472
5 22 : 0.2 1.0 : 0.91682077
5 22 : 0.6 -1.0 : -0.2098374757
5 22 : 0.6 -0.6 : 0.232740682
5 22 : 0.6 -0.2 : 0.5045718689
5 22 : 0.6 0.2 : 0.5326738652
5 22 : 0.6 0.6 : 0.8057782885
5 22 : 0.6 1.0 : 1.250701903
5 22 : 1.0 -1.0 : 0.01284753072
5 22 : 1.0 -0.6 : 0.4535119231
5 22 : 1.0 -0.2 : 0.7243042182
5 22 : 1.0 0.2 : 0.7524062145
5 22 : 1.0 0.6 : 1.02654953
5 22 : 1.0 1.0 : 1.47338691
5 23 : -1.0 -1.0 : -1.550597962
5 23 : -1.0 -0.6 : -1.259461499
5 23 : -1.0 -0.2 : -0.9158796414
5 23 : -1.0 0.2 : -0.5640461042
5 23 : -1.0 0.6 : -0.2487737738
5 23 : -1.0 1.0 : -0.009786912083
5 23 : -0.6 -1.0 : -1.304924649
5 23 : -0.6 -0.6 : -1.029955738
5 23 : -0.6 -0.2 : -0.6951504726
5 23 : -0.6 0.2 : -0.3433169354
5 23 : -0.6 0.6 : -0.01926801308
5 23 : -0.6 1.0 : 0.2358864015
5 23 : -0.2 -1.0 : -0.9585642621
5 23 : -0.2 -0.6 : -0.6923719433
5 23 : -0.2 -0.2 : -0.3623310703
5 23 : -0.2 0.2 : -0.01049753309
5 23 : -0.2 0.6 : 0.3183157815
5 23 : -0.2 1.0 : 0.5822467881
5 23 : 0.2 -1.0 : -0.5858938005
5 23 : 0.2 -0.6 : -0.3197014817
5 23 : 0.2 -0.2 : 0.01033939126
5 23 : 0.2 0.2 : 0.3621729285
5 23 : 0.2 0.6 : 0.6909862431
5 23 : 0.2 1.0 : 0.9549172497
5 23 : 0.6 -1.0 : -0.2678429409
5 23 : 0.6 -0.6 : 0.007125969811
5 23 : 0.6 -0.2 : 0.3419312352
5 23 : 0.6 0.2 : 0.6937647724
5 23 : 0.6 0.6 : 1.017813695
5 23 : 0.6 1.0 : 1.272968109
5 23 : 1.0 -1.0 : -0.07431922916
5 23 : 1.0 -0.6 : 0.2168172344
5 23 : 1.0 -0.2 : 0.5603990917
5 23 : 1.0 0.2 : 0.9122326289
5 23 : 1.0 0.6 : 1.227504959
5 23 : 1.0 1.0 : 1.466491821
5 24 : -1.0 -1.0 : -0.3546535073
5 24 : -1.0 -0.6 : -0.5745288969
5 24 : -1.0 -0.2 : -0.7079915611
5 24 : -1.0 0.2 : -0.7425131759
5 24 : -1.0 0.6 : -0.6726435372
5 24 : -1.0 1.0 : -0.5008710288
5 24 : -0.6 -1.0 : -0.1591064352
5 24 : -0.6 -0.6 : -0.3733813815
5 24 : -0.6 -0.2 : -0.4952530086
5 24 : -0.6 0.2 : -0.516054703
5 24 : -0.6 0.6 : -0.4345940272
5 24 : -0.6 1.0 : -0.2572210756
5 24 : -0.2 -1.0 : 0.1413026751
5 24 : -0.2 -0.6 : -0.06138123409
5 24 : -0.2 -0.2 : -0.1699738757
5 24 : -0.2 0.2 : -0.1769225898
5 24 : -0.2 0.6 : -0.08218292846
5 24 : -0.2 1.0 : 0.1067810603
5 24 : 0.2 -1.0 : 0.4794515219
5 24 : 0.2 -0.6 : 0.2904875331
5 24 : 0.2 -0.2 : 0.1957478718
5 24 : 0.2 0.2 : 0.2026965859
5 24 : 0.2 0.6 : 0.3112892275
5 24 : 0.2 1.0 : 0.5139731367
5 24 : 0.6 -1.0 : 0.7798606322
5 24 : 0.6 -0.6 : 0.6024876805
5 24 : 0.6 -0.2 : 0.5210270048
5 24 : 0.6 0.2 : 0.5418286991
5 24 : 0.6 0.6 : 0.6637003263
5 24 : 0.6 1.0 : 0.8779752726
5 24 : 1.0 -1.0 : 0.9754077043
5 24 : 1.0 -0.6 : 0.8036351959
5 24 : 1.0 -0.2 : 0.7337655572
5 24 : 1.0 0.2 : 0.768287172
5 24 : 1.0 0.6 : 0.9017498362
5 24 : 1.0 1.0 : 1.121625226
6 7 : -1.0 -1.0 : -1.266859771
6 7 : -1.0 -0.6 : -1.395229832
6 7 : -1.0 -0.2 : -1.116693881
6 7 : -1.0 0.2 : -0.6512877001
6 7 : -1.0 0.6 : -0.3601739782
6 7 : -1.0 1.0 : -0.465374251
6 7 : -0.6 -1.0 : -1.035920899
6 7 : -0.6 -0.6 : -1.157107803
6 7 : -0.6 -0.2 : -0.8746724596
6 7 : -0.6 0.2 : -0.4092662784
6 7 : -0.6 0.6 : -0.1220519492
6 7 : -0.6 1.0 : -0.234435379
6 7 : -0.2 -1.0 : -0.6341469455
6 7 : -0.2 -0.6 : -0.7514344568
6 7 : -0.2 -0.2 : -0.4668823192
6 7 : -0.2 0.2 : -0.00147613798
6 7 : -0.2 0.6 : 0.2836213973
6 7 : -0.2 1.0 : 0.1673385748
6 7 : 0.2 -1.0 : -0.1657182268
6 7 : 0.2 -0.6 : -0.2830057381
6 7 : 0.2 -0.2 : 0.001546399551
6 7 : 0.2 0.2 : 0.4669525807
6 7 : 0.2 0.6 : 0.752050116
6 7 : 0.2 1.0 : 0.6357672935
6 7 : 0.6 -1.0 : 0.2486334979
6 7 : 0.6 -0.6 : 0.1274465939
6 7 : 0.6 -0.2 : 0.4098819376
6 7 : 0.6 0.2 : 0.8752881188
6 7 : 0.6 0.6 : 1.162502448
6 7 : 0.6 1.0 : 1.050119018
6 7 : 1.0 -1.0 : 0.5027421582
6 7 : 1.0 -0.6 : 0.3743720972
6 7 : 1.0 -0.2 : 0.6529080482
6 7 : 1.0 0.2 : 1.118314229
6 7 : 1.0 0.6 : 1.409427951
6 7 : 1.0 1.0 : 1.304227679
6 8 : -1.0 -1.0 : -1.381575813
6 8 : -1.0 -0.6 : -1.218260601
6 8 : -1.0 -0.2 : -1.002685565
6 8 : -1.0 0.2 : -0.7658245856
6 8 : -1.0 0.6 : -0.5417747398
6 8 : -1.0 1.0 : -0.3628478941
6 8 : -0.6 -1.0 : -1.146857864
6 8 : -0.6 -0.6 : -0.9787026931
6 8 : -0.6 -0.2 : -0.7605002751
6 8 : -0.6 0.2 : -0.5236392954
6 8 : -0.6 0.6 : -0.3022168319
6 8 : -0.6 1.0 : -0.1281299449
6 8 : -0.2 -1.0 : -0.7430324294
6 8 : -0.2 -0.6 : -0.5722498766
6 8 : -0.2 -0.2 : -0.3526211783
6 8 : -0.2 0.2 : -0.1157601986
6 8 : -0.2 0.6 : 0.1042359846
6 8 : -0.2 1.0 : 0.2756954893
6 8 : 0.2 -1.0 : -0.2746037107
6 8 : 0.2 -0.6 : -0.1038211579
6 8 : 0.2 -0.2 : 0.1158075404
6 8 : 0.2 0.2 : 0.3526685201
6 8 : 0.2 0.6 : 0.5726647033
6 8 : 0.2 1.0 : 0.744124208
6 8 : 0.6 -1.0 : 0.1376965336
6 8 : 0.6 -0.6 : 0.3058517041
6 8 : 0.6 -0.2 : 0.5240541221
6 8 : 0.6 0.2 : 0.7609151018
6 8 : 0.6 0.6 : 0.9823375653
6 8 : 0.6 1.0 : 1.156424452
6 8 : 1.0 -1.0 : 0.3880261167
6 8 : 1.0 -0.6 : 0.5513413285
6 8 : 1.0 -0.2 : 0.7669163642
6 8 : 1.0 0.2 : 1.003777344
6 8 : 1.0 0.6 : 1.22782719
6 8 : 1.0 1.0 : 1.406754035
6 9 : -1.0 -1.0 : -1.844199819
6 9 : -1.0 -0.6 : -2.282601963
6 9 : -1.0 -0.2 : -1.578950652
6 9 : -1.0 0.2 : -0.1906512772
6 9 : -1.0 0.6 : 0.5130000332
6 9 : -1.0 1.0 : 0.07459788994
6 9 : -0.6 -1.0 : -1.612255421
6 9 : -0.6 -0.6 : -2.047177146
6 9 : -0.6 -0.2 : -1.33892465
6 9 : -0.6 0.2 : 0.05437025288
6 9 : -0.6 0.6 : 0.7626227492
6 9 : -0.6 1.0 : 0.3277010237
6 9 : -0.2 -1.0 : -1.218178729
6 9 : -0.2 -0.6 : -1.648499269
6 9 : -0.2 -0.2 : -0.9341639075
6 9 : -0.2 0.2 : 0.4657351888
6 9 : -0.2 0.6 : 1.18007055
6 9 : -0.2 1.0 : 0.7497500105
6 9 : 0.2 -1.0 : -0.7649348328
6 9 : 0.2 -0.6 : -1.190259845
6 9 : 0.2 -0.2 : -0.4693202899
6 9 : 0.2 0.2 : 0.9377490086
6 9 : 0.2 0.6 : 1.658688563
6 9 : 0.2 1.0 : 1.233363552
6 9 : 0.6 -1.0 : -0.3708581411
6 9 : 0.6 -0.6 : -0.791581967
6 9 : 0.6 -0.2 : -0.06455954733
6 9 : 0.6 0.2 : 1.349113945
6 9 : 0.6 0.6 : 2.076136364
6 9 : 0.6 1.0 : 1.655412538
6 9 : 1.0 -1.0 : -0.1389137426
6 9 : 1.0 -0.6 : -0.5561571506
6 9 : 1.0 -0.2 : 0.1754664549
6 9 : 1.0 0.2 : 1.594135475
6 9 : 1.0 0.6 : 2.32575908
6 9 : 1.0 1.0 : 1.908515672
6 10 : -1.0 -1.0 : -1.28059313
6 10 : -1.0 -0.6 : -1.035559235
6 10 : -1.0 -0.2 : -0.9165817716
6 10 : -1.0 0.2 : -0.8530201579
6 10 : -1.0 0.6 : -0.7340426946
6 10 : -1.0 1.0 : -0.4890087995
6 10 : -0.6 -1.0 : -0.9975640302
6 10 : -0.6 -0.6 : -0.7658556465
6 10 : -0.6 -0.2 : -0.6644947909
6 10 : -0.6 0.2 : -0.6200596063
6 10 : -0.6 0.6 : -0.5186987507
6 10 : -0.6 1.0 : -0.286990367
6 10 : -0.2 -1.0 : -0.5359522837
6 10 : -0.2 -0.6 : -0.3218605078
6 10 : -0.2 -0.2 : -0.24378918
6 10 : -0.2 0.2 : -0.2246395387
6 10 : -0.2 0.6 : -0.1465682109
6 10 : -0.2 1.0 : 0.06752356503
6 10 : 0.2 -1.0 : -0.009385279363
6 10 : 0.2 -0.6 : 0.1855800676
6 10 : 0.2 -0.2 : 0.238365852
6 10 : 0.2 0.2 : 0.2300628667
6 10 : 0.2 0.6 : 0.2828486511
6 10 : 0.2 1.0 : 0.4778139981
6 10 : 0.6 -1.0 : 0.4522264671
6 10 : 0.6 -0.6 : 0.6295752063
6 10 : 0.6 -0.2 : 0.6590714629
6 10 : 0.6 0.2 : 0.6254829343
6 10 : 0.6 0.6 : 0.6549791909
6 10 : 0.6 1.0 : 0.8323279301
6 10 : 1.0 -1.0 : 0.7352555669
6 10 : 1.0 -0.6 : 0.8992787947
6 10 : 1.0 -0.2 : 0.9111584436
6 10 : 1.0 0.2 : 0.8584434859
6 10 : 1.0 0.6 : 0.8703231348
6 10 : 1.0 1.0 : 1.034346363
6 11 : -1.0 -1.0 : -1.474824493
6 11 : -1.0 -0.6 : -2.231971209
6 11 : -1.0 -0.2 : -1.703940912
6 11 : -1.0 0.2 : -0.06913121135
6 11 : -1.0 0.6 : 0.4319620961
6 11 : -1.0 1.0 : -0.3748058403
6 11 : -0.6 -1.0 : -1.194326178
6 11 : -0.6 -0.6 : -1.967797365
6 11 : -0.6 -0.2 : -1.454988603
6 11 : -0.6 0.2 : 0.1681056427
6 11 : -0.6 0.6 : 0.66283919
6 11 : -0.6 1.0 : -0.1439287464
6 11 : -0.2 -1.0 : -0.75539184
6 11 : -0.2 -0.6 : -1.544084562
6 11 : -0.2 -0.2 : -1.042991255
6 11 : -0.2 0.2 : 0.5737432314
6 11 : -0.2 0.6 : 1.068476779
6 11 : -0.2 1.0 : 0.2680686024
6 11 : 0.2 -1.0 : -0.2680686024
6 11 : 0.2 -0.6 : -1.068476779
6 11 : 0.2 -0.2 : -0.5737432314
6 11 : 0.2 0.2 : 1.042991255
6 11 : 0.2 0.6 : 1.544084562
6 11 : 0.2 1.0 : 0.75539184
6 11 : 0.6 -1.0 : 0.1439287464
6 11 : 0.6 -0.6 : -0.66283919
6 11 : 0.6 -0.2 : -0.1681056427
6 11 : 0.6 0.2 : 1.454988603
6 11 : 0.6 0.6 : 1.967797365
6 11 : 0.6 1.0 : 1.194326178
6 11 : 1.0 -1.0 : 0.3748058403
6 11 : 1.0 -0.6 : -0.4319620961
6 11 : 1.0 -0.2 : 0.06913121135
6 11 : 1.0 0.2 : 1.703940912
6 11 : 1.0 0.6 : 2.231971209
6 11 : 1.0 1.0 : 1.474824493
6 12 : -1.0 -1.0 : -1.472309314
6 12 : -1.0 -0.6 : -1.633427862
6 12 : -1.0 -0.2 : -0.9423788471
6 12 : -1.0 0.2 : -0.8266670596
6 12 : -1.0 0.6 : -0.1313019791
6 12 : -1.0 1.0 : -0.2844698096
6 12 : -0.6 -1.0 : -1.233760907
6 12 : -0.6 -0.6 : -1.392414553
6 12 : -0.6 -0.2 : -0.7000274606
6 12 : -0.6 0.2 : -0.584315673
6 12 : -0.6 0.6 : 0.1097113299
6 12 : -0.6 1.0 : -0.04592140263
6 12 : -0.2 -1.0 : -0.8278560999
6 12 : -0.2 -0.6 : -0.9851716692
6 12 : -0.2 -0.2 : -0.292058198
6 12 : -0.2 0.2 : -0.1763464104
6 12 : -0.2 0.6 : 0.5169542141
6 12 : -0.2 1.0 : 0.3599834041
6 12 : 0.2 -1.0 : -0.3594273812
6 12 : 0.2 -0.6 : -0.5167429505
6 12 : 0.2 -0.2 : 0.1763705207
6 12 : 0.2 0.2 : 0.2920823083
6 12 : 0.2 0.6 : 0.9853829328
6 12 : 0.2 1.0 : 0.8284121228
6 12 : 0.6 -1.0 : 0.05079349056
6 12 : 0.6 -0.6 : -0.1078601562
6 12 : 0.6 -0.2 : 0.5845269366
6 12 : 0.6 0.2 : 0.7002387242
6 12 : 0.6 0.6 : 1.394265727
6 12 : 0.6 1.0 : 1.238632995
6 12 : 1.0 -1.0 : 0.2972926159
6 12 : 1.0 -0.6 : 0.1361740671
6 12 : 1.0 -0.2 : 0.8272230824
6 12 : 1.0 0.2 : 0.9429348699
6 12 : 1.0 0.6 : 1.63829995
6 12 : 1.0 1.0 : 1.48513212
6 13 : -1.0 -1.0 : -1.77656937
6 13 : -1.0 -0.6 : -1.163839122
6 13 : -1.0 -0.2 : -0.9043924324
6 13 : -1.0 0.2 : -0.8652094971
6 13 : -1.0 0.6 : -0.6057628072
6 13 : -1.0 1.0 : 0.006967440121
6 13 : -0.6 -1.0 : -1.522097074
6 13 : -0.6 -0.6 : -0.9121490741
6 13 : -0.6 -0.2 : -0.6584607025
6 13 : -0.6 0.2 : -0.6260936947
6 13 : -0.6 0.6 : -0.3724053231
6 13 : -0.6 1.0 : 0.2375426766
6 13 : -0.2 -1.0 : -1.098238026
6 13 : -0.2 -0.6 : -0.4940483444
6 13 : -0.2 -0.2 : -0.2469568481
6 13 : -0.2 0.2 : -0.2214718706
6 13 : -0.2 0.6 : 0.02561962571
6 13 : -0.2 1.0 : 0.6298093072
6 13 : 0.2 -1.0 : -0.6126592934
6 13 : 0.2 -0.6 : -0.01528553946
6 13 : 0.2 -0.2 : 0.2249239265
6 13 : 0.2 0.2 : 0.2435047922
6 13 : 0.2 0.6 : 0.4837142582
6 13 : 0.2 1.0 : 1.081088012
6 13 : 0.6 -1.0 : -0.1888002455
6 13 : 0.6 -0.6 : 0.4028151902
6 13 : 0.6 -0.2 : 0.636427781
6 13 : 0.6 0.2 : 0.6481266162
6 13 : 0.6 0.6 : 0.881739207
6 13 : 0.6 1.0 : 1.473354643
6 13 : 1.0 -1.0 : 0.06567205033
6 13 : 1.0 -0.6 : 0.6545052384
6 13 : 1.0 -0.2 : 0.8823595108
6 13 : 1.0 0.2 : 0.8872424186
6 13 : 1.0 0.6 : 1.115096691
6 13 : 1.0 1.0 : 1.703929879
6 14 : -1.0 -1.0 : -1.532112878
6 14 : -1.0 -0.6 : -2.611002452
6 14 : -1.0 -0.2 : -1.997499395
6 14 : -1.0 0.2 : 0.2211645946
6 14 : -1.0 0.6 : 0.7824044957
6 14 : -1.0 1.0 : -0.3927601887
6 14 : -0.6 -1.0 : -1.264048434
6 14 : -0.6 -0.6 : -2.358774381
6 14 : -0.6 -0.2 : -1.753868133
6 14 : -0.6 0.2 : 0.4647958562
6 14 : -0.6 0.6 : 1.034632567
6 14 : -0.6 1.0 : -0.1246957453
6 14 : -0.2 -1.0 : -0.8222202799
6 14 : -0.2 -0.6 : -1.937882245
6 14 : -0.2 -0.2 : -1.344341162
6 14 : -0.2 0.2 : 0.8743228279
6 14 : -0.2 0.6 : 1.455524703
6 14 : -0.2 1.0 : 0.317132409
6 14 : 0.2 -1.0 : -0.317132409
6 14 : 0.2 -0.6 : -1.455524703
6 14 : 0.2 -0.2 : -0.8743228279
6 14 : 0.2 0.2 : 1.344341162
6 14 : 0.2 0.6 : 1.937882245
6 14 : 0.2 1.0 : 0.8222202799
6 14 : 0.6 -1.0 : 0.1246957453
6 14 : 0.6 -0.6 : -1.034632567
6 14 : 0.6 -0.2 : -0.4647958562
6 14 : 0.6 0.2 : 1.753868133
6 14 : 0.6 0.6 : 2.358774381
6 14 : 0.6 1.0 : 1.264048434
6 14 : 1.0 -1.0 : 0.3927601887
6 14 : 1.0 -0.6 : -0.7824044957
6 14 : 1.0 -0.2 : -0.2211645946
6 14 : 1.0 0.2 : 1.997499395
6 14 : 1.0 0.6 : 2.611002452
6 14 : 1.0 1.0 : 1.532112878
6 15 : -1.0 -1.0 : -0.9691167815
6 15 : -1.0 -0.6 : -0.8433854998
6 15 : -1.0 -0.2 : -0.8526733112
6 15 : -1.0 0.2 : -0.9169286183
6 15 : -1.0 0.6 : -0.9262164297
6 15 : -1.0 1.0 : -0.800485148
6 15 : -0.6 -1.0 : -0.7744427386
6 15 : -0.6 -0.6 : -0.6375695188
6 15 : -0.6 -0.2 : -0.6237972596
6 15 : -0.6 0.2 : -0.6607571376
6 15 : -0.6 0.6 : -0.6469848784
6 15 : -0.6 1.0 : -0.5101116586
6 15 : -0.2 -1.0 : -0.4296382448
6 15 : -0.2 -0.6 : -0.2697049544
6 15 : -0.2 -0.2 : -0.2295144945
6 15 : -0.2 0.2 : -0.2389142242
6 15 : -0.2 0.6 : -0.1987237643
6 15 : -0.2 1.0 : -0.03879047389
6 15 : 0.2 -1.0 : -0.02988939186
6 15 : 0.2 -0.6 : 0.1573393277
6 15 : 0.2 -0.2 : 0.2250899359
6 15 : 0.2 0.2 : 0.2433387828
6 15 : 0.2 0.6 : 0.311089391
6 15 : 0.2 1.0 : 0.4983181106
6 15 : 0.6 -1.0 : 0.314915102
6 15 : 0.6 -0.6 : 0.5252038921
6 15 : 0.6 -0.2 : 0.619372701
6 15 : 0.6 0.2 : 0.6651816962
6 15 : 0.6 0.6 : 0.7593505051
6 15 : 0.6 1.0 : 0.9696392952
6 15 : 1.0 -1.0 : 0.5095891448
6 15 : 1.0 -0.6 : 0.7310198731
6 15 : 1.0 -0.2 : 0.8482487526
6 15 : 1.0 0.2 : 0.9213531769
6 15 : 1.0 0.6 : 1.038582056
6 15 : 1.0 1.0 : 1.260012785
6 16 : -1.0 -1.0 : -1.73048127
6 16 : -1.0 -0.6 : -1.1751948
6 16 : -1.0 -0.2 : -0.8968427017
6 16 : -1.0 0.2 : -0.8679972863
6 16 : -1.0 0.6 : -0.55268115
6 16 : -1.0 1.0 : 0.07069758822
6 16 : -0.6 -1.0 : -1.506021598
6 16 : -0.6 -0.6 : -0.9395345744
6 16 : -0.6 -0.2 : -0.6551022313
6 16 : -0.6 0.2 : -0.6262568159
6 16 : -0.6 0.6 : -0.3170209246
6 16 : -0.6 1.0 : 0.2951572604
6 16 : -0.2 -1.0 : -1.121839873
6 16 : -0.2 -0.6 : -0.5405454812
6 16 : -0.2 -0.2 : -0.2480749254
6 16 : -0.2 0.2 : -0.21922951
6 16 : -0.2 0.6 : 0.08196816863
6 16 : -0.2 1.0 : 0.6793389856
6 16 : 0.2 -1.0 : -0.6793389856
6 16 : 0.2 -0.6 : -0.08196816863
6 16 : 0.2 -0.2 : 0.21922951
6 16 : 0.2 0.2 : 0.2480749254
6 16 : 0.2 0.6 : 0.5405454812
6 16 : 0.2 1.0 : 1.121839873
6 16 : 0.6 -1.0 : -0.2951572604
6 16 : 0.6 -0.6 : 0.3170209246
6 16 : 0.6 -0.2 : 0.6262568159
6 16 : 0.6 0.2 : 0.6551022313
6 16 : 0.6 0.6 : 0.9395345744
6 16 : 0.6 1.0 : 1.506021598
6 16 : 1.0 -1.0 : -0.07069758822
6 16 : 1.0 -0.6 : 0.55268115
6 16 : 1.0 -0.2 : 0.8679972863
6 16 : 1.0 0.2 : 0.8968427017
6 16 : 1.0 0.6 : 1.1751948
6 16 : 1.0 1.0 : 1.73048127
6 17 : -1.0 -1.0 : -1.295842755
6 17 : -1.0 -0.6 : -0.9871350574
6 17 : -1.0 -0.2 : -0.8856500146
6 17 : -1.0 0.2 : -0.8827208896
6 17 : -1.0 0.6 : -0.7716801505
6 17 : -1.0 1.0 : -0.4453696942
6 17 : -0.6 -1.0 : -1.066790177
6 17 : -0.6 -0.6 : -0.7522914949
6 17 : -0.6 -0.2 : -0.6454067259
6 17 : -0.6 0.2 : -0.6383216308
6 17 : -0.6 0.6 : -0.5250248142
6 17 : -0.6 1.0 : -0.1987143579
6 17 : -0.2 -1.0 : -0.6696787724
6 17 : -0.2 -0.6 : -0.3497803636
6 17 : -0.2 -0.2 : -0.2387396246
6 17 : -0.2 0.2 : -0.229398452
6 17 : -0.2 0.6 : -0.1161016353
6 17 : -0.2 1.0 : 0.2079527434
6 17 : 0.2 -1.0 : -0.2079527434
6 17 : 0.2 -0.6 : 0.1161016353
6 17 : 0.2 -0.2 : 0.229398452
6 17 : 0.2 0.2 : 0.2387396246
6 17 : 0.2 0.6 : 0.3497803636
6 17 : 0.2 1.0 : 0.6696787724
6 17 : 0.6 -1.0 : 0.1987143579
6 17 : 0.6 -0.6 : 0.5250248142
6 17 : 0.6 -0.2 : 0.6383216308
6 17 : 0.6 0.2 : 0.6454067259
6 17 : 0.6 0.6 : 0.7522914949
6 17 : 0.6 1.0 : 1.066790177
6 17 : 1.0 -1.0 : 0.4453696942
6 17 : 1.0 -0.6 : 0.7716801505
6 17 : 1.0 -0.2 : 0.8827208896
6 17 : 1.0 0.2 : 0.8856500146
6 17 : 1.0 0.6 : 0.9871350574
6 17 : 1.0 1.0 : 1.295842755
6 18 : -1.0 -1.0 : -1.668430661
6 18 : -1.0 -0.6 : -1.207045486
6 18 : -1.0 -0.2 : -0.8876879929
6 18 : -1.0 0.2 : -0.8819139366
6 18 : -1.0 0.6 : -0.5625564435
6 18 : -1.0 1.0 : -0.1011712687
6 18 : -0.6 -1.0 : -1.448063688
6 18 : -0.6 -0.6 : -0.981519244
6 18 : -0.6 -0.2 : -0.6514837951
6 18 : -0.6 0.2 : -0.6330706021
6 18 : -0.6 0.6 : -0.3030351532
6 18 : -0.6 1.0 : 0.1635092913
6 18 : -0.2 -1.0 : -1.069292599
6 18 : -0.2 -0.6 : -0.5920701987
6 18 : -0.2 -0.2 : -0.2498018133
6 18 : -0.2 0.2 : -0.2186269054
6 18 : -0.2 0.6 : 0.12364148
6 18 : -0.2 1.0 : 0.6008638803
6 18 : 0.2 -1.0 : -0.6326660627
6 18 : 0.2 -0.6 : -0.1428045256
6 18 : 0.2 -0.2 : 0.2122255746
6 18 : 0.2 0.2 : 0.2562031441
6 18 : 0.2 0.6 : 0.6112332443
6 18 : 0.2 1.0 : 1.101094781
6 18 : 0.6 -1.0 : -0.2538949732
6 18 : 0.6 -0.6 : 0.2466445197
6 18 : 0.6 -0.2 : 0.6139075565
6 18 : 0.6 0.2 : 0.6706468407
6 18 : 0.6 0.6 : 1.037909878
6 18 : 0.6 1.0 : 1.53844937
6 18 : 1.0 -1.0 : -0.03352800086
6 18 : 1.0 -0.6 : 0.4721707616
6 18 : 1.0 -0.2 : 0.8501117542
6 18 : 1.0 0.2 : 0.9194901753
6 18 : 1.0 0.6 : 1.297431168
6 18 : 1.0 1.0 : 1.80312993
6 19 : -1.0 -1.0 : -1.320782684
6 19 : -1.0 -0.6 : -1.70879975
6 19 : -1.0 -0.2 : -1.356368816
6 19 : -1.0 0.2 : -0.4132331134
6 19 : -1.0 0.6 : -0.0608021795
6 19 : -1.0 1.0 : -0.4488192453
6 19 : -0.6 -1.0 : -1.043723385
6 19 : -0.6 -0.6 : -1.443102007
6 19 : -0.6 -0.2 : -1.105691291
6 19 : -0.6 0.2 : -0.1788631058
6 19 : -0.6 0.6 : 0.1585476101
6 19 : -0.6 1.0 : -0.2408310123
6 19 : -0.2 -1.0 : -0.5900038409
6 19 : -0.2 -0.6 : -1.004402681
6 19 : -0.2 -0.2 : -0.686849011
6 19 : -0.2 0.2 : 0.2184202923
6 19 : -0.2 0.6 : 0.5359739626
6 19 : -0.2 1.0 : 0.1215751222
6 19 : 0.2 -1.0 : -0.07200543563
6 19 : 0.2 -0.6 : -0.5027117932
6 19 : 0.2 -0.2 : -0.2067170053
6 19 : 0.2 0.2 : 0.675145724
6 19 : 0.2 0.6 : 0.9711405119
6 19 : 0.2 1.0 : 0.5404341543
6 19 : 0.6 -1.0 : 0.3817141084
6 19 : 0.6 -0.6 : -0.06401246718
6 19 : 0.6 -0.2 : 0.2121252752
6 19 : 0.6 0.2 : 1.072429122
6 19 : 0.6 0.6 : 1.348566864
6 19 : 0.6 1.0 : 0.9028402888
6 19 : 1.0 -1.0 : 0.6587734077
6 19 : 1.0 -0.6 : 0.2016852755
6 19 : 1.0 -0.2 : 0.4628027999
6 19 : 1.0 0.2 : 1.30679913
6 19 : 1.0 0.6 : 1.567916654
6 19 : 1.0 1.0 : 1.110828522
6 20 : -1.0 -1.0 : -0.333004555
6 20 : -1.0 -0.6 : -0.675963053
6 20 : -1.0 -0.2 : -0.86101343
6 20 : -1.0 0.2 : -0.86101343
6 20 : -1.0 0.6 : -0.675963053
6 20 : -1.0 1.0 : -0.333004555
6 20 : -0.6 -1.0 : -0.1002088541
6 20 : -0.6 -0.6 : -0.4371355128
6 20 : -0.6 -0.2 : -0.6189114924
6 20 : -0.6 0.2 : -0.6189114924
6 20 : -0.6 0.6 : -0.4371355128
6 20 : -0.6 1.0 : -0.1002088541
6 20 : -0.2 -1.0 : 0.2949932772
6 20 : -0.2 -0.6 : -0.03395916238
6 20 : -0.2 -0.2 : -0.2114063195
6 20 : -0.2 0.2 : -0.2114063195
6 20 : -0.2 0.6 : -0.03395916238
6 20 : -0.2 1.0 : 0.2949932772
6 20 : 0.2 -1.0 : 0.7494590684
6 20 : 0.2 -0.6 : 0.4291642738
6 20 : 0.2 -0.2 : 0.2564169384
6 20 : 0.2 0.2 : 0.2564169384
6 20 : 0.2 0.6 : 0.4291642738
6 20 : 0.2 1.0 : 0.7494590684
6 20 : 0.6 -1.0 : 1.1446612
6 20 : 0.6 -0.6 : 0.8323406242
6 20 : 0.6 -0.2 : 0.6639221114
6 20 : 0.6 0.2 : 0.6639221114
6 20 : 0.6 0.6 : 0.8323406242
6 20 : 0.6 1.0 : 1.1446612
6 20 : 1.0 -1.0 : 1.377456901
6 20 : 1.0 -0.6 : 1.071168164
6 20 : 1.0 -0.2 : 0.9060240489
6 20 : 1.0 0.2 : 0.9060240489
6 20 : 1.0 0.6 : 1.071168164
6 20 : 1.0 1.0 : 1.377456901
6 21 : -1.0 -1.0 : -1.884702482
6 21 : -1.0 -0.6 : -1.53321206
6 21 : -1.0 -0.2 : -1.107984572
6 21 : -1.0 0.2 : -0.6645719877
6 21 : -1.0 0.6 : -0.2622794913
6 21 : -1.0 1.0 : 0.04696187978
6 21 : -0.6 -1.0 : -1.630970529
6 21 : -0.6 -0.6 : -1.286429688
6 21 : -0.6 -0.2 : -0.8649747967
6 21 : -0.6 0.2 : -0.4215622119
6 21 : -0.6 0.6 : -0.01549711993
6 21 : -0.6 1.0 : 0.3006938323
6 21 : -0.2 -1.0 : -1.208090231
6 21 : -0.2 -0.6 : -0.8727368831
6 21 : -0.2 -0.2 : -0.4562694424
6 21 : -0.2 0.2 : -0.01285685767
6 21 : -0.2 0.6 : 0.3981956854
6 21 : -0.2 1.0 : 0.7235741308
6 21 : 0.2 -1.0 : -0.7235741308
6 21 : 0.2 -0.6 : -0.3981956854
6 21 : 0.2 -0.2 : 0.01285685767
6 21 : 0.2 0.2 : 0.4562694424
6 21 : 0.2 0.6 : 0.8727368831
6 21 : 0.2 1.0 : 1.208090231
6 21 : 0.6 -1.0 : -0.3006938323
6 21 : 0.6 -0.6 : 0.01549711993
6 21 : 0.6 -0.2 : 0.4215622119
6 21 : 0.6 0.2 : 0.8649747967
6 21 : 0.6 0.6 : 1.286429688
6 21 : 0.6 1.0 : 1.630970529
6 21 : 1.0 -1.0 : -0.04696187978
6 21 : 1.0 -0.6 : 0.2622794913
6 21 : 1.0 -0.2 : 0.6645719877
6 21 : 1.0 0.2 : 1.107984572
6 21 : 1.0 0.6 : 1.53321206
6 21 : 1.0 1.0 : 1.884702482
6 22 : -1.0 -1.0 : -1.580495053
6 22 : -1.0 -0.6 : -1.1581826
6 22 : -1.0 -0.2 : -0.8973526949
6 22 : -1.0 0.2 : -0.8692506986
6 22 : -1.0 0.6 : -0.585144993
6 22 : -1.0 1.0 : -0.1199556745
6 22 : -0.6 -1.0 : -1.35940972
6 22 : -0.6 -0.6 : -0.9238044705
6 22 : -0.6 -0.2 : -0.6557585425
6 22 : -0.6 0.2 : -0.6276565463
6 22 : -0.6 0.6 : -0.350766864
6 22 : -0.6 1.0 : 0.1011296593
6 22 : -0.2 -1.0 : -0.9629847808
6 22 : -0.2 -0.6 : -0.5201635084
6 22 : -0.2 -0.2 : -0.2482003462
6 22 : -0.2 0.2 : -0.2200983499
6 22 : -0.2 0.6 : 0.05287409811
6 22 : -0.2 1.0 : 0.4975545981
6 22 : 0.2 -1.0 : -0.4945560621
6 22 : 0.2 -0.6 : -0.0517347897
6 22 : 0.2 -0.2 : 0.2202283725
6 22 : 0.2 0.2 : 0.2483303688
6 22 : 0.2 0.6 : 0.5213028168
6 22 : 0.2 1.0 : 0.9659833168
6 22 : 0.6 -1.0 : -0.07485532235
6 22 : 0.6 -0.6 : 0.3607499267
6 22 : 0.6 -0.2 : 0.6287958547
6 22 : 0.6 0.2 : 0.6568978509
6 22 : 0.6 0.6 : 0.9337875332
6 22 : 0.6 1.0 : 1.385684057
6 22 : 1.0 -1.0 : 0.1891068761
6 22 : 1.0 -0.6 : 0.61141933
6 22 : 1.0 -0.2 : 0.8722492346
6 22 : 1.0 0.2 : 0.9003512309
6 22 : 1.0 0.6 : 1.184456936
6 22 : 1.0 1.0 : 1.649646255
6 23 : -1.0 -1.0 : -1.630235312
6 23 : -1.0 -0.6 : -1.380656906
6 23 : -1.0 -0.2 : -1.059634933
6 23 : -1.0 0.2 : -0.7078013953
6 23 : -1.0 0.6 : -0.3699691814
6 23 : -1.0 1.0 : -0.08942426229
6 23 : -0.6 -1.0 : -1.395926605
6 23 : -0.6 -0.6 : -1.141254492
6 23 : -0.6 -0.2 : -0.817467388
6 23 : -0.6 0.2 : -0.4656338508
6 23 : -0.6 0.6 : -0.1305667671
6 23 : -0.6 1.0 : 0.1448844448
6 23 : -0.2 -1.0 : -0.9987242479
6 23 : -0.2 -0.6 : -0.7373181459
6 23 : -0.2 -0.2 : -0.4098754812
6 23 : -0.2 0.2 : -0.058041944
6 23 : -0.2 0.6 : 0.273369579
6 23 : -0.2 1.0 : 0.5420868023
6 23 : 0.2 -1.0 : -0.5420868023
6 23 : 0.2 -0.6 : -0.273369579
6 23 : 0.2 -0.2 : 0.058041944
6 23 : 0.2 0.2 : 0.4098754812
6 23 : 0.2 0.6 : 0.7373181459
6 23 : 0.2 1.0 : 0.9987242479
6 23 : 0.6 -1.0 : -0.1448844448
6 23 : 0.6 -0.6 : 0.1305667671
6 23 : 0.6 -0.2 : 0.4656338508
6 23 : 0.6 0.2 : 0.817467388
6 23 : 0.6 0.6 : 1.141254492
6 23 : 0.6 1.0 : 1.395926605
6 23 : 1.0 -1.0 : 0.08942426229
6 23 : 1.0 -0.6 : 0.3699691814
6 23 : 1.0 -0.2 : 0.7078013953
6 23 : 1.0 0.2 : 1.059634933
6 23 : 1.0 0.6 : 1.380656906
6 23 : 1.0 1.0 : 1.630235312
6 24 : -1.0 -1.0 : -0.5332322067
6 24 : -1.0 -0.6 : -0.7545968429
6 24 : -1.0 -0.2 : -0.870127813
6 24 : -1.0 0.2 : -0.870127813
6 24 : -1.0 0.6 : -0.7545968429
6 24 : -1.0 1.0 : -0.5332322067
6 24 : -0.6 -1.0 : -0.3042597406
6 24 : -0.6 -0.6 : -0.5172219594
6 24 : -0.6 -0.2 : -0.6281916586
6 24 : -0.6 0.2 : -0.6281916586
6 24 : -0.6 0.6 : -0.5172219594
6 24 : -0.6 1.0 : -0.3042597406
6 24 : -0.2 -1.0 : 0.0858879936
6 24 : -0.2 -0.6 : -0.1159660519
6 24 : -0.2 -0.2 : -0.2209056546
6 24 : -0.2 0.2 : -0.2209056546
6 24 : -0.2 0.6 : -0.1159660519
6 24 : -0.2 1.0 : 0.0858879936
6 24 : 0.2 -1.0 : 0.5348662034
6 24 : 0.2 -0.6 : 0.3450723509
6 24 : 0.2 -0.2 : 0.2466796507
6 24 : 0.2 0.2 : 0.2466796507
6 24 : 0.2 0.6 : 0.3450723509
6 24 : 0.2 1.0 : 0.5348662034
6 24 : 0.6 -1.0 : 0.9250139376
6 24 : 0.6 -0.6 : 0.7463282585
6 24 : 0.6 -0.2 : 0.6539656547
6 24 : 0.6 0.2 : 0.6539656547
6 24 : 0.6 0.6 : 0.7463282585
6 24 : 0.6 1.0 : 0.9250139376
6 24 : 1.0 -1.0 : 1.153986404
6 24 : 1.0 -0.6 : 0.9837031419
6 24 : 1.0 -0.2 : 0.8959018091
6 24 : 1.0 0.2 : 0.8959018091
6 24 : 1.0 0.6 : 0.9837031419
6 24 : 1.0 1.0 : 1.153986404
7 8 : -1.0 -1.0 : -0.9608817716
7 8 : -1.0 -0.6 : -0.7582779199
7 8 : -1.0 -0.2 : -0.521374959
7 8 : -1.0 0.2 : -0.2845139793
7 8 : -1.0 0.6 : -0.08179205868
7 8 : -1.0 1.0 : 0.05784614713
7 8 : -0.6 -1.0 : -1.060962878
7 8 : -0.6 -0.6 : -0.8687162974
7 8 : -0.6 -0.2 : -0.637435804
7 8 : -0.6 0.2 : -0.4005748243
7 8 : -0.6 0.6 : -0.1922304362
7 8 : -0.6 1.0 : -0.04223495946
7 8 : -0.2 -1.0 : -0.7540549209
7 8 : -0.2 -0.6 : -0.5755008713
7 8 : -0.2 -0.2 : -0.3516533988
7 8 : -0.2 0.2 : -0.1147924191
7 8 : -0.2 0.6 : 0.1009849898
7 8 : -0.2 1.0 : 0.2646729978
7 8 : 0.2 -1.0 : -0.2646729978
7 8 : 0.2 -0.6 : -0.1009849898
7 8 : 0.2 -0.2 : 0.1147924191
7 8 : 0.2 0.2 : 0.3516533988
7 8 : 0.2 0.6 : 0.5755008713
7 8 : 0.2 1.0 : 0.7540549209
7 8 : 0.6 -1.0 : 0.04223495946
7 8 : 0.6 -0.6 : 0.1922304362
7 8 : 0.6 -0.2 : 0.4005748243
7 8 : 0.6 0.2 : 0.637435804
7 8 : 0.6 0.6 : 0.8687162974
7 8 : 0.6 1.0 : 1.060962878
7 8 : 1.0 -1.0 : -0.05784614713
7 8 : 1.0 -0.6 : 0.08179205868
7 8 : 1.0 -0.2 : 0.2845139793
7 8 : 1.0 0.2 : 0.521374959
7 8 : 1.0 0.6 : 0.7582779199
7 8 : 1.0 1.0 : 0.9608817716
7 9 : -1.0 -1.0 : -1.363129756
7 9 : -1.0 -0.6 : -1.800548856
7 9 : -1.0 -0.2 : -1.095597941
7 9 : -1.0 0.2 : 0.2941124205
7 9 : -1.0 0.6 : 0.9990633354
7 9 : -1.0 1.0 : 0.5616442358
7 9 : -0.6 -1.0 : -1.489511247
7 9 : -0.6 -0.6 : -1.924695816
7 9 : -0.6 -0.2 : -1.215120175
7 9 : -0.6 0.2 : 0.1800643205
7 9 : -0.6 0.6 : 0.8896399623
7 9 : -0.6 1.0 : 0.4544553928
7 9 : -0.2 -1.0 : -1.217372954
7 9 : -0.2 -0.6 : -1.647932796
7 9 : -0.2 -0.2 : -0.9330589498
7 9 : -0.2 0.2 : 0.4676527687
7 9 : -0.2 0.6 : 1.182526615
7 9 : -0.2 1.0 : 0.7519667724
7 9 : 0.2 -1.0 : -0.7657406084
7 9 : 0.2 -0.6 : -1.190826317
7 9 : 0.2 -0.2 : -0.4704252476
7 9 : 0.2 0.2 : 0.9358314287
7 9 : 0.2 0.6 : 1.656232498
7 9 : 0.2 1.0 : 1.23114679
7 9 : 0.6 -1.0 : -0.4936023151
7 9 : 0.6 -0.6 : -0.9140632969
7 9 : 0.6 -0.2 : -0.1883640228
7 9 : 0.6 0.2 : 1.223419877
7 9 : 0.6 0.6 : 1.949119151
7 9 : 0.6 1.0 : 1.528658169
7 9 : 1.0 -1.0 : -0.6199838059
7 9 : 1.0 -0.6 : -1.038210258
7 9 : 1.0 -0.2 : -0.3078862566
7 9 : 1.0 0.2 : 1.109371777
7 9 : 1.0 0.6 : 1.839695778
7 9 : 1.0 1.0 : 1.421469326
7 10 : -1.0 -1.0 : -0.6814474227
7 10 : -1.0 -0.6 : -0.4742752039
7 10 : -1.0 -0.2 : -0.4053516769
7 10 : -1.0 0.2 : -0.3961338434
7 10 : -1.0 0.6 : -0.3272103164
7 10 : -1.0 1.0 : -0.1200380976
7 10 : -0.6 -1.0 : -0.7955889322
7 10 : -0.6 -0.6 : -0.5890322962
7 10 : -0.6 -0.2 : -0.5213828189
7 10 : -0.6 0.2 : -0.5136730352
7 10 : -0.6 0.6 : -0.4460235579
7 10 : -0.6 1.0 : -0.2394669219
7 10 : -0.2 -1.0 : -0.5072691248
7 10 : -0.2 -0.6 : -0.3019865385
7 10 : -0.2 -0.2 : -0.2357966448
7 10 : -0.2 0.2 : -0.2296095364
7 10 : -0.2 0.6 : -0.1634196426
7 10 : -0.2 1.0 : 0.04186294367
7 10 : 0.2 -1.0 : -0.03806843826
7 10 : 0.2 -0.6 : 0.1657060983
7 10 : 0.2 -0.2 : 0.2303733168
7 10 : 0.2 0.2 : 0.2350328644
7 10 : 0.2 0.6 : 0.2997000829
7 10 : 0.2 1.0 : 0.5034746194
7 10 : 0.6 -1.0 : 0.2502513691
7 10 : 0.6 -0.6 : 0.452751856
7 10 : 0.6 -0.2 : 0.5159594909
7 10 : 0.6 0.2 : 0.5190963632
7 10 : 0.6 0.6 : 0.5823039981
7 10 : 0.6 1.0 : 0.784804485
7 10 : 1.0 -1.0 : 0.1361098596
7 10 : 1.0 -0.6 : 0.3379947637
7 10 : 1.0 -0.2 : 0.3999283488
7 10 : 1.0 0.2 : 0.4015571714
7 10 : 1.0 0.6 : 0.4634907566
7 10 : 1.0 1.0 : 0.6653756607
7 11 : -1.0 -1.0 : -0.9876912908
7 11 : -1.0 -0.6 : -1.746297134
7 11 : -1.0 -0.2 : -1.219453038
7 11 : -1.0 0.2 : 0.4146306625
7 11 : -1.0 0.6 : 0.915572791
7 11 : -1.0 1.0 : 0.1092523643
7 11 : -0.6 -1.0 : -1.067961037
7 11 : -0.6 -0.6 : -1.842264102
7 11 : -0.6 -0.2 : -1.330056672
7 11 : -0.6 0.2 : 0.2927617269
7 11 : -0.6 0.6 : 0.7875884615
7 11 : -0.6 1.0 : -0.01873196517
7 11 : -0.2 -1.0 : -0.7534509023
7 11 : -0.2 -0.6 : -1.542390634
7 11 : -0.2 -0.2 : -1.041448505
7 11 : -0.2 0.2 : 0.5752545001
7 11 : -0.2 0.6 : 1.070081235
7 11 : -0.2 1.0 : 0.269876202
7 11 : 0.2 -1.0 : -0.269876202
7 11 : 0.2 -0.6 : -1.070081235
7 11 : 0.2 -0.2 : -0.5752545001
7 11 : 0.2 0.2 : 1.041448505
7 11 : 0.2 0.6 : 1.542390634
7 11 : 0.2 1.0 : 0.7534509023
7 11 : 0.6 -1.0 : 0.01873196517
7 11 : 0.6 -0.6 : -0.7875884615
7 11 : 0.6 -0.2 : -0.2927617269
7 11 : 0.6 0.2 : 1.330056672
7 11 : 0.6 0.6 : 1.842264102
7 11 : 0.6 1.0 : 1.067961037
7 11 : 1.0 -1.0 : -0.1092523643
7 11 : 1.0 -0.6 : -0.915572791
7 11 : 1.0 -0.2 : -0.4146306625
7 11 : 1.0 0.2 : 1.219453038
7 11 : 1.0 0.6 : 1.746297134
7 11 : 1.0 1.0 : 0.9876912908
7 12 : -1.0 -1.0 : -1.129521641
7 12 : -1.0 -0.6 : -1.22267237
7 12 : -1.0 -0.2 : -0.4774424987
7 12 : -1.0 0.2 : -0.3298907863
7 12 : -1.0 0.6 : 0.3699464642
7 12 : -1.0 1.0 : 0.1931769919
7 12 : -0.6 -1.0 : -1.182314347
7 12 : -0.6 -0.6 : -1.302974107
7 12 : -0.6 -0.2 : -0.583394667
7 12 : -0.6 0.2 : -0.4555851445
7 12 : -0.6 0.6 : 0.2335350146
7 12 : -0.6 1.0 : 0.05676554223
7 12 : -0.2 -1.0 : -0.8454666874
7 12 : -0.2 -0.6 : -0.9917768785
7 12 : -0.2 -0.2 : -0.2919396279
7 12 : -0.2 0.2 : -0.1748471968
7 12 : -0.2 0.6 : 0.5142729623
7 12 : -0.2 1.0 : 0.3482205813
7 12 : 0.2 -1.0 : -0.3482205813
7 12 : 0.2 -0.6 : -0.5142729623
7 12 : 0.2 -0.2 : 0.1748471968
7 12 : 0.2 0.2 : 0.2919396279
7 12 : 0.2 0.6 : 0.9917768785
7 12 : 0.2 1.0 : 0.8454666874
7 12 : 0.6 -1.0 : -0.05676554223
7 12 : 0.6 -0.6 : -0.2335350146
7 12 : 0.6 -0.2 : 0.4555851445
7 12 : 0.6 0.2 : 0.583394667
7 12 : 0.6 0.6 : 1.302974107
7 12 : 0.6 1.0 : 1.182314347
7 12 : 1.0 -1.0 : -0.1931769919
7 12 : 1.0 -0.6 : -0.3699464642
7 12 : 1.0 -0.2 : 0.3298907863
7 12 : 1.0 0.2 : 0.4774424987
7 12 : 1.0 0.6 : 1.22267237
7 12 : 1.0 1.0 : 1.129521641
7 13 : -1.0 -1.0 : -1.42167224
7 13 : -1.0 -0.6 : -0.7664503694
7 13 : -1.0 -0.2 : -0.4508288554
7 13 : -1.0 0.2 : -0.3506566648
7 13 : -1.0 0.6 : -0.03503515085
7 13 : -1.0 1.0 : 0.6201867199
7 13 : -0.6 -1.0 : -1.484017254
7 13 : -0.6 -0.6 : -0.8414719209
7 13 : -0.6 -0.2 : -0.5520865831
7 13 : -0.6 0.2 : -0.482969271
7 13 : -0.6 0.6 : -0.1935839332
7 13 : -0.6 1.0 : 0.4489614
7 13 : -0.2 -1.0 : -1.127221385
7 13 : -0.2 -0.6 : -0.5109122278
7 13 : -0.2 -0.2 : -0.2515837177
7 13 : -0.2 0.2 : -0.2138224634
7 13 : -0.2 0.6 : 0.04550604666
7 13 : -0.2 1.0 : 0.6618152036
7 13 : 0.2 -1.0 : -0.5836759345
7 13 : 0.2 -0.6 : 0.001578343961
7 13 : 0.2 -0.2 : 0.2295507962
7 13 : 0.2 0.2 : 0.235855385
7 13 : 0.2 0.6 : 0.4638278372
7 13 : 0.2 1.0 : 1.049082116
7 13 : 0.6 -1.0 : -0.2268800652
7 13 : 0.6 -0.6 : 0.3321380371
7 13 : 0.6 -0.2 : 0.5300536616
7 13 : 0.6 0.2 : 0.5050021925
7 13 : 0.6 0.6 : 0.702917817
7 13 : 0.6 1.0 : 1.261935919
7 13 : 1.0 -1.0 : -0.2892250791
7 13 : 1.0 -0.6 : 0.2571164856
7 13 : 1.0 -0.2 : 0.4287959339
7 13 : 1.0 0.2 : 0.3726895864
7 13 : 1.0 0.6 : 0.5443690347
7 13 : 1.0 1.0 : 1.090710599
7 14 : -1.0 -1.0 : -0.9451823675
7 14 : -1.0 -0.6 : -2.084184667
7 14 : -1.0 -0.2 : -1.50654843
7 14 : -1.0 0.2 : 0.7061572253
7 14 : -1.0 0.6 : 1.292287968
7 14 : -1.0 1.0 : 0.1689335843
7 14 : -0.6 -1.0 : -1.073942704
7 14 : -0.6 -0.6 : -2.207797126
7 14 : -0.6 -0.2 : -1.62536082
7 14 : -0.6 0.2 : 0.5910392716
7 14 : -0.6 0.6 : 1.179175547
7 14 : -0.6 1.0 : 0.0558211635
7 14 : -0.2 -1.0 : -0.7988531098
7 14 : -0.2 -0.6 : -1.927907462
7 14 : -0.2 -0.2 : -1.34177672
7 14 : -0.2 0.2 : 0.8766289041
7 14 : -0.2 0.6 : 1.46476518
7 14 : -0.2 1.0 : 0.3394052632
7 14 : 0.2 -1.0 : -0.3394052632
7 14 : 0.2 -0.6 : -1.46476518
7 14 : 0.2 -0.2 : -0.8766289041
7 14 : 0.2 0.2 : 1.34177672
7 14 : 0.2 0.6 : 1.927907462
7 14 : 0.2 1.0 : 0.7988531098
7 14 : 0.6 -1.0 : -0.0558211635
7 14 : 0.6 -0.6 : -1.179175547
7 14 : 0.6 -0.2 : -0.5910392716
7 14 : 0.6 0.2 : 1.62536082
7 14 : 0.6 0.6 : 2.207797126
7 14 : 0.6 1.0 : 1.073942704
7 14 : 1.0 -1.0 : -0.1689335843
7 14 : 1.0 -0.6 : -1.292287968
7 14 : 1.0 -0.2 : -0.7061572253
7 14 : 1.0 0.2 : 1.50654843
7 14 : 1.0 0.6 : 2.084184667
7 14 : 1.0 1.0 : 0.9451823675
7 15 : -1.0 -1.0 : -0.657132937
7 15 : -1.0 -0.6 : -0.4670423885
7 15 : -1.0 -0.2 : -0.4041096122
7 15 : -1.0 0.2 : -0.3996850536
7 15 : -1.0 0.6 : -0.3546767618
7 15 : -1.0 1.0 : -0.1976053003
7 15 : -0.6 -1.0 : -0.7574085604
7 15 : -0.6 -0.6 : -0.5775546737
7 15 : -0.6 -0.2 : -0.5201788919
7 15 : -0.6 0.2 : -0.5157543333
7 15 : -0.6 0.6 : -0.465189047
7 15 : -0.6 1.0 : -0.2978809237
7 15 : -0.2 -1.0 : -0.4636214817
7 15 : -0.2 -0.6 : -0.2893245895
7 15 : -0.2 -0.2 : -0.2349654345
7 15 : -0.2 0.2 : -0.2305408759
7 15 : -0.2 0.6 : -0.1769589628
7 15 : -0.2 1.0 : -0.004093845027
7 15 : 0.2 -1.0 : 0.001784699469
7 15 : 0.2 -0.6 : 0.1760815917
7 15 : 0.2 -0.2 : 0.2304407467
7 15 : 0.2 0.2 : 0.2348653053
7 15 : 0.2 0.6 : 0.2884472184
7 15 : 0.2 1.0 : 0.4613123361
7 15 : 0.6 -1.0 : 0.2776472937
7 15 : 0.6 -0.6 : 0.4575011804
7 15 : 0.6 -0.2 : 0.5148769622
7 15 : 0.6 0.2 : 0.5193015208
7 15 : 0.6 0.6 : 0.5698668071
7 15 : 0.6 1.0 : 0.7371749304
7 15 : 1.0 -1.0 : 0.1443525833
7 15 : 1.0 -0.6 : 0.3344431318
7 15 : 1.0 -0.2 : 0.3973759081
7 15 : 1.0 0.2 : 0.4018004667
7 15 : 1.0 0.6 : 0.4468087585
7 15 : 1.0 1.0 : 0.60388022
7 16 : -1.0 -1.0 : -1.16398411
7 16 : -1.0 -0.6 : -0.619836503
7 16 : -1.0 -0.2 : -0.3827379076
7 16 : -1.0 0.2 : -0.4187476127
7 16 : -1.0 0.6 : -0.1816490173
7 16 : -1.0 1.0 : 0.3624985895
7 16 : -0.6 -1.0 : -1.325954274
7 16 : -0.6 -0.6 : -0.7669416325
7 16 : -0.6 -0.2 : -0.5101911467
7 16 : -0.6 0.2 : -0.5248647074
7 16 : -0.6 0.6 : -0.2681142216
7 16 : -0.6 1.0 : 0.2908984202
7 16 : -0.2 -1.0 : -1.10086496
7 16 : -0.2 -0.6 : -0.5222004274
7 16 : -0.2 -0.2 : -0.2394697272
7 16 : -0.2 0.2 : -0.225936454
7 16 : -0.2 0.6 : 0.05679424626
7 16 : -0.2 1.0 : 0.6354587785
7 16 : 0.2 -1.0 : -0.700313899
7 16 : 0.2 -0.6 : -0.1003132224
7 16 : 0.2 -0.2 : 0.2106243118
7 16 : 0.2 0.2 : 0.2547818694
7 16 : 0.2 0.6 : 0.5657194035
7 16 : 0.2 1.0 : 1.16572008
7 16 : 0.6 -1.0 : -0.4752245843
7 16 : 0.6 -0.6 : 0.1444279827
7 16 : 0.6 -0.2 : 0.4813457313
7 16 : 0.6 0.2 : 0.5537101228
7 16 : 0.6 0.6 : 0.8906278714
7 16 : 0.6 1.0 : 1.510280438
7 16 : 1.0 -1.0 : -0.6371947488
7 16 : 1.0 -0.6 : -0.002677146809
7 16 : 1.0 -0.2 : 0.3538924922
7 16 : 1.0 0.2 : 0.4475930281
7 16 : 1.0 0.6 : 0.8041626671
7 16 : 1.0 1.0 : 1.438680269
7 17 : -1.0 -1.0 : -0.7782384822
7 17 : -1.0 -0.6 : -0.4944624303
7 17 : -1.0 -0.2 : -0.4028730168
7 17 : -1.0 0.2 : -0.393241202
7 17 : -1.0 0.6 : -0.2599576615
7 17 : -1.0 1.0 : 0.1006240588
7 17 : -0.6 -1.0 : -0.9153993079
7 17 : -0.6 -0.6 : -0.6189894283
7 17 : -0.6 -0.2 : -0.5205417135
7 17 : -0.6 0.2 : -0.5109098987
7 17 : -0.6 0.6 : -0.3844846595
7 17 : -0.6 1.0 : -0.0365367669
7 17 : -0.2 -1.0 : -0.657511523
7 17 : -0.2 -0.6 : -0.3443994562
7 17 : -0.2 -0.2 : -0.2368849221
7 17 : -0.2 0.2 : -0.2272531073
7 17 : -0.2 0.6 : -0.1098946874
7 17 : -0.2 1.0 : 0.221351018
7 17 : 0.2 -1.0 : -0.221351018
7 17 : 0.2 -0.6 : 0.1098946874
7 17 : 0.2 -0.2 : 0.2272531073
7 17 : 0.2 0.2 : 0.2368849221
7 17 : 0.2 0.6 : 0.3443994562
7 17 : 0.2 1.0 : 0.657511523
7 17 : 0.6 -1.0 : 0.0365367669
7 17 : 0.6 -0.6 : 0.3844846595
7 17 : 0.6 -0.2 : 0.5109098987
7 17 : 0.6 0.2 : 0.5205417135
7 17 : 0.6 0.6 : 0.6189894283
7 17 : 0.6 1.0 : 0.9153993079
7 17 : 1.0 -1.0 : -0.1006240588
7 17 : 1.0 -0.6 : 0.2599576615
7 17 : 1.0 -0.2 : 0.393241202
7 17 : 1.0 0.2 : 0.4028730168
7 17 : 1.0 0.6 : 0.4944624303
7 17 : 1.0 1.0 : 0.7782384822
7 18 : -1.0 -1.0 : -1.255852047
7 18 : -1.0 -0.6 : -0.7697493194
7 18 : -1.0 -0.2 : -0.4197099627
7 18 : -1.0 0.2 : -0.3821337241
7 18 : -1.0 0.6 : -0.03487459507
7 18 : -1.0 1.0 : 0.4461066143
7 18 : -0.6 -1.0 : -1.370076455
7 18 : -0.6 -0.6 : -0.8855615133
7 18 : -0.6 -0.2 : -0.5363840899
7 18 : -0.6 0.2 : -0.4988078513
7 18 : -0.6 0.6 : -0.150686789
7 18 : -0.6 1.0 : 0.3318822067
7 18 : -0.2 -1.0 : -1.083861505
7 18 : -0.2 -0.6 : -0.6002084963
7 18 : -0.2 -0.2 : -0.2514989753
7 18 : -0.2 0.2 : -0.2139227367
7 18 : -0.2 0.6 : 0.134666228
7 18 : -0.2 1.0 : 0.618097157
7 18 : 0.2 -1.0 : -0.6184553235
7 18 : 0.2 -0.6 : -0.1348023152
7 18 : 0.2 -0.2 : 0.2139072059
7 18 : 0.2 0.2 : 0.2514834445
7 18 : 0.2 0.6 : 0.6000724092
7 18 : 0.2 1.0 : 1.083503338
7 18 : 0.6 -1.0 : -0.3350206009
7 18 : 0.6 -0.6 : 0.1494943408
7 18 : 0.6 -0.2 : 0.4986717642
7 18 : 0.6 0.2 : 0.5362480028
7 18 : 0.6 0.6 : 0.8843690651
7 18 : 0.6 1.0 : 1.366938061
7 18 : 1.0 -1.0 : -0.4543665271
7 18 : 1.0 -0.6 : 0.03173620085
7 18 : 1.0 -0.2 : 0.3817755576
7 18 : 1.0 0.2 : 0.4193517962
7 18 : 1.0 0.6 : 0.7666109252
7 18 : 1.0 1.0 : 1.247592135
7 19 : -1.0 -1.0 : -0.7151259341
7 19 : -1.0 -0.6 : -1.147984591
7 19 : -1.0 -0.2 : -0.8468050279
7 19 : -1.0 0.2 : 0.0467609883
7 19 : -1.0 0.6 : 0.3591298837
7 19 : -1.0 1.0 : -0.05311665758
7 19 : -0.6 -1.0 : -0.8373792577
7 19 : -0.6 -0.6 : -1.266847411
7 19 : -0.6 -0.2 : -0.9638273052
7 19 : -0.6 0.2 : -0.07026128895
7 19 : -0.6 0.6 : 0.2402670639
7 19 : -0.6 1.0 : -0.1753699812
7 19 : -0.2 -1.0 : -0.55978344
7 19 : -0.2 -0.6 : -0.9847692751
7 19 : -0.2 -0.2 : -0.6793159336
7 19 : -0.2 0.2 : 0.2142500826
7 19 : -0.2 0.6 : 0.5223451994
7 19 : -0.2 1.0 : 0.1022258365
7 19 : 0.2 -1.0 : -0.1022258365
7 19 : 0.2 -0.6 : -0.5223451994
7 19 : 0.2 -0.2 : -0.2142500826
7 19 : 0.2 0.2 : 0.6793159336
7 19 : 0.2 0.6 : 0.9847692751
7 19 : 0.2 1.0 : 0.55978344
7 19 : 0.6 -1.0 : 0.1753699812
7 19 : 0.6 -0.6 : -0.2402670639
7 19 : 0.6 -0.2 : 0.07026128895
7 19 : 0.6 0.2 : 0.9638273052
7 19 : 0.6 0.6 : 1.266847411
7 19 : 0.6 1.0 : 0.8373792577
7 19 : 1.0 -1.0 : 0.05311665758
7 19 : 1.0 -0.6 : -0.3591298837
7 19 : 1.0 -0.2 : -0.0467609883
7 19 : 1.0 0.2 : 0.8468050279
7 19 : 1.0 0.6 : 1.147984591
7 19 : 1.0 1.0 : 0.7151259341
7 20 : -1.0 -1.0 : 0.04416699826
7 20 : -1.0 -0.6 : -0.2550209374
7 20 : -1.0 -0.2 : -0.3964916752
7 20 : -1.0 0.2 : -0.3599832261
7 20 : -1.0 0.6 : -0.1512594715
7 20 : -1.0 1.0 : 0.1987998271
7 20 : -0.6 -1.0 : -0.04718248721
7 20 : -0.6 -0.6 : -0.3547382953
7 20 : -0.6 -0.2 : -0.5072715372
7 20 : -0.6 0.2 : -0.4827736979
7 20 : -0.6 0.6 : -0.2851124474
7 20 : -0.6 1.0 : 0.05657897872
7 20 : -0.2 -1.0 : 0.2712688577
7 20 : -0.2 -0.6 : -0.04734945456
7 20 : -0.2 -0.2 : -0.2145075608
7 20 : -0.2 0.2 : -0.2058880014
7 20 : -0.2 0.6 : -0.02285161521
7 20 : -0.2 1.0 : 0.3077773068
7 20 : 0.2 -1.0 : 0.7731834879
7 20 : 0.2 -0.6 : 0.442554566
7 20 : 0.2 -0.2 : 0.2595181798
7 20 : 0.2 0.2 : 0.2508986204
7 20 : 0.2 0.6 : 0.4180567266
7 20 : 0.2 1.0 : 0.7366750388
7 20 : 0.6 -1.0 : 1.091634833
7 20 : 0.6 -0.6 : 0.7499434067
7 20 : 0.6 -0.2 : 0.5522821562
7 20 : 0.6 0.2 : 0.5277843168
7 20 : 0.6 0.6 : 0.6803175588
7 20 : 0.6 1.0 : 0.9878733669
7 20 : 1.0 -1.0 : 1.000285347
7 20 : 1.0 -0.6 : 0.6502260488
7 20 : 1.0 -0.2 : 0.4415022942
7 20 : 1.0 0.2 : 0.4049938451
7 20 : 1.0 0.6 : 0.5464645829
7 20 : 1.0 1.0 : 0.8456525185
7 21 : -1.0 -1.0 : -1.28119106
7 21 : -1.0 -0.6 : -0.9789148934
7 21 : -1.0 -0.2 : -0.602290118
7 21 : -1.0 0.2 : -0.1991954023
7 21 : -1.0 0.6 : 0.1774293731
7 21 : -1.0 1.0 : 0.4797055398
7 21 : -0.6 -1.0 : -1.426065957
7 21 : -0.6 -0.6 : -1.11724902
7 21 : -0.6 -0.2 : -0.7270870474
7 21 : -0.6 0.2 : -0.3079688067
7 21 : -0.6 0.6 : 0.08219316612
7 21 : -0.6 1.0 : 0.3910101027
7 21 : -0.2 -1.0 : -1.178376337
7 21 : -0.2 -0.6 : -0.8560222028
7 21 : -0.2 -0.2 : -0.4503516738
7 21 : -0.2 0.2 : -0.01505450739
7 21 : -0.2 0.6 : 0.3906160216
7 21 : -0.2 1.0 : 0.7129701556
7 21 : 0.2 -1.0 : -0.7532880246
7 21 : 0.2 -0.6 : -0.4149103657
7 21 : 0.2 -0.2 : 0.006939089022
7 21 : 0.2 0.2 : 0.4584670922
7 21 : 0.2 0.6 : 0.8803165469
7 21 : 0.2 1.0 : 1.218694206
7 21 : 0.6 -1.0 : -0.5055984046
7 21 : 0.6 -0.6 : -0.1536835483
7 21 : 0.6 -0.2 : 0.2836744626
7 21 : 0.6 0.2 : 0.7513813915
7 21 : 0.6 0.6 : 1.188739402
7 21 : 0.6 1.0 : 1.540654259
7 21 : 1.0 -1.0 : -0.6504733014
7 21 : 1.0 -0.6 : -0.2920176751
7 21 : 1.0 -0.2 : 0.1588775333
7 21 : 1.0 0.2 : 0.642607987
7 21 : 1.0 0.6 : 1.093503195
7 21 : 1.0 1.0 : 1.451958822
7 22 : -1.0 -1.0 : -1.081686669
7 22 : -1.0 -0.6 : -0.6541630595
7 22 : -1.0 -0.2 : -0.4031480569
7 22 : -1.0 0.2 : -0.3983374634
7 22 : -1.0 0.6 : -0.1473224608
7 22 : -1.0 1.0 : 0.2802011488
7 22 : -0.6 -1.0 : -1.214699113
7 22 : -0.6 -0.6 : -0.7833969375
7 22 : -0.6 -0.2 : -0.5245615732
7 22 : -0.6 0.2 : -0.5104942809
7 22 : -0.6 0.6 : -0.2516589166
7 22 : -0.6 1.0 : 0.1796432585
7 22 : -0.2 -1.0 : -0.9513270787
7 22 : -0.2 -0.6 : -0.5122045419
7 22 : -0.2 -0.2 : -0.2444099733
7 22 : -0.2 0.2 : -0.2209962079
7 22 : -0.2 0.6 : 0.04679836072
7 22 : -0.2 1.0 : 0.4859208975
7 22 : 0.2 -1.0 : -0.5092123002
7 22 : 0.2 -0.6 : -0.06083306461
7 22 : 0.2 -0.2 : 0.216307977
7 22 : 0.2 0.2 : 0.2490982041
7 22 : 0.2 0.6 : 0.5262392458
7 22 : 0.2 1.0 : 0.9746184814
7 22 : 0.6 -1.0 : -0.2458402663
7 22 : 0.6 -0.6 : 0.210359331
7 22 : 0.6 -0.2 : 0.496459577
7 22 : 0.6 0.2 : 0.5385962771
7 22 : 0.6 0.6 : 0.8246965231
7 22 : 0.6 1.0 : 1.28089612
7 22 : 1.0 -1.0 : -0.3788527097
7 22 : 1.0 -0.6 : 0.08112545299
7 22 : 1.0 -0.2 : 0.3750460607
7 22 : 1.0 0.2 : 0.4264394596
7 22 : 1.0 0.6 : 0.7203600673
7 22 : 1.0 1.0 : 1.18033823
7 23 : -1.0 -1.0 : -1.105942746
7 23 : -1.0 -0.6 : -0.8623325088
7 23 : -1.0 -0.2 : -0.5612646534
7 23 : -1.0 0.2 : -0.2402208669
7 23 : -1.0 0.6 : 0.06084698851
7 23 : -1.0 1.0 : 0.3044572252
7 23 : -0.6 -1.0 : -1.244179338
7 23 : -0.6 -0.6 : -0.9935119762
7 23 : -0.6 -0.2 : -0.6831144518
7 23 : -0.6 0.2 : -0.3519414023
7 23 : -0.6 0.6 : -0.04154387793
7 23 : -0.6 1.0 : 0.2091234842
7 23 : -0.2 -1.0 : -0.9877137403
7 23 : -0.2 -0.6 : -0.7277167091
7 23 : -0.2 -0.2 : -0.4049851652
7 23 : -0.2 0.2 : -0.06042101602
7 23 : -0.2 0.6 : 0.262310528
7 23 : -0.2 1.0 : 0.5223075591
7 23 : 0.2 -1.0 : -0.5530973099
7 23 : 0.2 -0.6 : -0.2829710158
7 23 : 0.2 -0.2 : 0.05315162791
7 23 : 0.2 0.2 : 0.4122545533
7 23 : 0.2 0.6 : 0.7483771969
7 23 : 0.2 1.0 : 1.018503491
7 23 : 0.6 -1.0 : -0.2966317118
7 23 : 0.6 -0.6 : -0.01717574873
7 23 : 0.6 -0.2 : 0.3312809145
7 23 : 0.6 0.2 : 0.7037749396
7 23 : 0.6 0.6 : 1.052231603
7 23 : 0.6 1.0 : 1.331687566
7 23 : 1.0 -1.0 : -0.4348683047
7 23 : 1.0 -0.6 : -0.1483552161
7 23 : 1.0 -0.2 : 0.2094311161
7 23 : 1.0 0.2 : 0.5920544041
7 23 : 1.0 0.6 : 0.9498407364
7 23 : 1.0 1.0 : 1.236353825
7 24 : -1.0 -1.0 : -0.2335640657
7 24 : -1.0 -0.6 : -0.3822783677
7 24 : -1.0 -0.2 : -0.4216645703
7 24 : -1.0 0.2 : -0.3540469539
7 24 : -1.0 0.6 : -0.1901008535
7 24 : -1.0 1.0 : 0.05283274243
7 24 : -0.6 -1.0 : -0.3032395856
7 24 : -0.6 -0.6 : -0.462923497
7 24 : -0.6 -0.2 : -0.5250131074
7 24 : -0.6 0.2 : -0.4842687506
7 24 : -0.6 0.6 : -0.3430260581
7 24 : -0.6 1.0 : -0.1110620715
7 24 : -0.2 -1.0 : 0.04386519974
7 24 : -0.2 -0.6 : -0.1385221195
7 24 : -0.2 -0.2 : -0.2266213288
7 24 : -0.2 0.2 : -0.2130108563
7 24 : -0.2 0.6 : -0.09777776265
7 24 : -0.2 1.0 : 0.1114828161
7 24 : 0.2 -1.0 : 0.5768889973
7 24 : 0.2 -0.6 : 0.3676284185
7 24 : 0.2 -0.2 : 0.2523953249
7 24 : 0.2 0.2 : 0.2387848524
7 24 : 0.2 0.6 : 0.3268840617
7 24 : 0.2 1.0 : 0.5092713809
7 24 : 0.6 -1.0 : 0.9239937826
7 24 : 0.6 -0.6 : 0.692029796
7 24 : 0.6 -0.2 : 0.5507871035
7 24 : 0.6 0.2 : 0.5100427467
7 24 : 0.6 0.6 : 0.5721323571
7 24 : 0.6 1.0 : 0.7318162685
7 24 : 1.0 -1.0 : 0.8543182627
7 24 : 1.0 -0.6 : 0.6113846668
7 24 : 1.0 -0.2 : 0.4474385664
7 24 : 1.0 0.2 : 0.37982095
7 24 : 1.0 0.6 : 0.4192071526
7 24 : 1.0 1.0 : 0.5679214546
8 9 : -1.0 -1.0 : -1.477685356
8 9 : -1.0 -0.6 : -1.919915118
8 9 : -1.0 -0.2 : -1.210098525
8 9 : -1.0 0.2 : 0.1933856726
8 9 : -1.0 0.6 : 0.918843995
8 9 : -1.0 1.0 : 0.5054282056
8 9 : -0.6 -1.0 : -1.314208343
8 9 : -0.6 -0.6 : -1.75169847
8 9 : -0.6 -0.2 : -1.039308956
8 9 : -0.6 0.2 : 0.3641752414
8 9 : -0.6 0.6 : 1.087060643
8 9 : -0.6 1.0 : 0.6689052194
8 9 : -0.2 -1.0 : -1.104501451
8 9 : -0.2 -0.6 : -1.535725682
8 9 : -0.2 -0.2 : -0.8199347123
8 9 : -0.2 0.2 : 0.5835494851
8 9 : -0.2 0.6 : 1.303033431
8 9 : -0.2 1.0 : 0.8786121109
8 9 : 0.2 -1.0 : -0.8786121109
8 9 : 0.2 -0.6 : -1.303033431
8 9 : 0.2 -0.2 : -0.5835494851
8 9 : 0.2 0.2 : 0.8199347123
8 9 : 0.2 0.6 : 1.535725682
8 9 : 0.2 1.0 : 1.104501451
8 9 : 0.6 -1.0 : -0.6689052194
8 9 : 0.6 -0.6 : -1.087060643
8 9 : 0.6 -0.2 : -0.3641752414
8 9 : 0.6 0.2 : 1.039308956
8 9 : 0.6 0.6 : 1.75169847
8 9 : 0.6 1.0 : 1.314208343
8 9 : 1.0 -1.0 : -0.5054282056
8 9 : 1.0 -0.6 : -0.918843995
8 9 : 1.0 -0.2 : -0.1933856726
8 9 : 1.0 0.2 : 1.210098525
8 9 : 1.0 0.6 : 1.919915118
8 9 : 1.0 1.0 : 1.477685356
8 10 : -1.0 -1.0 : -0.7763043586
8 10 : -1.0 -0.6 : -0.5736603298
8 10 : -1.0 -0.2 : -0.5107231657
8 10 : -1.0 0.2 : -0.508004753
8 10 : -1.0 0.6 : -0.4450675889
8 10 : -1.0 1.0 : -0.24242356
8 10 : -0.6 -1.0 : -0.6070678625
8 10 : -0.6 -0.6 : -0.4038038571
8 10 : -0.6 -0.2 : -0.3400470707
8 10 : -0.6 0.2 : -0.3364387905
8 10 : -0.6 0.6 : -0.2726820041
8 10 : -0.6 1.0 : -0.06941799866
8 10 : -0.2 -1.0 : -0.3897468138
8 10 : -0.2 -0.6 : -0.1856631861
8 10 : -0.2 -0.2 : -0.1208228418
8 10 : -0.2 0.2 : -0.1160381379
8 10 : -0.2 0.6 : -0.05119779364
8 10 : -0.2 1.0 : 0.1528858341
8 10 : 0.2 -1.0 : -0.1555907494
8 10 : 0.2 -0.6 : 0.04938274584
8 10 : 0.2 -0.2 : 0.1153995138
8 10 : 0.2 0.2 : 0.1214614659
8 10 : 0.2 0.6 : 0.1874782339
8 10 : 0.2 1.0 : 0.392451729
8 10 : 0.6 -1.0 : 0.06173029943
8 10 : 0.6 -0.6 : 0.2675234169
8 10 : 0.6 -0.2 : 0.3346237427
8 10 : 0.6 0.2 : 0.3418621185
8 10 : 0.6 0.6 : 0.4089624443
8 10 : 0.6 1.0 : 0.6147555618
8 10 : 1.0 -1.0 : 0.2309667955
8 10 : 1.0 -0.6 : 0.4373798896
8 10 : 1.0 -0.2 : 0.5052998377
8 10 : 1.0 0.2 : 0.513428081
8 10 : 1.0 0.6 : 0.5813480291
8 10 : 1.0 1.0 : 0.7877611231
8 11 : -1.0 -1.0 : -1.044511603
8 11 : -1.0 -0.6 : -1.83135815
8 11 : -1.0 -0.2 : -1.323260001
8 11 : -1.0 0.2 : 0.3045320823
8 11 : -1.0 0.6 : 0.8126302311
8 11 : -1.0 1.0 : 0.02578368421
8 11 : -0.6 -1.0 : -0.865115857
8 11 : -0.6 -0.6 : -1.653889194
8 11 : -0.6 -0.2 : -1.149778855
8 11 : -0.6 0.2 : 0.4732929934
8 11 : -0.6 0.6 : 0.9774033331
8 11 : -0.6 1.0 : 0.1886299958
8 11 : -0.2 -1.0 : -0.6343640652
8 11 : -0.2 -0.6 : -1.427125212
8 11 : -0.2 -0.2 : -0.927583407
8 11 : -0.2 0.2 : 0.6907224273
8 11 : -0.2 0.6 : 1.190264232
8 11 : -0.2 1.0 : 0.3975030855
8 11 : 0.2 -1.0 : -0.3856261837
8 11 : 0.2 -0.6 : -1.183107565
8 11 : 0.2 -0.2 : -0.6883317745
8 11 : 0.2 0.2 : 0.9251927542
8 11 : 0.2 0.6 : 1.419968545
8 11 : 0.2 1.0 : 0.6224871634
8 11 : 0.6 -1.0 : -0.1548743919
8 11 : 0.6 -0.6 : -0.9563435828
8 11 : 0.6 -0.2 : -0.4661363269
8 11 : 0.6 0.2 : 1.142622188
8 11 : 0.6 0.6 : 1.632829444
8 11 : 0.6 1.0 : 0.8313602531
8 11 : 1.0 -1.0 : 0.02452135402
8 11 : 1.0 -0.6 : -0.7788746273
8 11 : 1.0 -0.2 : -0.2926551805
8 11 : 1.0 0.2 : 1.311383099
8 11 : 1.0 0.6 : 1.797602546
8 11 : 1.0 1.0 : 0.9942065647
8 12 : -1.0 -1.0 : -1.260963923
8 12 : -1.0 -0.6 : -1.366233217
8 12 : -1.0 -0.2 : -0.6044477821
8 12 : -1.0 0.2 : -0.4142801365
8 12 : -1.0 0.6 : 0.347505298
8 12 : -1.0 1.0 : 0.2422360042
8 12 : -0.6 -1.0 : -1.037968998
8 12 : -0.6 -0.6 : -1.15531727
8 12 : -0.6 -0.2 : -0.4185312629
8 12 : -0.6 0.2 : -0.2579545983
8 12 : -0.6 0.6 : 0.4788314085
8 12 : -0.6 1.0 : 0.3614831371
8 12 : -0.2 -1.0 : -0.7495781709
8 12 : -0.2 -0.6 : -0.8919258701
8 12 : -0.2 -0.2 : -0.1837798407
8 12 : -0.2 0.2 : -0.05308113904
8 12 : -0.2 0.6 : 0.6550648904
8 12 : -0.2 1.0 : 0.5127171912
8 12 : 0.2 -1.0 : -0.4382613331
8 12 : 0.2 -0.6 : -0.6102000132
8 12 : 0.2 -0.2 : 0.06806805311
8 12 : 0.2 0.2 : 0.1687929266
8 12 : 0.2 0.6 : 0.8470609929
8 12 : 0.2 1.0 : 0.6751223128
8 12 : 0.6 -1.0 : -0.1498705057
8 12 : 0.6 -0.6 : -0.3468086136
8 12 : 0.6 -0.2 : 0.3028194754
8 12 : 0.6 0.2 : 0.3736663858
8 12 : 0.6 0.6 : 1.023294475
8 12 : 0.6 1.0 : 0.8263563669
8 12 : 1.0 -1.0 : 0.07312441886
8 12 : 1.0 -0.6 : -0.1358926666
8 12 : 1.0 -0.2 : 0.4887359946
8 12 : 1.0 0.2 : 0.5299919241
8 12 : 1.0 0.6 : 1.154620585
8 12 : 1.0 1.0 : 0.9456034998
8 13 : -1.0 -1.0 : -1.453186598
8 13 : -1.0 -0.6 : -0.8233314631
8 13 : -1.0 -0.2 : -0.5412453098
8 13 : -1.0 0.2 : -0.4774826089
8 13 : -1.0 0.6 : -0.1953964556
8 13 : -1.0 1.0 : 0.4344586794
8 13 : -0.6 -1.0 : -1.252992152
8 13 : -0.6 -0.6 : -0.6327016378
8 13 : -0.6 -0.2 : -0.3632601153
8 13 : -0.6 0.2 : -0.3132257459
8 13 : -0.6 0.6 : -0.04378422341
8 13 : -0.6 1.0 : 0.5765062909
8 13 : -0.2 -1.0 : -0.9947440392
8 13 : -0.2 -0.6 : -0.3870981557
8 13 : -0.2 -0.2 : -0.1343731023
8 13 : -0.2 0.2 : -0.1024878774
8 13 : -0.2 0.6 : 0.150237176
8 13 : -0.2 1.0 : 0.7578830595
8 13 : 0.2 -1.0 : -0.7161532801
8 13 : 0.2 -0.6 : -0.1222357282
8 13 : 0.2 -0.2 : 0.1123401807
8 13 : 0.2 0.2 : 0.124520799
8 13 : 0.2 0.6 : 0.3590967079
8 13 : 0.2 1.0 : 0.9530142598
8 13 : 0.6 -1.0 : -0.4579051672
8 13 : 0.6 -0.6 : 0.1233677539
8 13 : 0.6 -0.2 : 0.3412271937
8 13 : 0.6 0.2 : 0.3352586675
8 13 : 0.6 0.6 : 0.5531181073
8 13 : 0.6 1.0 : 1.134391028
8 13 : 1.0 -1.0 : -0.2577107212
8 13 : 1.0 -0.6 : 0.3139975792
8 13 : 1.0 -0.2 : 0.5192123883
8 13 : 1.0 0.2 : 0.4995155304
8 13 : 1.0 0.6 : 0.7047303395
8 13 : 1.0 1.0 : 1.27643864
8 14 : -1.0 -1.0 : -1.14926004
8 14 : -1.0 -0.6 : -2.232747765
8 14 : -1.0 -0.2 : -1.621740824
8 14 : -1.0 0.2 : 0.5969231655
8 14 : -1.0 0.6 : 1.160659183
8 14 : -1.0 1.0 : -0.00990735153
8 14 : -0.6 -1.0 : -0.955038007
8 14 : -0.6 -0.6 : -2.052849397
8 14 : -0.6 -0.2 : -1.449618089
8 14 : -0.6 0.2 : 0.7690459006
8 14 : -0.6 0.6 : 1.340557551
8 14 : -0.6 1.0 : 0.1843146819
8 14 : -0.2 -1.0 : -0.7046855499
8 14 : -0.2 -0.6 : -1.821433128
8 14 : -0.2 -0.2 : -1.228481371
8 14 : -0.2 0.2 : 0.9901826182
8 14 : -0.2 0.6 : 1.57197382
8 14 : -0.2 1.0 : 0.4346671391
8 14 : 0.2 -1.0 : -0.4346671391
8 14 : 0.2 -0.6 : -1.57197382
8 14 : 0.2 -0.2 : -0.9901826182
8 14 : 0.2 0.2 : 1.228481371
8 14 : 0.2 0.6 : 1.821433128
8 14 : 0.2 1.0 : 0.7046855499
8 14 : 0.6 -1.0 : -0.1843146819
8 14 : 0.6 -0.6 : -1.340557551
8 14 : 0.6 -0.2 : -0.7690459006
8 14 : 0.6 0.2 : 1.449618089
8 14 : 0.6 0.6 : 2.052849397
8 14 : 0.6 1.0 : 0.955038007
8 14 : 1.0 -1.0 : 0.00990735153
8 14 : 1.0 -0.6 : -1.160659183
8 14 : 1.0 -0.2 : -0.5969231655
8 14 : 1.0 0.2 : 1.621740824
8 14 : 1.0 0.6 : 2.232747765
8 14 : 1.0 1.0 : 1.14926004
8 15 : -1.0 -1.0 : -0.8549486554
8 15 : -1.0 -0.6 : -0.6432647071
8 15 : -1.0 -0.2 : -0.5389212769
8 15 : -1.0 0.2 : -0.4798066418
8 15 : -1.0 0.6 : -0.3754632115
8 15 : -1.0 1.0 : -0.1637792633
8 15 : -0.6 -1.0 : -0.6457246834
8 15 : -0.6 -0.6 : -0.4429131091
8 15 : -0.6 -0.2 : -0.3569325135
8 15 : -0.6 0.2 : -0.3195533477
8 15 : -0.6 0.6 : -0.2335727521
8 15 : -0.6 1.0 : -0.0307611778
8 15 : -0.2 -1.0 : -0.3755393464
8 15 : -0.2 -0.6 : -0.1910906068
8 15 : -0.2 -0.2 : -0.1261469397
8 15 : -0.2 0.2 : -0.11071404
8 15 : -0.2 0.6 : -0.04577037287
8 15 : -0.2 1.0 : 0.1386783667
8 15 : 0.2 -1.0 : -0.08398829025
8 15 : 0.2 -0.6 : 0.07872498014
8 15 : 0.2 -0.2 : 0.1217223811
8 15 : 0.2 0.2 : 0.1151385986
8 15 : 0.2 0.6 : 0.1581359996
8 15 : 0.2 1.0 : 0.3208492699
8 15 : 0.6 -1.0 : 0.1861970467
8 15 : 0.6 -0.6 : 0.3305474824
8 15 : 0.6 -0.2 : 0.3525079549
8 15 : 0.6 0.2 : 0.3239779063
8 15 : 0.6 0.6 : 0.3459383788
8 15 : 0.6 1.0 : 0.4902888145
8 15 : 1.0 -1.0 : 0.3954210187
8 15 : 1.0 -0.6 : 0.5308990805
8 15 : 1.0 -0.2 : 0.5344967183
8 15 : 1.0 0.2 : 0.4842312004
8 15 : 1.0 0.6 : 0.4878288382
8 15 : 1.0 1.0 : 0.6233069
8 16 : -1.0 -1.0 : -1.298853825
8 16 : -1.0 -0.6 : -0.7622394503
8 16 : -1.0 -0.2 : -0.5082627426
8 16 : -1.0 0.2 : -0.5056476742
8 16 : -1.0 0.6 : -0.2142756464
8 16 : -1.0 1.0 : 0.39122547
8 16 : -0.6 -1.0 : -1.180451026
8 16 : -0.6 -0.6 : -0.6211741772
8 16 : -0.6 -0.2 : -0.346066148
8 16 : -0.6 0.2 : -0.3271870811
8 16 : -0.6 0.6 : -0.02698610571
8 16 : -0.6 1.0 : 0.5785150107
8 16 : -0.2 -1.0 : -1.003495995
8 16 : -0.2 -0.6 : -0.4230878244
8 16 : -0.2 -0.2 : -0.1317157966
8 16 : -0.2 0.2 : -0.1040077821
8 16 : -0.2 0.6 : 0.1961931932
8 16 : -0.2 1.0 : 0.792865362
8 16 : 0.2 -1.0 : -0.792865362
8 16 : 0.2 -0.6 : -0.1961931932
8 16 : 0.2 -0.2 : 0.1040077821
8 16 : 0.2 0.2 : 0.1317157966
8 16 : 0.2 0.6 : 0.4230878244
8 16 : 0.2 1.0 : 1.003495995
8 16 : 0.6 -1.0 : -0.5785150107
8 16 : 0.6 -0.6 : 0.02698610571
8 16 : 0.6 -0.2 : 0.3271870811
8 16 : 0.6 0.2 : 0.346066148
8 16 : 0.6 0.6 : 0.6211741772
8 16 : 0.6 1.0 : 1.180451026
8 16 : 1.0 -1.0 : -0.39122547
8 16 : 1.0 -0.6 : 0.2142756464
8 16 : 1.0 -0.2 : 0.5056476742
8 16 : 1.0 0.2 : 0.5082627426
8 16 : 1.0 0.6 : 0.7622394503
8 16 : 1.0 1.0 : 1.298853825
8 17 : -1.0 -1.0 : -0.9996247436
8 17 : -1.0 -0.6 : -0.6459292659
8 17 : -1.0 -0.2 : -0.5163839373
8 17 : -1.0 0.2 : -0.5067521225
8 17 : -1.0 0.6 : -0.411424497
8 17 : -1.0 1.0 : -0.1207622026
8 17 : -0.6 -1.0 : -0.8117817377
8 17 : -0.6 -0.6 : -0.4684546402
8 17 : -0.6 -0.2 : -0.3445378098
8 17 : -0.6 0.2 : -0.334905995
8 17 : -0.6 0.6 : -0.2339498713
8 17 : -0.6 1.0 : 0.06708080338
8 17 : -0.2 -1.0 : -0.5698624896
8 17 : -0.2 -0.6 : -0.24024261
8 17 : -0.2 -0.2 : -0.1237667732
8 17 : -0.2 0.2 : -0.1141349583
8 17 : -0.2 0.6 : -0.005737841141
8 17 : -0.2 1.0 : 0.3090000514
8 17 : 0.2 -1.0 : -0.3090000514
8 17 : 0.2 -0.6 : 0.005737841141
8 17 : 0.2 -0.2 : 0.1141349583
8 17 : 0.2 0.2 : 0.1237667732
8 17 : 0.2 0.6 : 0.24024261
8 17 : 0.2 1.0 : 0.5698624896
8 17 : 0.6 -1.0 : -0.06708080338
8 17 : 0.6 -0.6 : 0.2339498713
8 17 : 0.6 -0.2 : 0.334905995
8 17 : 0.6 0.2 : 0.3445378098
8 17 : 0.6 0.6 : 0.4684546402
8 17 : 0.6 1.0 : 0.8117817377
8 17 : 1.0 -1.0 : 0.1207622026
8 17 : 1.0 -0.6 : 0.411424497
8 17 : 1.0 -0.2 : 0.5067521225
8 17 : 1.0 0.2 : 0.5163839373
8 17 : 1.0 0.6 : 0.6459292659
8 17 : 1.0 1.0 : 0.9996247436
8 18 : -1.0 -1.0 : -1.397656043
8 18 : -1.0 -0.6 : -0.9018388634
8 18 : -1.0 -0.2 : -0.5369615323
8 18 : -1.0 0.2 : -0.4817663864
8 18 : -1.0 0.6 : -0.1168890552
8 18 : -1.0 1.0 : 0.3789281243
8 18 : -0.6 -1.0 : -1.214259803
8 18 : -0.6 -0.6 : -0.72130094
8 18 : -0.6 -0.2 : -0.3623393637
8 18 : -0.6 0.2 : -0.3141464975
8 18 : -0.6 0.6 : 0.04481507881
8 18 : -0.6 1.0 : 0.5377739422
8 18 : -0.2 -1.0 : -0.9782192743
8 18 : -0.2 -0.6 : -0.4911761658
8 18 : -0.2 -0.2 : -0.1389918279
8 18 : -0.2 0.2 : -0.09786915176
8 18 : -0.2 0.6 : 0.2543151861
8 18 : -0.2 1.0 : 0.7413582946
8 18 : 0.2 -1.0 : -0.7237393873
8 18 : 0.2 -0.6 : -0.2436985586
8 18 : 0.2 -0.2 : 0.1014155893
8 18 : 0.2 0.2 : 0.1354453904
8 18 : 0.2 0.6 : 0.4805595383
8 18 : 0.2 1.0 : 0.960600367
8 18 : 0.6 -1.0 : -0.4876988583
8 18 : 0.6 -0.6 : -0.01357378436
8 18 : 0.6 -0.2 : 0.324763125
8 18 : 0.6 0.2 : 0.3517227362
8 18 : 0.6 0.6 : 0.6900596456
8 18 : 0.6 1.0 : 1.16418472
8 18 : 1.0 -1.0 : -0.3043026186
8 18 : 1.0 -0.6 : 0.1669641391
8 18 : 1.0 -0.2 : 0.4993852937
8 18 : 1.0 0.2 : 0.519342625
8 18 : 1.0 0.6 : 0.8517637796
8 18 : 1.0 1.0 : 1.323030537
8 19 : -1.0 -1.0 : -0.8517699512
8 19 : -1.0 -0.6 : -1.270571714
8 19 : -1.0 -0.2 : -0.9588388004
8 19 : -1.0 0.2 : -0.05988911832
8 19 : -1.0 0.6 : 0.2518437954
8 19 : -1.0 1.0 : -0.1669579675
8 19 : -0.6 -1.0 : -0.6768980864
8 19 : -0.6 -0.6 : -1.096573242
8 19 : -0.6 -0.2 : -0.7866479569
8 19 : -0.6 0.2 : 0.1101620957
8 19 : -0.6 0.6 : 0.4200873804
8 19 : -0.6 1.0 : 0.0004122251588
8 19 : -0.2 -1.0 : -0.452126961
8 19 : -0.2 -0.6 : -0.8736097452
8 19 : -0.2 -0.2 : -0.565755326
8 19 : -0.2 0.2 : 0.3288943463
8 19 : -0.2 0.6 : 0.6367487655
8 19 : -0.2 1.0 : 0.2152659813
8 19 : 0.2 -1.0 : -0.2098823155
8 19 : 0.2 -0.6 : -0.6335047292
8 19 : 0.2 -0.2 : -0.3278106903
8 19 : 0.2 0.2 : 0.56467167
8 19 : 0.2 0.6 : 0.8703657089
8 19 : 0.2 1.0 : 0.4467432952
8 19 : 0.6 -1.0 : 0.01488880985
8 19 : 0.6 -0.6 : -0.4105412328
8 19 : 0.6 -0.2 : -0.1069180594
8 19 : 0.6 0.2 : 0.7834039206
8 19 : 0.6 0.6 : 1.087027094
8 19 : 0.6 1.0 : 0.6615970513
8 19 : 1.0 -1.0 : 0.1897606747
8 19 : 1.0 -0.6 : -0.2365427604
8 19 : 1.0 -0.2 : 0.06527278414
8 19 : 1.0 0.2 : 0.9534551346
8 19 : 1.0 0.6 : 1.255270679
8 19 : 1.0 1.0 : 0.828967244
8 20 : -1.0 -1.0 : 0.1064435803
8 20 : -1.0 -0.6 : -0.2489665891
8 20 : -1.0 -0.2 : -0.4647643081
8 20 : -1.0 0.2 : -0.5089529916
8 20 : -1.0 0.6 : -0.3745562182
8 20 : -1.0 1.0 : -0.08071915337
8 20 : -0.6 -1.0 : 0.2467780567
8 20 : -0.6 -0.6 : -0.09850390194
8 20 : -0.6 -0.2 : -0.3009119123
8 20 : -0.6 0.2 : -0.3305633299
8 20 : -0.6 0.6 : -0.1827768479
8 20 : -0.6 1.0 : 0.1211884277
8 20 : -0.2 -1.0 : 0.4258900247
8 20 : -0.2 -0.6 : 0.09399777465
8 20 : -0.2 -0.2 : -0.09070875798
8 20 : -0.2 0.2 : -0.1011416028
8 20 : -0.2 0.6 : 0.06434635706
8 20 : -0.2 1.0 : 0.3817013412
8 20 : 0.2 -1.0 : 0.6185623209
8 20 : 0.2 -0.6 : 0.3012073368
8 20 : 0.2 -0.2 : 0.1357193769
8 20 : 0.2 0.2 : 0.1461522217
8 20 : 0.2 0.6 : 0.3308587543
8 20 : 0.2 1.0 : 0.6627510044
8 20 : 0.6 -1.0 : 0.7976742889
8 20 : 0.6 -0.6 : 0.4937090133
8 20 : 0.6 -0.2 : 0.3459225313
8 20 : 0.6 0.2 : 0.3755739489
8 20 : 0.6 0.6 : 0.5779819593
8 20 : 0.6 1.0 : 0.9232639179
8 20 : 1.0 -1.0 : 0.9380087653
8 20 : 1.0 -0.6 : 0.6441717005
8 20 : 1.0 -0.2 : 0.5097749271
8 20 : 1.0 0.2 : 0.5539636106
8 20 : 1.0 0.6 : 0.7697613296
8 20 : 1.0 1.0 : 1.125171499
8 21 : -1.0 -1.0 : -1.423008551
8 21 : -1.0 -0.6 : -1.109811413
8 21 : -1.0 -0.2 : -0.718748884
8 21 : -1.0 0.2 : -0.2999790347
8 21 : -1.0 0.6 : 0.09108349465
8 21 : -1.0 1.0 : 0.4042806319
8 21 : -0.6 -1.0 : -1.269056281
8 21 : -0.6 -0.6 : -0.9502109371
8 21 : -0.6 -0.2 : -0.5516813591
8 21 : -0.6 0.2 : -0.1248045021
8 21 : -0.6 0.6 : 0.2737250759
8 21 : -0.6 1.0 : 0.5925704199
8 21 : -0.2 -1.0 : -1.071941303
8 21 : -0.2 -0.6 : -0.7456289102
8 21 : -0.2 -0.2 : -0.3372277361
8 21 : -0.2 0.2 : 0.1003667564
8 21 : -0.2 0.6 : 0.5087679305
8 21 : -0.2 1.0 : 0.8350803231
8 21 : 0.2 -1.0 : -0.8597230586
8 21 : 0.2 -0.6 : -0.5253036583
8 21 : 0.2 -0.2 : -0.1061848486
8 21 : 0.2 0.2 : 0.3430458283
8 21 : 0.2 0.6 : 0.762164638
8 21 : 0.2 1.0 : 1.096584038
8 21 : 0.6 -1.0 : -0.6626080804
8 21 : 0.6 -0.6 : -0.3207216314
8 21 : 0.6 -0.2 : 0.1082687743
8 21 : 0.6 0.2 : 0.5682170869
8 21 : 0.6 0.6 : 0.9972074926
8 21 : 0.6 1.0 : 1.339093942
8 21 : 1.0 -1.0 : -0.5086558108
8 21 : 1.0 -0.6 : -0.1611211552
8 21 : 1.0 -0.2 : 0.2753362992
8 21 : 1.0 0.2 : 0.7433916195
8 21 : 1.0 0.6 : 1.179849074
8 21 : 1.0 1.0 : 1.527383729
8 22 : -1.0 -1.0 : -1.142314268
8 22 : -1.0 -0.6 : -0.7305796719
8 22 : -1.0 -0.2 : -0.5004380793
8 22 : -1.0 0.2 : -0.5182898394
8 22 : -1.0 0.6 : -0.2881482468
8 22 : -1.0 1.0 : 0.123586349
8 22 : -0.6 -1.0 : -1.003209529
8 22 : -0.6 -0.6 : -0.5809421615
8 22 : -0.6 -0.2 : -0.3368760218
8 22 : -0.6 0.2 : -0.3396098394
8 22 : -0.6 0.6 : -0.09554369965
8 22 : -0.6 1.0 : 0.3267236681
8 22 : -0.2 -1.0 : -0.8257233011
8 22 : -0.2 -0.6 : -0.3895313862
8 22 : -0.2 -0.2 : -0.1270567008
8 22 : -0.2 0.2 : -0.1098042789
8 22 : -0.2 0.6 : 0.1526704065
8 22 : -0.2 1.0 : 0.5888623214
8 22 : 0.2 -1.0 : -0.6348160778
8 22 : 0.2 -0.6 : -0.1835062203
8 22 : 0.2 -0.2 : 0.09895470453
8 22 : 0.2 0.2 : 0.1379062752
8 22 : 0.2 0.6 : 0.4203672
8 22 : 0.2 1.0 : 0.8716770575
8 22 : 0.6 -1.0 : -0.4573298496
8 22 : 0.6 -0.6 : 0.007904555034
8 22 : 0.6 -0.2 : 0.3087740255
8 22 : 0.6 0.2 : 0.3677118357
8 22 : 0.6 0.6 : 0.6685813062
8 22 : 0.6 1.0 : 1.133815711
8 22 : 1.0 -1.0 : -0.3182251112
8 22 : 1.0 -0.6 : 0.1575420654
8 22 : 1.0 -0.2 : 0.472336083
8 22 : 1.0 0.2 : 0.5463918357
8 22 : 1.0 0.6 : 0.8611858533
8 22 : 1.0 1.0 : 1.33695303
8 23 : -1.0 -1.0 : -1.257564605
8 23 : -1.0 -0.6 : -1.006270969
8 23 : -1.0 -0.2 : -0.6843178795
8 23 : -1.0 0.2 : -0.3324843422
8 23 : -1.0 0.6 : 0.00441675542
8 23 : -1.0 1.0 : 0.2832464449
8 23 : -0.6 -1.0 : -1.100211603
8 23 : -0.6 -0.6 : -0.8403811698
8 23 : -0.6 -0.2 : -0.5137938602
8 23 : -0.6 0.2 : -0.161960323
8 23 : -0.6 0.6 : 0.1703065551
8 23 : -0.6 1.0 : 0.4405994468
8 23 : -0.2 -1.0 : -0.8878731664
8 23 : -0.2 -0.6 : -0.6234085133
8 23 : -0.2 -0.2 : -0.2943055074
8 23 : -0.2 0.2 : 0.05752802984
8 23 : -0.2 0.6 : 0.3872792116
8 23 : -0.2 1.0 : 0.6529378837
8 23 : 0.2 -1.0 : -0.6510121868
8 23 : 0.2 -0.6 : -0.3865475336
8 23 : 0.2 -0.2 : -0.05744452772
8 23 : 0.2 0.2 : 0.2943890095
8 23 : 0.2 0.6 : 0.6241401913
8 23 : 0.2 1.0 : 0.8897988634
8 23 : 0.6 -1.0 : -0.4237257422
8 23 : 0.6 -0.6 : -0.1638953086
8 23 : 0.6 -0.2 : 0.162692001
8 23 : 0.6 0.2 : 0.5145255382
8 23 : 0.6 0.6 : 0.8467924163
8 23 : 0.6 1.0 : 1.117085308
8 23 : 1.0 -1.0 : -0.2388366866
8 23 : 1.0 -0.6 : 0.01245694922
8 23 : 1.0 -0.2 : 0.3344100392
8 23 : 1.0 0.2 : 0.6862435765
8 23 : 1.0 0.6 : 1.023144674
8 23 : 1.0 1.0 : 1.301974364
8 24 : -1.0 -1.0 : -0.1437419639
8 24 : -1.0 -0.6 : -0.3577404701
8 24 : -1.0 -0.2 : -0.4834337704
8 24 : -1.0 0.2 : -0.5095201522
8 24 : -1.0 0.6 : -0.4318811495
8 24 : -1.0 1.0 : -0.2542317578
8 24 : -0.6 -1.0 : 0.009204507617
8 24 : -0.6 -0.6 : -0.1988149028
8 24 : -0.6 -0.2 : -0.3166037121
8 24 : -0.6 0.2 : -0.334108153
8 24 : -0.6 0.6 : -0.2485646593
8 24 : -0.6 1.0 : -0.06493617181
8 24 : -0.2 -1.0 : 0.2049897996
8 24 : -0.2 -0.6 : 0.004874880155
8 24 : -0.2 -0.2 : -0.1024640249
8 24 : -0.2 0.2 : -0.1086229587
8 24 : -0.2 0.6 : -0.0126295608
8 24 : -0.2 1.0 : 0.1789034177
8 24 : 0.2 -1.0 : 0.4157643974
8 24 : 0.2 -0.6 : 0.2242314189
8 24 : 0.2 -0.2 : 0.128238021
8 24 : 0.2 0.2 : 0.1343969548
8 24 : 0.2 0.6 : 0.2417358598
8 24 : 0.2 1.0 : 0.4418507793
8 24 : 0.6 -1.0 : 0.6115496894
8 24 : 0.6 -0.6 : 0.4279212019
8 24 : 0.6 -0.2 : 0.3423777082
8 24 : 0.6 0.2 : 0.3598821491
8 24 : 0.6 0.6 : 0.4776709584
8 24 : 0.6 1.0 : 0.6856903688
8 24 : 1.0 -1.0 : 0.7644961609
8 24 : 1.0 -0.6 : 0.5868467692
8 24 : 1.0 -0.2 : 0.5092077665
8 24 : 1.0 0.2 : 0.5352941483
8 24 : 1.0 0.6 : 0.6609874486
8 24 : 1.0 1.0 : 0.8749859548
9 10 : -1.0 -1.0 : -1.144946347
9 10 : -1.0 -0.6 : -0.9796584588
9 10 : -1.0 -0.2 : -0.9661069014
9 10 : -1.0 0.2 : -1.017006661
9 10 : -1.0 0.6 : -1.003455103
9 10 : -1.0 1.0 : -0.8381672145
9 10 : -0.6 -1.0 : -1.612009796
9 10 : -0.6 -0.6 : -1.433812446
9 10 : -0.6 -0.2 : -1.403194308
9 10 : -0.6 0.2 : -1.435564805
9 10 : -0.6 0.6 : -1.404946667
9 10 : -0.6 1.0 : -1.226749317
9 10 : -0.2 -1.0 : -0.9462493366
9 10 : -0.2 -0.6 : -0.7509854062
9 10 : -0.2 -0.2 : -0.6978048881
9 10 : -0.2 0.2 : -0.7056793093
9 10 : -0.2 0.6 : -0.6524987912
9 10 : -0.2 1.0 : -0.4572348608
9 10 : 0.2 -1.0 : 0.4009117735
9 10 : 0.2 -0.6 : 0.614704966
9 10 : 0.2 -0.2 : 0.6923815601
9 10 : 0.2 0.2 : 0.7111026373
9 10 : 0.2 0.6 : 0.7887792314
9 10 : 0.2 1.0 : 1.002572424
9 10 : 0.6 -1.0 : 1.066672233
9 10 : 0.6 -0.6 : 1.297532006
9 10 : 0.6 -0.2 : 1.39777098
9 10 : 0.6 0.2 : 1.440988133
9 10 : 0.6 0.6 : 1.541227108
9 10 : 0.6 1.0 : 1.772086881
9 10 : 1.0 -1.0 : 0.5996087844
9 10 : 1.0 -0.6 : 0.8433780186
9 10 : 1.0 -0.2 : 0.9606835734
9 10 : 1.0 0.2 : 1.022429989
9 10 : 1.0 0.6 : 1.139735543
9 10 : 1.0 1.0 : 1.383504778
9 11 : -1.0 -1.0 : -1.473725864
9 11 : -1.0 -0.6 : -2.286100529
9 11 : -1.0 -0.2 : -1.798307778
9 11 : -1.0 0.2 : -0.1823925968
9 11 : -1.0 0.6 : 0.3241322481
9 11 : -1.0 1.0 : -0.4537356147
9 11 : -0.6 -1.0 : -1.918802041
9 11 : -0.6 -0.6 : -2.720478819
9 11 : -0.6 -0.2 : -2.226878696
9 11 : -0.6 0.2 : -0.6109635148
9 11 : -0.6 0.6 : -0.1102460417
9 11 : -0.6 1.0 : -0.8988117917
9 11 : -0.2 -1.0 : -1.21053063
9 11 : -0.2 -0.6 : -2.006400036
9 11 : -0.2 -0.2 : -1.509647369
9 11 : -0.2 0.2 : 0.1062678124
9 11 : -0.2 0.6 : 0.6038327409
9 11 : -0.2 1.0 : -0.1905403808
9 11 : 0.2 -1.0 : 0.1929535677
9 11 : 0.2 -0.6 : -0.6029158388
9 11 : 0.2 -0.2 : -0.1061631717
9 11 : 0.2 0.2 : 1.50975201
9 11 : 0.2 0.6 : 2.007316938
9 11 : 0.2 1.0 : 1.212943817
9 11 : 0.6 -1.0 : 0.9199570728
9 11 : 0.6 -0.6 : 0.1182802945
9 11 : 0.6 -0.2 : 0.611880417
9 11 : 0.6 0.2 : 2.227795598
9 11 : 0.6 0.6 : 2.728513072
9 11 : 0.6 1.0 : 1.939947322
9 11 : 1.0 -1.0 : 0.5093876984
9 11 : 1.0 -0.6 : -0.302986967
9 11 : 1.0 -0.2 : 0.1848057837
9 11 : 1.0 0.2 : 1.800720965
9 11 : 1.0 0.6 : 2.30724581
9 11 : 1.0 1.0 : 1.529377947
9 12 : -1.0 -1.0 : -1.686756917
9 12 : -1.0 -0.6 : -1.795841209
9 12 : -1.0 -0.2 : -1.063564567
9 12 : -1.0 0.2 : -0.9239407176
9 12 : -1.0 0.6 : -0.2257543296
9 12 : -1.0 1.0 : -0.397637029
9 12 : -0.6 -1.0 : -2.066520795
9 12 : -0.6 -0.6 : -2.196264611
9 12 : -0.6 -0.2 : -1.483251666
9 12 : -0.6 0.2 : -1.358454374
9 12 : -0.6 0.6 : -0.668316615
9 12 : -0.6 1.0 : -0.8401993144
9 12 : -0.2 -1.0 : -1.309813743
9 12 : -0.2 -0.6 : -1.458821256
9 12 : -0.2 -0.2 : -0.7606348678
9 12 : -0.2 0.2 : -0.6438862049
9 12 : -0.2 0.6 : 0.04625155377
9 12 : -0.2 1.0 : -0.1175825163
9 12 : 0.2 -1.0 : 0.1175825163
9 12 : 0.2 -0.6 : -0.04625155377
9 12 : 0.2 -0.2 : 0.6438862049
9 12 : 0.2 0.2 : 0.7606348678
9 12 : 0.2 0.6 : 1.458821256
9 12 : 0.2 1.0 : 1.309813743
9 12 : 0.6 -1.0 : 0.8401993144
9 12 : 0.6 -0.6 : 0.668316615
9 12 : 0.6 -0.2 : 1.358454374
9 12 : 0.6 0.2 : 1.483251666
9 12 : 0.6 0.6 : 2.196264611
9 12 : 0.6 1.0 : 2.066520795
9 12 : 1.0 -1.0 : 0.397637029
9 12 : 1.0 -0.6 : 0.2257543296
9 12 : 1.0 -0.2 : 0.9239407176
9 12 : 1.0 0.2 : 1.063564567
9 12 : 1.0 0.6 : 1.795841209
9 12 : 1.0 1.0 : 1.686756917
9 13 : -1.0 -1.0 : -1.886172357
9 13 : -1.0 -0.6 : -1.261105384
9 13 : -1.0 -0.2 : -1.004271599
9 13 : -1.0 0.2 : -0.982238677
9 13 : -1.0 0.6 : -0.7517715004
9 13 : -1.0 1.0 : -0.1752750378
9 13 : -0.6 -1.0 : -2.301109936
9 13 : -0.6 -0.6 : -1.684032366
9 13 : -0.6 -0.2 : -1.431535646
9 13 : -0.6 0.2 : -1.409502724
9 13 : -0.6 0.6 : -1.174698483
9 13 : -0.6 1.0 : -0.5902126168
9 13 : -0.2 -1.0 : -1.566437976
9 13 : -0.2 -0.6 : -0.9599225661
9 13 : -0.2 -0.2 : -0.7131595375
9 13 : -0.2 0.2 : -0.691126616
9 13 : -0.2 0.6 : -0.4505886822
9 13 : -0.2 1.0 : 0.1444593436
9 13 : 0.2 -1.0 : -0.1444593436
9 13 : 0.2 -0.6 : 0.4505886822
9 13 : 0.2 -0.2 : 0.691126616
9 13 : 0.2 0.2 : 0.7131595375
9 13 : 0.2 0.6 : 0.9599225661
9 13 : 0.2 1.0 : 1.566437976
9 13 : 0.6 -1.0 : 0.5902126168
9 13 : 0.6 -0.6 : 1.174698483
9 13 : 0.6 -0.2 : 1.409502724
9 13 : 0.6 0.2 : 1.431535646
9 13 : 0.6 0.6 : 1.684032366
9 13 : 0.6 1.0 : 2.301109936
9 13 : 1.0 -1.0 : 0.1752750378
9 13 : 1.0 -0.6 : 0.7517715004
9 13 : 1.0 -0.2 : 0.982238677
9 13 : 1.0 0.2 : 1.004271599
9 13 : 1.0 0.6 : 1.261105384
9 13 : 1.0 1.0 : 1.886172357
9 14 : -1.0 -1.0 : -1.596861281
9 14 : -1.0 -0.6 : -2.701797347
9 14 : -1.0 -0.2 : -2.102433685
9 14 : -1.0 0.2 : 0.1162303048
9 14 : -1.0 0.6 : 0.6916096012
9 14 : -1.0 1.0 : -0.4575085922
9 14 : -0.6 -1.0 : -2.002592993
9 14 : -0.6 -0.6 : -3.121226515
9 14 : -0.6 -0.2 : -2.529298547
9 14 : -0.6 0.2 : -0.3106345576
9 14 : -0.6 0.6 : 0.2721804332
9 14 : -0.6 1.0 : -0.863240304
9 14 : -0.2 -1.0 : -1.272963352
9 14 : -0.2 -0.6 : -2.399032568
9 14 : -0.2 -0.2 : -1.811141084
9 14 : -0.2 0.2 : 0.4075229056
9 14 : -0.2 0.6 : 0.9943743796
9 14 : -0.2 1.0 : -0.1336106631
9 14 : 0.2 -1.0 : 0.1305208453
9 14 : 0.2 -0.6 : -0.995548371
9 14 : 0.2 -0.2 : -0.4076568864
9 14 : 0.2 0.2 : 1.811007103
9 14 : 0.2 0.6 : 2.397858577
9 14 : 0.2 1.0 : 1.269873534
9 14 : 0.6 -1.0 : 0.8361661204
9 14 : 0.6 -0.6 : -0.2824674016
9 14 : 0.6 -0.2 : 0.3094605662
9 14 : 0.6 0.2 : 2.528124556
9 14 : 0.6 0.6 : 3.110939546
9 14 : 0.6 1.0 : 1.975518809
9 14 : 1.0 -1.0 : 0.3862522809
9 14 : 1.0 -0.6 : -0.7186837849
9 14 : 1.0 -0.2 : -0.1193201226
9 14 : 1.0 0.2 : 2.099343867
9 14 : 1.0 0.6 : 2.674723163
9 14 : 1.0 1.0 : 1.52560497
9 15 : -1.0 -1.0 : -1.246769991
9 15 : -1.0 -0.6 : -1.064816603
9 15 : -1.0 -0.2 : -0.9997776022
9 15 : -1.0 0.2 : -0.9833359598
9 15 : -1.0 0.6 : -0.9182969586
9 15 : -1.0 1.0 : -0.7363435707
9 15 : -0.6 -1.0 : -1.666220384
9 15 : -0.6 -0.6 : -1.486216528
9 15 : -0.6 -0.2 : -1.425212404
9 15 : -0.6 0.2 : -1.413546709
9 15 : -0.6 0.6 : -1.352542585
9 15 : -0.6 1.0 : -1.172538729
9 15 : -0.2 -1.0 : -0.9375144589
9 15 : -0.2 -0.6 : -0.76154548
9 15 : -0.2 -0.2 : -0.7051638127
9 15 : -0.2 0.2 : -0.6983203847
9 15 : -0.2 0.6 : -0.6419387174
9 15 : -0.2 1.0 : -0.4659697385
9 15 : 0.2 -1.0 : 0.4779868223
9 15 : 0.2 -0.6 : 0.6491798533
9 15 : 0.2 -0.2 : 0.7007392541
9 15 : 0.2 0.2 : 0.7027449433
9 15 : 0.2 0.6 : 0.7543043441
9 15 : 0.2 1.0 : 0.9254973751
9 15 : 0.6 -1.0 : 1.206692747
9 15 : 0.6 -0.6 : 1.373850902
9 15 : 0.6 -0.2 : 1.420787845
9 15 : 0.6 0.2 : 1.417971268
9 15 : 0.6 0.6 : 1.464908212
9 15 : 0.6 1.0 : 1.632066366
9 15 : 1.0 -1.0 : 0.7872423546
9 15 : 1.0 -0.6 : 0.9524509767
9 15 : 1.0 -0.2 : 0.9953530436
9 15 : 1.0 0.2 : 0.9877605184
9 15 : 1.0 0.6 : 1.030662585
9 15 : 1.0 1.0 : 1.195871207
9 16 : -1.0 -1.0 : -1.924728924
9 16 : -1.0 -0.6 : -1.319935386
9 16 : -1.0 -0.2 : -1.010532266
9 16 : -1.0 0.2 : -0.9739941483
9 16 : -1.0 0.6 : -0.6755581374
9 16 : -1.0 1.0 : -0.09096735169
9 16 : -0.6 -1.0 : -2.337090766
9 16 : -0.6 -0.6 : -1.738943563
9 16 : -0.6 -0.2 : -1.435737729
9 16 : -0.6 0.2 : -1.403969434
9 16 : -0.6 0.6 : -1.108122732
9 16 : -0.6 1.0 : -0.5235319461
9 16 : -0.2 -1.0 : -1.606884305
9 16 : -0.2 -0.6 : -1.014934388
9 16 : -0.2 -0.2 : -0.7164983775
9 16 : -0.2 0.2 : -0.687319391
9 16 : -0.2 0.6 : -0.3914726888
9 16 : -0.2 1.0 : 0.1957074056
9 16 : 0.2 -1.0 : -0.1957074056
9 16 : 0.2 -0.6 : 0.3914726888
9 16 : 0.2 -0.2 : 0.687319391
9 16 : 0.2 0.2 : 0.7164983775
9 16 : 0.2 0.6 : 1.014934388
9 16 : 0.2 1.0 : 1.606884305
9 16 : 0.6 -1.0 : 0.5235319461
9 16 : 0.6 -0.6 : 1.108122732
9 16 : 0.6 -0.2 : 1.403969434
9 16 : 0.6 0.2 : 1.435737729
9 16 : 0.6 0.6 : 1.738943563
9 16 : 0.6 1.0 : 2.337090766
9 16 : 1.0 -1.0 : 0.09096735169
9 16 : 1.0 -0.6 : 0.6755581374
9 16 : 1.0 -0.2 : 0.9739941483
9 16 : 1.0 0.2 : 1.010532266
9 16 : 1.0 0.6 : 1.319935386
9 16 : 1.0 1.0 : 1.924728924
9 17 : -1.0 -1.0 : -1.524976904
9 17 : -1.0 -0.6 : -1.15819905
9 17 : -1.0 -0.2 : -1.009505736
9 17 : -1.0 0.2 : -0.9776833729
9 17 : -1.0 0.6 : -0.860626036
9 17 : -1.0 1.0 : -0.5521255105
9 17 : -0.6 -1.0 : -1.908200711
9 17 : -0.6 -0.6 : -1.560595029
9 17 : -0.6 -0.2 : -1.429778551
9 17 : -0.6 0.2 : -1.411715329
9 17 : -0.6 0.6 : -1.302127172
9 17 : -0.6 1.0 : -0.9936266467
9 17 : -0.2 -1.0 : -1.154306417
9 17 : -0.2 -0.6 : -0.8245775701
9 17 : -0.2 -0.2 : -0.7075202332
9 17 : -0.2 0.2 : -0.6969261913
9 17 : -0.2 0.6 : -0.5873380345
9 17 : -0.2 1.0 : -0.2713683289
9 17 : 0.2 -1.0 : 0.2713683289
9 17 : 0.2 -0.6 : 0.5873380345
9 17 : 0.2 -0.2 : 0.6969261913
9 17 : 0.2 0.2 : 0.7075202332
9 17 : 0.2 0.6 : 0.8245775701
9 17 : 0.2 1.0 : 1.154306417
9 17 : 0.6 -1.0 : 0.9936266467
9 17 : 0.6 -0.6 : 1.302127172
9 17 : 0.6 -0.2 : 1.411715329
9 17 : 0.6 0.2 : 1.429778551
9 17 : 0.6 0.6 : 1.560595029
9 17 : 0.6 1.0 : 1.908200711
9 17 : 1.0 -1.0 : 0.5521255105
9 17 : 1.0 -0.6 : 0.860626036
9 17 : 1.0 -0.2 : 0.9776833729
9 17 : 1.0 0.2 : 1.009505736
9 17 : 1.0 0.6 : 1.15819905
9 17 : 1.0 1.0 : 1.524976904
9 18 : -1.0 -1.0 : -1.692227862
9 18 : -1.0 -0.6 : -1.258134549
9 18 : -1.0 -0.2 : -0.9748574743
9 18 : -1.0 0.2 : -1.008256088
9 18 : -1.0 0.6 : -0.7249790127
9 18 : -1.0 1.0 : -0.2908856997
9 18 : -0.6 -1.0 : -2.169499294
9 18 : -0.6 -0.6 : -1.723891727
9 18 : -0.6 -0.2 : -1.416784013
9 18 : -0.6 0.2 : -1.421975101
9 18 : -0.6 0.6 : -1.114867387
9 18 : -0.6 1.0 : -0.6692598197
9 18 : -0.2 -1.0 : -1.517234003
9 18 : -0.2 -0.6 : -1.047795797
9 18 : -0.2 -0.2 : -0.7133870997
9 18 : -0.2 0.2 : -0.6900970977
9 18 : -0.2 0.6 : -0.3556884
9 18 : -0.2 1.0 : 0.1137498061
9 18 : 0.2 -1.0 : -0.1847246582
9 18 : 0.2 -0.6 : 0.3129210731
9 18 : 0.2 -0.2 : 0.675810861
9 18 : 0.2 0.2 : 0.7276733364
9 18 : 0.2 0.6 : 1.090563124
9 18 : 0.2 1.0 : 1.588208856
9 18 : 0.6 -1.0 : 0.4675406319
9 18 : 0.6 -0.6 : 0.9890170024
9 18 : 0.6 -0.2 : 1.379207774
9 18 : 0.6 0.2 : 1.459551339
9 18 : 0.6 0.6 : 1.849742111
9 18 : 0.6 1.0 : 2.371218481
9 18 : 1.0 -1.0 : -0.009730799391
9 18 : 1.0 -0.6 : 0.5232598249
9 18 : 1.0 -0.2 : 0.9372812356
9 18 : 1.0 0.2 : 1.045832326
9 18 : 1.0 0.6 : 1.459853737
9 18 : 1.0 1.0 : 1.992844361
9 19 : -1.0 -1.0 : -1.450440516
9 19 : -1.0 -0.6 : -1.812312772
9 19 : -1.0 -0.2 : -1.456208315
9 19 : -1.0 0.2 : -0.5324503433
9 19 : -1.0 0.6 : -0.2193890773
9 19 : -1.0 1.0 : -0.6605521427
9 19 : -0.6 -1.0 : -1.817582949
9 19 : -0.6 -0.6 : -2.205540426
9 19 : -0.6 -0.2 : -1.873758786
9 19 : -0.6 0.2 : -0.9687211888
9 19 : -0.6 0.6 : -0.6658223194
9 19 : -0.6 1.0 : -1.106985385
9 19 : -0.2 -1.0 : -1.050615263
9 19 : -0.2 -0.6 : -1.462895557
9 19 : -0.2 -0.2 : -1.149834291
9 19 : -0.2 0.2 : -0.2549590906
9 19 : -0.2 0.6 : 0.04793977874
9 19 : -0.2 1.0 : -0.38306089
9 19 : 0.2 -1.0 : 0.38306089
9 19 : 0.2 -0.6 : -0.04793977874
9 19 : 0.2 -0.2 : 0.2549590906
9 19 : 0.2 0.2 : 1.149834291
9 19 : 0.2 0.6 : 1.462895557
9 19 : 0.2 1.0 : 1.050615263
9 19 : 0.6 -1.0 : 1.106985385
9 19 : 0.6 -0.6 : 0.6658223194
9 19 : 0.6 -0.2 : 0.9687211888
9 19 : 0.6 0.2 : 1.873758786
9 19 : 0.6 0.6 : 2.205540426
9 19 : 0.6 1.0 : 1.817582949
9 19 : 1.0 -1.0 : 0.6605521427
9 19 : 1.0 -0.6 : 0.2193890773
9 19 : 1.0 -0.2 : 0.5324503433
9 19 : 1.0 0.2 : 1.456208315
9 19 : 1.0 0.6 : 1.812312772
9 19 : 1.0 1.0 : 1.450440516
9 20 : -1.0 -1.0 : -0.6123303951
9 20 : -1.0 -0.6 : -0.8899097066
9 20 : -1.0 -0.2 : -1.002813387
9 20 : -1.0 0.2 : -0.9352895564
9 20 : -1.0 0.6 : -0.6979987439
9 20 : -1.0 1.0 : -0.3263308213
9 20 : -0.6 -1.0 : -0.9931088652
9 20 : -0.6 -0.6 : -1.28616489
9 20 : -0.6 -0.2 : -1.419529112
9 20 : -0.6 0.2 : -1.374219383
9 20 : -0.6 0.6 : -1.157389112
9 20 : -0.6 1.0 : -0.8011979025
9 20 : -0.2 -1.0 : -0.213277841
9 20 : -0.2 -0.6 : -0.5267944076
9 20 : -0.2 -0.2 : -0.6872078984
9 20 : -0.2 0.2 : -0.6712656801
9 20 : -0.2 0.6 : -0.4814846784
9 20 : -0.2 1.0 : -0.1457540108
9 20 : 0.2 -1.0 : 1.257730187
9 20 : 0.2 -0.6 : 0.9219995191
9 20 : 0.2 -0.2 : 0.7322185173
9 20 : 0.2 0.2 : 0.716276299
9 20 : 0.2 0.6 : 0.8766897898
9 20 : 0.2 1.0 : 1.190206356
9 20 : 0.6 -1.0 : 2.037561211
9 20 : 0.6 -0.6 : 1.681370001
9 20 : 0.6 -0.2 : 1.464539731
9 20 : 0.6 0.2 : 1.419230001
9 20 : 0.6 0.6 : 1.552594223
9 20 : 0.6 1.0 : 1.845650248
9 20 : 1.0 -1.0 : 1.656782741
9 20 : 1.0 -0.6 : 1.285114818
9 20 : 1.0 -0.2 : 1.047824006
9 20 : 1.0 0.2 : 0.9803001753
9 20 : 1.0 0.6 : 1.093203855
9 20 : 1.0 1.0 : 1.370783167
9 21 : -1.0 -1.0 : -2.008534705
9 21 : -1.0 -0.6 : -1.661342798
9 21 : -1.0 -0.2 : -1.225338464
9 21 : -1.0 0.2 : -0.7577750983
9 21 : -1.0 0.6 : -0.3217707645
9 21 : -1.0 1.0 : 0.02542114284
9 21 : -0.6 -1.0 : -2.41953147
9 21 : -0.6 -0.6 : -2.077875011
9 21 : -0.6 -0.2 : -1.649188658
9 21 : -0.6 0.2 : -1.189570456
9 21 : -0.6 0.6 : -0.7608841022
9 21 : -0.6 1.0 : -0.4192276437
9 21 : -0.2 -1.0 : -1.67964967
9 21 : -0.2 -0.6 : -1.345311191
9 21 : -0.2 -0.2 : -0.9262993625
9 21 : -0.2 0.2 : -0.4771848349
9 21 : -0.2 0.6 : -0.05817300596
9 21 : -0.2 1.0 : 0.2761654723
9 21 : 0.2 -1.0 : -0.2520146917
9 21 : 0.2 -0.6 : 0.07437862295
9 21 : 0.2 -0.2 : 0.4828867777
9 21 : 0.2 0.2 : 0.9205974197
9 21 : 0.2 0.6 : 1.329105574
9 21 : 0.2 1.0 : 1.655498889
9 21 : 0.6 -1.0 : 0.4878671082
9 21 : 0.6 -0.6 : 0.8069424426
9 21 : 0.6 -0.2 : 1.205776073
9 21 : 0.6 0.2 : 1.632983041
9 21 : 0.6 0.6 : 2.031816671
9 21 : 0.6 1.0 : 2.350892005
9 21 : 1.0 -1.0 : 0.07687034343
9 21 : 1.0 -0.6 : 0.390410229
9 21 : 1.0 -0.2 : 0.7819258789
9 21 : 1.0 0.2 : 1.201187683
9 21 : 1.0 0.6 : 1.592703333
9 21 : 1.0 1.0 : 1.906243219
9 22 : -1.0 -1.0 : -1.553381348
9 22 : -1.0 -0.6 : -1.165045816
9 22 : -1.0 -0.2 : -0.9658382799
9 22 : -1.0 0.2 : -1.017275282
9 22 : -1.0 0.6 : -0.8180677461
9 22 : -1.0 1.0 : -0.4297322139
9 22 : -0.6 -1.0 : -2.036619478
9 22 : -0.6 -0.6 : -1.63538033
9 22 : -0.6 -0.2 : -1.409466642
9 22 : -0.6 0.2 : -1.429292471
9 22 : -0.6 0.6 : -1.203378784
9 22 : -0.6 1.0 : -0.8021396356
9 22 : -0.2 -1.0 : -1.392242289
9 22 : -0.2 -0.6 : -0.964296989
9 22 : -0.2 -0.2 : -0.7077880575
9 22 : -0.2 0.2 : -0.6956961399
9 22 : -0.2 0.6 : -0.4391872084
9 22 : -0.2 1.0 : -0.01124190855
9 22 : 0.2 -1.0 : -0.06829709001
9 22 : 0.2 -0.6 : 0.3912593825
9 22 : 0.2 -0.2 : 0.6796860613
9 22 : 0.2 0.2 : 0.7237981361
9 22 : 0.2 0.6 : 1.012224815
9 22 : 0.2 1.0 : 1.471781287
9 22 : 0.6 -1.0 : 0.5760800989
9 22 : 0.6 -0.6 : 1.062342723
9 22 : 0.6 -0.2 : 1.381364646
9 22 : 0.6 0.2 : 1.457394468
9 22 : 0.6 0.6 : 1.77641639
9 22 : 0.6 1.0 : 2.262679014
9 22 : 1.0 -1.0 : 0.09284196927
9 22 : 1.0 -0.6 : 0.5920082094
9 22 : 1.0 -0.2 : 0.9377362836
9 22 : 1.0 0.2 : 1.045377278
9 22 : 1.0 0.6 : 1.391105353
9 22 : 1.0 1.0 : 1.890271593
9 23 : -1.0 -1.0 : -1.724833922
9 23 : -1.0 -0.6 : -1.482793532
9 23 : -1.0 -0.2 : -1.165863588
9 23 : -1.0 0.2 : -0.8140300505
9 23 : -1.0 0.6 : -0.4721058076
9 23 : -1.0 1.0 : -0.1840228717
9 23 : -0.6 -1.0 : -2.164871255
9 23 : -0.6 -0.6 : -1.915257289
9 23 : -0.6 -0.2 : -1.594216011
9 23 : -0.6 0.2 : -1.242382474
9 23 : -0.6 0.6 : -0.9045695638
9 23 : -0.6 1.0 : -0.6240602044
9 23 : -0.2 -1.0 : -1.463381699
9 23 : -0.2 -0.6 : -1.203755305
9 23 : -0.2 -0.2 : -0.8772787591
9 23 : -0.2 0.2 : -0.5254452218
9 23 : -0.2 0.6 : -0.1930675804
9 23 : -0.2 1.0 : 0.07742935103
9 23 : 0.2 -1.0 : -0.07742935103
9 23 : 0.2 -0.6 : 0.1930675804
9 23 : 0.2 -0.2 : 0.5254452218
9 23 : 0.2 0.2 : 0.8772787591
9 23 : 0.2 0.6 : 1.203755305
9 23 : 0.2 1.0 : 1.463381699
9 23 : 0.6 -1.0 : 0.6240602044
9 23 : 0.6 -0.6 : 0.9045695638
9 23 : 0.6 -0.2 : 1.242382474
9 23 : 0.6 0.2 : 1.594216011
9 23 : 0.6 0.6 : 1.915257289
9 23 : 0.6 1.0 : 2.164871255
9 23 : 1.0 -1.0 : 0.1840228717
9 23 : 1.0 -0.6 : 0.4721058076
9 23 : 1.0 -0.2 : 0.8140300505
9 23 : 1.0 0.2 : 1.165863588
9 23 : 1.0 0.6 : 1.482793532
9 23 : 1.0 1.0 : 1.724833922
9 24 : -1.0 -1.0 : -0.5856653346
9 24 : -1.0 -0.6 : -0.8129117512
9 24 : -1.0 -0.2 : -0.9561190689
9 24 : -1.0 0.2 : -1.001220497
9 24 : -1.0 0.6 : -0.9410955118
9 24 : -1.0 1.0 : -0.7766940304
9 24 : -0.6 -1.0 : -1.044910578
9 24 : -0.6 -0.6 : -1.261819579
9 24 : -0.6 -0.2 : -1.391360616
9 24 : -0.6 0.2 : -1.421624502
9 24 : -0.6 0.6 : -1.347833235
9 24 : -0.6 1.0 : -1.173094338
9 24 : -0.2 -1.0 : -0.3688142861
9 24 : -0.2 -0.6 : -0.5720570062
9 24 : -0.2 -0.2 : -0.6835309298
9 24 : -0.2 0.2 : -0.6941792715
9 24 : -0.2 0.6 : -0.6023208922
9 24 : -0.2 1.0 : -0.4139157143
9 24 : 0.2 -1.0 : 0.9895684831
9 24 : 0.2 -0.6 : 0.8011633052
9 24 : 0.2 -0.2 : 0.7093049259
9 24 : 0.2 0.2 : 0.7199532676
9 24 : 0.2 0.6 : 0.8314271912
9 24 : 0.2 1.0 : 1.034669911
9 24 : 0.6 -1.0 : 1.665664775
9 24 : 0.6 -0.6 : 1.490925878
9 24 : 0.6 -0.2 : 1.417134612
9 24 : 0.6 0.2 : 1.447398498
9 24 : 0.6 0.6 : 1.576939534
9 24 : 0.6 1.0 : 1.793848535
9 24 : 1.0 -1.0 : 1.206419532
9 24 : 1.0 -0.6 : 1.04201805
9 24 : 1.0 -0.2 : 0.981893065
9 24 : 1.0 0.2 : 1.026994493
9 24 : 1.0 0.6 : 1.170201811
9 24 : 1.0 1.0 : 1.397448227
10 11 : -1.0 -1.0 : -0.7310850229
10 11 : -1.0 -0.6 : -1.558187521
10 11 : -1.0 -0.2 : -1.078389808
10 11 : -1.0 0.2 : 0.5375253739
10 11 : -1.0 0.6 : 1.052045256
10 11 : -1.0 1.0 : 0.288905226
10 11 : -0.6 -1.0 : -0.5435249674
10 11 : -0.6 -0.6 : -1.360106227
10 11 : -0.6 -0.2 : -0.8745970349
10 11 : -0.6 0.2 : 0.7413181466
10 11 : -0.6 0.6 : 1.25012655
10 11 : -0.6 1.0 : 0.4764652815
10 11 : -0.2 -1.0 : -0.5005291348
10 11 : -0.2 -0.6 : -1.303201094
10 11 : -0.2 -0.2 : -0.810141207
10 11 : -0.2 0.2 : 0.8057739744
10 11 : -0.2 0.6 : 1.307031684
10 11 : -0.2 1.0 : 0.5194611141
10 11 : 0.2 -1.0 : -0.5194611141
10 11 : 0.2 -0.6 : -1.307031684
10 11 : 0.2 -0.2 : -0.8057739744
10 11 : 0.2 0.2 : 0.810141207
10 11 : 0.2 0.6 : 1.303201094
10 11 : 0.2 1.0 : 0.5005291348
10 11 : 0.6 -1.0 : -0.4764652815
10 11 : 0.6 -0.6 : -1.25012655
10 11 : 0.6 -0.2 : -0.7413181466
10 11 : 0.6 0.2 : 0.8745970349
10 11 : 0.6 0.6 : 1.360106227
10 11 : 0.6 1.0 : 0.5435249674
10 11 : 1.0 -1.0 : -0.288905226
10 11 : 1.0 -0.6 : -1.052045256
10 11 : 1.0 -0.2 : -0.5375253739
10 11 : 1.0 0.2 : 1.078389808
10 11 : 1.0 0.6 : 1.558187521
10 11 : 1.0 1.0 : 0.7310850229
10 12 : -1.0 -1.0 : -0.8591427015
10 12 : -1.0 -0.6 : -1.020902643
10 12 : -1.0 -0.2 : -0.330201809
10 12 : -1.0 0.2 : -0.2144900214
10 12 : -1.0 0.6 : 0.4812232404
10 12 : -1.0 1.0 : 0.3286968025
10 12 : -0.6 -1.0 : -0.6592308918
10 12 : -0.6 -0.6 : -0.8181282389
10 12 : -0.6 -0.2 : -0.1258734392
10 12 : -0.6 0.2 : -0.01016165169
10 12 : -0.6 0.6 : 0.6839976444
10 12 : -0.6 1.0 : 0.5286086122
10 12 : -0.2 -1.0 : -0.5963085497
10 12 : -0.2 -0.6 : -0.753651931
10 12 : -0.2 -0.2 : -0.06055355764
10 12 : -0.2 0.2 : 0.05515822991
10 12 : -0.2 0.6 : 0.7484739523
10 12 : -0.2 1.0 : 0.5915309543
10 12 : 0.2 -1.0 : -0.5908852217
10 12 : 0.2 -0.6 : -0.748228603
10 12 : 0.2 -0.2 : -0.05513022963
10 12 : 0.2 0.2 : 0.06058155791
10 12 : 0.2 0.6 : 0.7538972803
10 12 : 0.2 1.0 : 0.5969542824
10 12 : 0.6 -1.0 : -0.5229504516
10 12 : 0.6 -0.6 : -0.6818477987
10 12 : 0.6 -0.2 : 0.01040700098
10 12 : 0.6 0.2 : 0.1261187885
10 12 : 0.6 0.6 : 0.8202780846
10 12 : 0.6 1.0 : 0.6648890524
10 12 : 1.0 -1.0 : -0.3138051384
10 12 : 1.0 -0.6 : -0.4755650798
10 12 : 1.0 -0.2 : 0.2151357541
10 12 : 1.0 0.2 : 0.3308475417
10 12 : 1.0 0.6 : 1.026560803
10 12 : 1.0 1.0 : 0.8740343656
10 13 : -1.0 -1.0 : -1.200449126
10 13 : -1.0 -0.6 : -0.5548185007
10 13 : -1.0 -0.2 : -0.2868216905
10 13 : -1.0 0.2 : -0.264788769
10 13 : -1.0 0.6 : -0.04548461687
10 13 : -1.0 1.0 : 0.5104481928
10 13 : -0.6 -1.0 : -0.972124768
10 13 : -0.6 -0.6 : -0.3412486099
10 13 : -0.6 -0.2 : -0.0812612952
10 13 : -0.6 0.2 : -0.05922837366
10 13 : -0.6 0.6 : 0.1680852739
10 13 : -0.6 1.0 : 0.7387725513
10 13 : -0.2 -1.0 : -0.8752376653
10 13 : -0.2 -0.6 : -0.2638672253
10 13 : -0.2 -0.2 : -0.01446863286
10 13 : -0.2 0.2 : 0.007564288676
10 13 : -0.2 0.6 : 0.2454666585
10 13 : -0.2 1.0 : 0.835659654
10 13 : 0.2 -1.0 : -0.835659654
10 13 : 0.2 -0.6 : -0.2454666585
10 13 : 0.2 -0.2 : -0.007564288676
10 13 : 0.2 0.2 : 0.01446863286
10 13 : 0.2 0.6 : 0.2638672253
10 13 : 0.2 1.0 : 0.8752376653
10 13 : 0.6 -1.0 : -0.7387725513
10 13 : 0.6 -0.6 : -0.1680852739
10 13 : 0.6 -0.2 : 0.05922837366
10 13 : 0.6 0.2 : 0.0812612952
10 13 : 0.6 0.6 : 0.3412486099
10 13 : 0.6 1.0 : 0.972124768
10 13 : 1.0 -1.0 : -0.5104481928
10 13 : 1.0 -0.6 : 0.04548461687
10 13 : 1.0 -0.2 : 0.264788769
10 13 : 1.0 0.2 : 0.2868216905
10 13 : 1.0 0.6 : 0.5548185007
10 13 : 1.0 1.0 : 1.200449126
10 14 : -1.0 -1.0 : -0.8765084075
10 14 : -1.0 -0.6 : -1.982352761
10 14 : -1.0 -0.2 : -1.383482165
10 14 : -1.0 0.2 : 0.8351818242
10 14 : -1.0 0.6 : 1.411054187
10 14 : -1.0 1.0 : 0.2628442815
10 14 : -0.6 -1.0 : -0.6607407534
10 14 : -0.6 -0.6 : -1.773553852
10 14 : -0.6 -0.2 : -1.178466254
10 14 : -0.6 0.2 : 1.040197735
10 14 : -0.6 0.6 : 1.619853096
10 14 : -0.6 1.0 : 0.4786119356
10 14 : -0.2 -1.0 : -0.5804538793
10 14 : -0.2 -0.6 : -1.702479805
10 14 : -0.2 -0.2 : -1.112393411
10 14 : -0.2 0.2 : 1.106270578
10 14 : -0.2 0.6 : 1.690927143
10 14 : -0.2 1.0 : 0.5588988096
10 14 : 0.2 -1.0 : -0.5588988096
10 14 : 0.2 -0.6 : -1.690927143
10 14 : 0.2 -0.2 : -1.106270578
10 14 : 0.2 0.2 : 1.112393411
10 14 : 0.2 0.6 : 1.702479805
10 14 : 0.2 1.0 : 0.5804538793
10 14 : 0.6 -1.0 : -0.4786119356
10 14 : 0.6 -0.6 : -1.619853096
10 14 : 0.6 -0.2 : -1.040197735
10 14 : 0.6 0.2 : 1.178466254
10 14 : 0.6 0.6 : 1.773553852
10 14 : 0.6 1.0 : 0.6607407534
10 14 : 1.0 -1.0 : -0.2628442815
10 14 : 1.0 -0.6 : -1.411054187
10 14 : 1.0 -0.2 : -0.8351818242
10 14 : 1.0 0.2 : 1.383482165
10 14 : 1.0 0.6 : 1.982352761
10 14 : 1.0 1.0 : 0.8765084075
10 15 : -1.0 -1.0 : -0.4610127128
10 15 : -1.0 -0.6 : -0.3131139064
10 15 : -1.0 -0.2 : -0.2730850107
10 15 : -1.0 0.2 : -0.2686604521
10 15 : -1.0 0.6 : -0.2007482797
10 15 : -1.0 1.0 : -0.001485076105
10 15 : -0.6 -1.0 : -0.28216635
10 15 : -0.6 -0.6 : -0.1183434218
10 15 : -0.6 -0.2 : -0.06967008138
10 15 : -0.6 0.2 : -0.0652455228
10 15 : -0.6 0.6 : -0.005977795118
10 15 : -0.6 1.0 : 0.1773612867
10 15 : -0.2 -1.0 : -0.2306794322
10 15 : -0.2 -0.6 : -0.05821205933
10 15 : -0.2 -0.2 : -0.004846062927
10 15 : -0.2 0.2 : -0.0004215043482
10 15 : -0.2 0.6 : 0.05415356736
10 15 : -0.2 1.0 : 0.2288482044
10 15 : 0.2 -1.0 : -0.2252561042
10 15 : 0.2 -0.6 : -0.05278873132
10 15 : 0.2 -0.2 : 0.0005772650821
10 15 : 0.2 0.2 : 0.005001823661
10 15 : 0.2 0.6 : 0.05957689537
10 15 : 0.2 1.0 : 0.2342715325
10 15 : 0.6 -1.0 : -0.1458859097
10 15 : 0.6 -0.6 : 0.0179370184
10 15 : 0.6 -0.2 : 0.06661035883
10 15 : 0.6 0.2 : 0.07103491741
10 15 : 0.6 0.6 : 0.1303026451
10 15 : 0.6 1.0 : 0.3136417269
10 15 : 1.0 -1.0 : 0.08432485032
10 15 : 1.0 -0.6 : 0.2322236567
10 15 : 1.0 -0.2 : 0.2722525524
10 15 : 1.0 0.2 : 0.276677111
10 15 : 1.0 0.6 : 0.3445892834
10 15 : 1.0 1.0 : 0.543852487
10 16 : -1.0 -1.0 : -1.185022387
10 16 : -1.0 -0.6 : -0.5883954626
10 16 : -1.0 -0.2 : -0.2876016077
10 16 : -1.0 0.2 : -0.2587561923
10 16 : -1.0 0.6 : 0.0341181872
10 16 : -1.0 1.0 : 0.6161564718
10 16 : -0.6 -1.0 : -0.9766236274
10 16 : -0.6 -0.6 : -0.3823964005
10 16 : -0.6 -0.2 : -0.08290522667
10 16 : -0.6 0.2 : -0.05405981126
10 16 : -0.6 0.6 : 0.2401172493
10 16 : -0.6 1.0 : 0.8245552312
10 16 : -0.2 -1.0 : -0.9060785877
10 16 : -0.2 -0.6 : -0.3150238115
10 16 : -0.2 -0.2 : -0.01725480949
10 16 : -0.2 0.2 : 0.01159060592
10 16 : -0.2 0.6 : 0.3074898383
10 16 : -0.2 1.0 : 0.8951002709
10 16 : 0.2 -1.0 : -0.8951002709
10 16 : 0.2 -0.6 : -0.3074898383
10 16 : 0.2 -0.2 : -0.01159060592
10 16 : 0.2 0.2 : 0.01725480949
10 16 : 0.2 0.6 : 0.3150238115
10 16 : 0.2 1.0 : 0.9060785877
10 16 : 0.6 -1.0 : -0.8245552312
10 16 : 0.6 -0.6 : -0.2401172493
10 16 : 0.6 -0.2 : 0.05405981126
10 16 : 0.6 0.2 : 0.08290522667
10 16 : 0.6 0.6 : 0.3823964005
10 16 : 0.6 1.0 : 0.9766236274
10 16 : 1.0 -1.0 : -0.6161564718
10 16 : 1.0 -0.6 : -0.0341181872
10 16 : 1.0 -0.2 : 0.2587561923
10 16 : 1.0 0.2 : 0.2876016077
10 16 : 1.0 0.6 : 0.5883954626
10 16 : 1.0 1.0 : 1.185022387
10 17 : -1.0 -1.0 : -0.7883646723
10 17 : -1.0 -0.6 : -0.4188982811
10 17 : -1.0 -0.2 : -0.2807916772
10 17 : -1.0 0.2 : -0.2711598624
10 17 : -1.0 0.6 : -0.1843935122
10 17 : -1.0 1.0 : 0.0904978687
10 17 : -0.6 -1.0 : -0.5587464504
10 17 : -0.6 -0.6 : -0.2048367806
10 17 : -0.6 -0.2 : -0.07517517731
10 17 : -0.6 0.2 : -0.06554336251
10 17 : -0.6 0.6 : 0.0296679883
10 17 : -0.6 1.0 : 0.3201160906
10 17 : -0.2 -1.0 : -0.4601488329
10 17 : -0.2 -0.6 : -0.1268054775
10 17 : -0.2 -0.2 : -0.008308343593
10 17 : -0.2 0.2 : 0.001323471209
10 17 : -0.2 0.6 : 0.1076992913
10 17 : -0.2 1.0 : 0.4187137081
10 17 : 0.2 -1.0 : -0.4187137081
10 17 : 0.2 -0.6 : -0.1076992913
10 17 : 0.2 -0.2 : -0.001323471209
10 17 : 0.2 0.2 : 0.008308343593
10 17 : 0.2 0.6 : 0.1268054775
10 17 : 0.2 1.0 : 0.4601488329
10 17 : 0.6 -1.0 : -0.3201160906
10 17 : 0.6 -0.6 : -0.0296679883
10 17 : 0.6 -0.2 : 0.06554336251
10 17 : 0.6 0.2 : 0.07517517731
10 17 : 0.6 0.6 : 0.2048367806
10 17 : 0.6 1.0 : 0.5587464504
10 17 : 1.0 -1.0 : -0.0904978687
10 17 : 1.0 -0.6 : 0.1843935122
10 17 : 1.0 -0.2 : 0.2711598624
10 17 : 1.0 0.2 : 0.2807916772
10 17 : 1.0 0.6 : 0.4188982811
10 17 : 1.0 1.0 : 0.7883646723
10 18 : -1.0 -1.0 : -1.007958781
10 18 : -1.0 -0.6 : -0.5624764791
10 18 : -1.0 -0.2 : -0.2641429203
10 18 : -1.0 0.2 : -0.2811946428
10 18 : -1.0 0.6 : 0.01713891595
10 18 : -1.0 1.0 : 0.4626212176
10 18 : -0.6 -1.0 : -0.8414898863
10 18 : -0.6 -0.6 : -0.3871452877
10 18 : -0.6 -0.2 : -0.07046975024
10 18 : -0.6 0.2 : -0.06581068998
10 18 : -0.6 0.6 : 0.2508648475
10 18 : -0.6 1.0 : 0.705209446
10 18 : -0.2 -1.0 : -0.8263770143
10 18 : -0.2 -0.6 : -0.353690437
10 18 : -0.2 -0.2 : -0.01600186429
10 18 : -0.2 0.2 : 0.01057853628
10 18 : -0.2 0.6 : 0.348267109
10 18 : -0.2 1.0 : 0.8209536863
10 18 : 0.2 -1.0 : -0.8755816474
10 18 : 0.2 -0.6 : -0.3811842874
10 18 : 0.2 -0.2 : -0.02157437435
10 18 : 0.2 0.2 : 0.02699770236
10 18 : 0.2 0.6 : 0.3866076154
10 18 : 0.2 1.0 : 0.8810049754
10 18 : 0.6 -1.0 : -0.8604687754
10 18 : 0.6 -0.6 : -0.3477294367
10 18 : 0.6 -0.2 : 0.03289351159
10 18 : 0.6 0.2 : 0.1033869286
10 18 : 0.6 0.6 : 0.4840098769
10 18 : 0.6 1.0 : 0.9967492156
10 18 : 1.0 -1.0 : -0.693999881
10 18 : 1.0 -0.6 : -0.1723982453
10 18 : 1.0 -0.2 : 0.2265666817
10 18 : 1.0 0.2 : 0.3187708814
10 18 : 1.0 0.6 : 0.7177358084
10 18 : 1.0 1.0 : 1.239337444
10 19 : -1.0 -1.0 : -0.5158647232
10 19 : -1.0 -0.6 : -0.9800837237
10 19 : -1.0 -0.2 : -0.7071822944
10 19 : -1.0 0.2 : 0.165652294
10 19 : -1.0 0.6 : 0.4681095039
10 19 : -1.0 1.0 : 0.0583358567
10 19 : -0.6 -1.0 : -0.3530025633
10 19 : -0.6 -0.6 : -0.7993100417
10 19 : -0.6 -0.2 : -0.5097072523
10 19 : -0.6 0.2 : 0.3759817566
10 19 : -0.6 0.6 : 0.6854170171
10 19 : -0.6 1.0 : 0.2756433699
10 19 : -0.2 -1.0 : -0.321446807
10 19 : -0.2 -0.6 : -0.7510529253
10 19 : -0.2 -0.2 : -0.4485957155
10 19 : -0.2 0.2 : 0.4440713441
10 19 : -0.2 0.6 : 0.7535066046
10 19 : -0.2 1.0 : 0.3367549068
10 19 : 0.2 -1.0 : -0.3367549068
10 19 : 0.2 -0.6 : -0.7535066046
10 19 : 0.2 -0.2 : -0.4440713441
10 19 : 0.2 0.2 : 0.4485957155
10 19 : 0.2 0.6 : 0.7510529253
10 19 : 0.2 1.0 : 0.321446807
10 19 : 0.6 -1.0 : -0.2756433699
10 19 : 0.6 -0.6 : -0.6854170171
10 19 : 0.6 -0.2 : -0.3759817566
10 19 : 0.6 0.2 : 0.5097072523
10 19 : 0.6 0.6 : 0.7993100417
10 19 : 0.6 1.0 : 0.3530025633
10 19 : 1.0 -1.0 : -0.0583358567
10 19 : 1.0 -0.6 : -0.4681095039
10 19 : 1.0 -0.2 : -0.165652294
10 19 : 1.0 0.2 : 0.7071822944
10 19 : 1.0 0.6 : 0.9800837237
10 19 : 1.0 1.0 : 0.5158647232
10 20 : -1.0 -1.0 : 0.3721558031
10 20 : -1.0 -0.6 : -0.01064240091
10 20 : -1.0 -0.2 : -0.2330328154
10 20 : -1.0 0.2 : -0.2619780136
10 20 : -1.0 0.6 : -0.09290818516
10 20 : -1.0 1.0 : 0.2495573912
10 20 : -0.6 -1.0 : 0.5185097776
10 20 : -0.6 -0.6 : 0.1607196223
10 20 : -0.6 -0.2 : -0.03835237046
10 20 : -0.6 0.2 : -0.04935023995
10 20 : -0.6 0.6 : 0.1294623356
10 20 : -0.6 1.0 : 0.471927912
10 20 : -0.2 -1.0 : 0.5366451655
10 20 : -0.2 -0.6 : 0.2021734319
10 20 : -0.2 -0.2 : 0.02104876783
10 20 : -0.2 0.2 : 0.01979364547
10 20 : -0.2 0.6 : 0.198606221
10 20 : -0.2 1.0 : 0.5313290503
10 20 : 0.2 -1.0 : 0.5131232953
10 20 : 0.2 -0.6 : 0.1965988904
10 20 : 0.2 -0.2 : 0.02521697348
10 20 : 0.2 0.2 : 0.02396185112
10 20 : 0.2 0.6 : 0.1930316795
10 20 : 0.2 1.0 : 0.5078071801
10 20 : 0.6 -1.0 : 0.5725244336
10 20 : 0.6 -0.6 : 0.2657427758
10 20 : 0.6 -0.2 : 0.09436085889
10 20 : 0.6 0.2 : 0.0833629894
10 20 : 0.6 0.6 : 0.2344854891
10 20 : 0.6 1.0 : 0.525942568
10 20 : 1.0 -1.0 : 0.7948949544
10 20 : 1.0 -0.6 : 0.4881132966
10 20 : 1.0 -0.2 : 0.3069886325
10 20 : 1.0 0.2 : 0.2780434343
10 20 : 1.0 0.6 : 0.4058475123
10 20 : 1.0 1.0 : 0.6722965425
10 21 : -1.0 -1.0 : -1.200522298
10 21 : -1.0 -0.6 : -0.882650685
10 21 : -1.0 -0.2 : -0.4854084001
10 21 : -1.0 0.2 : -0.05992916298
10 21 : -1.0 0.6 : 0.3373131219
10 21 : -1.0 1.0 : 0.6551847348
10 21 : -0.6 -1.0 : -1.00848802
10 21 : -0.6 -0.6 : -0.6865060172
10 21 : -0.6 -0.2 : -0.2838297098
10 21 : -0.6 0.2 : 0.1475492696
10 21 : -0.6 0.6 : 0.550225577
10 21 : -0.6 1.0 : 0.8722075798
10 21 : -0.2 -1.0 : -0.9595771709
10 21 : -0.2 -0.6 : -0.6321611456
10 21 : -0.2 -0.2 : -0.2223009457
10 21 : -0.2 0.2 : 0.2168776177
10 21 : -0.2 0.6 : 0.6267378176
10 21 : -0.2 1.0 : 0.9541538429
10 21 : 0.2 -1.0 : -0.9720871905
10 21 : 0.2 -0.6 : -0.6387714229
10 21 : 0.2 -0.2 : -0.2211116391
10 21 : 0.2 0.2 : 0.2265349671
10 21 : 0.2 0.6 : 0.6441947509
10 21 : 0.2 1.0 : 0.9775105185
10 21 : 0.6 -1.0 : -0.9231763414
10 21 : 0.6 -0.6 : -0.5844265513
10 21 : 0.6 -0.2 : -0.159582875
10 21 : 0.6 0.2 : 0.2958633152
10 21 : 0.6 0.6 : 0.7207069915
10 21 : 0.6 1.0 : 1.059456782
10 21 : 1.0 -1.0 : -0.7311420635
10 21 : 1.0 -0.6 : -0.3882818835
10 21 : 1.0 -0.2 : 0.04199581537
10 21 : 1.0 0.2 : 0.5033417477
10 21 : 1.0 0.6 : 0.9336194466
10 21 : 1.0 1.0 : 1.276479627
10 22 : -1.0 -1.0 : -1.015319877
10 22 : -1.0 -0.6 : -0.5638919605
10 22 : -1.0 -0.2 : -0.2872566625
10 22 : -1.0 0.2 : -0.2591546662
10 22 : -1.0 0.6 : 0.009145646038
10 22 : -1.0 1.0 : 0.445219502
10 22 : -0.6 -1.0 : -0.8031142852
10 22 : -0.6 -0.6 : -0.3564464739
10 22 : -0.6 -0.2 : -0.08239520948
10 22 : -0.6 0.2 : -0.05429321322
10 22 : -0.6 0.6 : 0.2165911326
10 22 : -0.6 1.0 : 0.6574250937
10 22 : -0.2 -1.0 : -0.7335182362
10 22 : -0.2 -0.6 : -0.2894344585
10 22 : -0.2 -0.2 : -0.01678594246
10 22 : -0.2 0.2 : 0.0113160538
10 22 : -0.2 0.6 : 0.283603148
10 22 : -0.2 1.0 : 0.7270211426
10 22 : 0.2 -1.0 : -0.7280949082
10 22 : 0.2 -0.6 : -0.2840111305
10 22 : 0.2 -0.2 : -0.01136261445
10 22 : 0.2 0.2 : 0.01673938181
10 22 : 0.2 0.6 : 0.289026476
10 22 : 0.2 1.0 : 0.7324444706
10 22 : 0.6 -1.0 : -0.666833845
10 22 : 0.6 -0.6 : -0.2201660337
10 22 : 0.6 -0.2 : 0.05388523073
10 22 : 0.6 0.2 : 0.08198722699
10 22 : 0.6 0.6 : 0.3528715728
10 22 : 0.6 1.0 : 0.7937055339
10 22 : 1.0 -1.0 : -0.4699823138
10 22 : 1.0 -0.6 : -0.01855439737
10 22 : 1.0 -0.2 : 0.2580809006
10 22 : 1.0 0.2 : 0.2861828969
10 22 : 1.0 0.6 : 0.5544832091
10 22 : 1.0 1.0 : 0.9905570651
10 23 : -1.0 -1.0 : -1.033366532
10 23 : -1.0 -0.6 : -0.7714985491
10 23 : -1.0 -0.2 : -0.4462935673
10 23 : -1.0 0.2 : -0.09904399578
10 23 : -1.0 0.6 : 0.226160986
10 23 : -1.0 1.0 : 0.488028969
10 23 : -0.6 -1.0 : -0.8320316503
10 23 : -0.6 -0.6 : -0.5694200104
10 23 : -0.6 -0.2 : -0.2426759083
10 23 : -0.6 0.2 : 0.1063954681
10 23 : -0.6 0.6 : 0.4331395702
10 23 : -0.6 1.0 : 0.6957512101
10 23 : -0.2 -1.0 : -0.7708252062
10 23 : -0.2 -0.6 : -0.506674446
10 23 : -0.2 -0.2 : -0.1781670888
10 23 : -0.2 0.2 : 0.1727437608
10 23 : -0.2 0.6 : 0.501251118
10 23 : -0.2 1.0 : 0.7654018782
10 23 : 0.2 -1.0 : -0.7699858439
10 23 : 0.2 -0.6 : -0.5040132789
10 23 : 0.2 -0.2 : -0.1736664484
10 23 : 0.2 0.2 : 0.1790897764
10 23 : 0.2 0.6 : 0.5094366069
10 23 : 0.2 1.0 : 0.7754091719
10 23 : 0.6 -1.0 : -0.7087793998
10 23 : 0.6 -0.6 : -0.4412677145
10 23 : 0.6 -0.2 : -0.109157629
10 23 : 0.6 0.2 : 0.2454380692
10 23 : 0.6 0.6 : 0.5775481547
10 23 : 0.6 1.0 : 0.8450598401
10 23 : 1.0 -1.0 : -0.5074445181
10 23 : 1.0 -0.6 : -0.2391891758
10 23 : 1.0 -0.2 : 0.09446003007
10 23 : 1.0 0.2 : 0.450877533
10 23 : 1.0 0.6 : 0.7845267389
10 23 : 1.0 1.0 : 1.052782081
10 24 : -1.0 -1.0 : 0.01413259434
10 24 : -1.0 -0.6 : -0.167073343
10 24 : -1.0 -0.2 : -0.2608040745
10 24 : -1.0 0.2 : -0.2608040745
10 24 : -1.0 0.6 : -0.167073343
10 24 : -1.0 1.0 : 0.01413259434
10 24 : -0.6 -1.0 : 0.2332791674
10 24 : -0.6 -0.6 : 0.04300940335
10 24 : -0.6 -0.2 : -0.05564164653
10 24 : -0.6 0.2 : -0.05564164653
10 24 : -0.6 0.6 : 0.04300940335
10 24 : -0.6 1.0 : 0.2332791674
10 24 : -0.2 -1.0 : 0.3066431435
10 24 : -0.2 -0.6 : 0.111453061
10 24 : -0.2 -0.2 : 0.01013100544
10 24 : -0.2 0.2 : 0.01013100544
10 24 : -0.2 0.6 : 0.111453061
10 24 : -0.2 1.0 : 0.3066431435
10 24 : 0.2 -1.0 : 0.3120664715
10 24 : 0.2 -0.6 : 0.1168763891
10 24 : 0.2 -0.2 : 0.01555433345
10 24 : 0.2 0.2 : 0.01555433345
10 24 : 0.2 0.6 : 0.1168763891
10 24 : 0.2 1.0 : 0.3120664715
10 24 : 0.6 -1.0 : 0.3695596076
10 24 : 0.6 -0.6 : 0.1792898436
10 24 : 0.6 -0.2 : 0.08063879369
10 24 : 0.6 0.2 : 0.08063879369
10 24 : 0.6 0.6 : 0.1792898436
10 24 : 0.6 1.0 : 0.3695596076
10 24 : 1.0 -1.0 : 0.5594701574
10 24 : 1.0 -0.6 : 0.3782642201
10 24 : 1.0 -0.2 : 0.2845334886
10 24 : 1.0 0.2 : 0.2845334886
10 24 : 1.0 0.6 : 0.3782642201
10 24 : 1.0 1.0 : 0.5594701574
11 12 : -1.0 -1.0 : -1.147708126
11 12 : -1.0 -0.6 : -1.277697525
11 12 : -1.0 -0.2 : -0.5697499821
11 12 : -1.0 0.2 : -0.4540381946
11 12 : -1.0 0.6 : 0.2244283582
11 12 : -1.0 1.0 : 0.04013137844
11 12 : -0.6 -1.0 : -1.928422214
11 12 : -0.6 -0.6 : -2.067344713
11 12 : -0.6 -0.2 : -1.364246522
11 12 : -0.6 0.2 : -1.248534734
11 12 : -0.6 0.6 : -0.5652188293
11 12 : -0.6 1.0 : -0.7405827104
11 12 : -0.2 -1.0 : -1.412216826
11 12 : -0.2 -0.6 : -1.56294907
11 12 : -0.2 -0.2 : -0.8662618254
11 12 : -0.2 0.2 : -0.7505500379
11 12 : -0.2 0.6 : -0.06082318642
11 12 : -0.2 1.0 : -0.2243773224
11 12 : 0.2 -1.0 : 0.2243773224
11 12 : 0.2 -0.6 : 0.06082318642
11 12 : 0.2 -0.2 : 0.7505500379
11 12 : 0.2 0.2 : 0.8662618254
11 12 : 0.2 0.6 : 1.56294907
11 12 : 0.2 1.0 : 1.412216826
11 12 : 0.6 -1.0 : 0.7405827104
11 12 : 0.6 -0.6 : 0.5652188293
11 12 : 0.6 -0.2 : 1.248534734
11 12 : 0.6 0.2 : 1.364246522
11 12 : 0.6 0.6 : 2.067344713
11 12 : 0.6 1.0 : 1.928422214
11 12 : 1.0 -1.0 : -0.04013137844
11 12 : 1.0 -0.6 : -0.2244283582
11 12 : 1.0 -0.2 : 0.4540381946
11 12 : 1.0 0.2 : 0.5697499821
11 12 : 1.0 0.6 : 1.277697525
11 12 : 1.0 1.0 : 1.147708126
11 13 : -1.0 -1.0 : -1.47868732
11 13 : -1.0 -0.6 : -0.8406505572
11 13 : -1.0 -0.2 : -0.5477481191
11 13 : -1.0 0.2 : -0.4722421298
11 13 : -1.0 0.6 : -0.1793396916
11 13 : -1.0 1.0 : 0.4586970712
11 13 : -0.6 -1.0 : -2.236553539
11 13 : -0.6 -0.6 : -1.607191715
11 13 : -0.6 -0.2 : -1.332243486
11 13 : -0.6 0.2 : -1.277989291
11 13 : -0.6 0.6 : -1.003041062
11 13 : -0.6 1.0 : -0.3736792381
11 13 : -0.2 -1.0 : -1.690142784
11 13 : -0.2 -0.6 : -1.07873517
11 13 : -0.2 -0.2 : -0.8243557387
11 13 : -0.2 0.2 : -0.7915594428
11 13 : -0.2 0.6 : -0.5371800117
11 13 : -0.2 1.0 : 0.07422760281
11 13 : 0.2 -1.0 : -0.02075453502
11 13 : 0.2 -0.6 : 0.5694012859
11 13 : 0.2 -0.2 : 0.8023228171
11 13 : 0.2 0.2 : 0.8135923643
11 13 : 0.2 0.6 : 1.046513896
11 13 : 0.2 1.0 : 1.636669716
11 13 : 0.6 -1.0 : 0.5256562198
11 13 : 0.6 -0.6 : 1.097857831
11 13 : 0.6 -0.2 : 1.310210565
11 13 : 0.6 0.2 : 1.300022212
11 13 : 0.6 0.6 : 1.512374946
11 13 : 0.6 1.0 : 2.084576557
11 13 : 1.0 -1.0 : -0.2322099992
11 13 : 1.0 -0.6 : 0.3313166734
11 13 : 1.0 -0.2 : 0.5257151976
11 13 : 1.0 0.2 : 0.4942750513
11 13 : 1.0 0.6 : 0.6886735755
11 13 : 1.0 1.0 : 1.252200248
11 14 : -1.0 -1.0 : -1.055309584
11 14 : -1.0 -0.6 : -2.193896754
11 14 : -1.0 -0.2 : -1.615923037
11 14 : -1.0 0.2 : 0.5969891686
11 14 : -1.0 0.6 : 1.183162922
11 14 : -1.0 1.0 : 0.05968122004
11 14 : -0.6 -1.0 : -1.861990888
11 14 : -0.6 -0.6 : -2.995608637
11 14 : -0.6 -0.2 : -2.413001249
11 14 : -0.6 0.2 : -0.1965226777
11 14 : -0.6 0.6 : 0.3915870855
11 14 : -0.6 1.0 : -0.7318946167
11 14 : -0.2 -1.0 : -1.374229853
11 14 : -0.2 -0.6 : -2.50321393
11 14 : -0.2 -0.2 : -1.917040176
11 14 : -0.2 0.2 : 0.301374404
11 14 : -0.2 0.6 : 0.8894841671
11 14 : -0.2 1.0 : -0.2359335445
11 14 : 0.2 -1.0 : 0.2359335445
11 14 : 0.2 -0.6 : -0.8894841671
11 14 : 0.2 -0.2 : -0.301374404
11 14 : 0.2 0.2 : 1.917040176
11 14 : 0.2 0.6 : 2.50321393
11 14 : 0.2 1.0 : 1.374229853
11 14 : 0.6 -1.0 : 0.7318946167
11 14 : 0.6 -0.6 : -0.3915870855
11 14 : 0.6 -0.2 : 0.1965226777
11 14 : 0.6 0.2 : 2.413001249
11 14 : 0.6 0.6 : 2.995608637
11 14 : 0.6 1.0 : 1.861990888
11 14 : 1.0 -1.0 : -0.05968122004
11 14 : 1.0 -0.6 : -1.183162922
11 14 : 1.0 -0.2 : -0.5969891686
11 14 : 1.0 0.2 : 1.615923037
11 14 : 1.0 0.6 : 2.193896754
11 14 : 1.0 1.0 : 1.055309584
11 15 : -1.0 -1.0 : -0.7274368548
11 15 : -1.0 -0.6 : -0.5579095906
11 15 : -1.0 -0.2 : -0.5092981876
11 15 : -1.0 0.2 : -0.5106920613
11 15 : -1.0 0.6 : -0.4620806582
11 15 : -1.0 1.0 : -0.2925533941
11 15 : -0.6 -1.0 : -1.52661186
11 15 : -0.6 -0.6 : -1.356140671
11 15 : -0.6 -0.2 : -1.305575661
11 15 : -0.6 0.2 : -1.304657116
11 15 : -0.6 0.6 : -1.254092106
11 15 : -0.6 1.0 : -1.083620917
11 15 : -0.2 -1.0 : -1.034812193
11 15 : -0.2 -0.6 : -0.8623873973
11 15 : -0.2 -0.2 : -0.8095842858
11 15 : -0.2 0.2 : -0.8063308956
11 15 : -0.2 0.6 : -0.7535277842
11 15 : -0.2 1.0 : -0.5811029885
11 15 : 0.2 -1.0 : 0.5752845563
11 15 : 0.2 -0.6 : 0.7500217706
11 15 : 0.2 -0.2 : 0.8051597273
11 15 : 0.2 0.2 : 0.8107554542
11 15 : 0.2 0.6 : 0.8658934109
11 15 : 0.2 1.0 : 1.040630625
11 15 : 0.6 -1.0 : 1.067084223
11 15 : 0.6 -0.6 : 1.243775044
11 15 : 0.6 -0.2 : 1.301151102
11 15 : 0.6 0.2 : 1.309081675
11 15 : 0.6 0.6 : 1.366457733
11 15 : 0.6 1.0 : 1.543148554
11 15 : 1.0 -1.0 : 0.2679092181
11 15 : 1.0 -0.6 : 0.4455439639
11 15 : 1.0 -0.2 : 0.504873629
11 15 : 1.0 0.2 : 0.5151166199
11 15 : 1.0 0.6 : 0.5744462849
11 15 : 1.0 1.0 : 0.7520810307
11 16 : -1.0 -1.0 : -1.360933907
11 16 : -1.0 -0.6 : -0.7879354542
11 16 : -1.0 -0.2 : -0.5126954306
11 16 : -1.0 0.2 : -0.5072948183
11 16 : -1.0 0.6 : -0.2320547947
11 16 : -1.0 1.0 : 0.3409436581
11 16 : -0.6 -1.0 : -2.172389323
11 16 : -0.6 -0.6 : -1.594017234
11 16 : -0.6 -0.2 : -1.31167315
11 16 : -0.6 0.2 : -1.298559627
11 16 : -0.6 0.6 : -1.016215543
11 16 : -0.6 1.0 : -0.4378434544
11 16 : -0.2 -1.0 : -1.696824618
11 16 : -0.2 -0.6 : -1.111348469
11 16 : -0.2 -0.2 : -0.8196126669
11 16 : -0.2 0.2 : -0.7963025146
11 16 : -0.2 0.6 : -0.5045667124
11 16 : -0.2 1.0 : 0.08090943704
11 16 : 0.2 -1.0 : -0.1043542401
11 16 : 0.2 -0.6 : 0.4888348193
11 16 : 0.2 -0.2 : 0.7907672514
11 16 : 0.2 0.2 : 0.82514793
11 16 : 0.2 0.6 : 1.127080362
11 16 : 0.2 1.0 : 1.720269422
11 16 : 0.6 -1.0 : 0.3712104641
11 16 : 0.6 -0.6 : 0.971503584
11 16 : 0.6 -0.2 : 1.282827734
11 16 : 0.6 0.2 : 1.327405043
11 16 : 0.6 0.6 : 1.638729193
11 16 : 0.6 1.0 : 2.239022313
11 16 : 1.0 -1.0 : -0.4402449517
11 16 : 1.0 -0.6 : 0.1654218044
11 16 : 1.0 -0.2 : 0.4838500152
11 16 : 1.0 0.2 : 0.5361402337
11 16 : 1.0 0.6 : 0.8545684445
11 16 : 1.0 1.0 : 1.460235201
11 17 : -1.0 -1.0 : -0.9905281641
11 17 : -1.0 -0.6 : -0.6428643269
11 17 : -1.0 -0.2 : -0.5165932877
11 17 : -1.0 0.2 : -0.5069614729
11 17 : -1.0 0.6 : -0.408359558
11 17 : -1.0 1.0 : -0.1116656231
11 17 : -0.6 -1.0 : -1.7721277
11 17 : -0.6 -0.6 : -1.432847944
11 17 : -0.6 -0.2 : -1.311128222
11 17 : -0.6 0.2 : -1.301496408
11 17 : -0.6 0.6 : -1.198343176
11 17 : -0.6 1.0 : -0.8932651594
11 17 : -0.2 -1.0 : -1.257092893
11 17 : -0.2 -0.6 : -0.9288970694
11 17 : -0.2 -0.2 : -0.8131942846
11 17 : -0.2 0.2 : -0.8035624698
11 17 : -0.2 0.6 : -0.6943923005
11 17 : -0.2 1.0 : -0.3782303517
11 17 : 0.2 -1.0 : 0.3782303517
11 17 : 0.2 -0.6 : 0.6943923005
11 17 : 0.2 -0.2 : 0.8035624698
11 17 : 0.2 0.2 : 0.8131942846
11 17 : 0.2 0.6 : 0.9288970694
11 17 : 0.2 1.0 : 1.257092893
11 17 : 0.6 -1.0 : 0.8932651594
11 17 : 0.6 -0.6 : 1.198343176
11 17 : 0.6 -0.2 : 1.301496408
11 17 : 0.6 0.2 : 1.311128222
11 17 : 0.6 0.6 : 1.432847944
11 17 : 0.6 1.0 : 1.7721277
11 17 : 1.0 -1.0 : 0.1116656231
11 17 : 1.0 -0.6 : 0.408359558
11 17 : 1.0 -0.2 : 0.5069614729
11 17 : 1.0 0.2 : 0.5165932877
11 17 : 1.0 0.6 : 0.6428643269
11 17 : 1.0 1.0 : 0.9905281641
11 18 : -1.0 -1.0 : -1.484103739
11 18 : -1.0 -0.6 : -0.9421352776
11 18 : -1.0 -0.2 : -0.5459880791
11 18 : -1.0 0.2 : -0.4793413047
11 18 : -1.0 0.6 : -0.1246385442
11 18 : -1.0 1.0 : 0.3409842064
11 18 : -0.6 -1.0 : -2.22079851
11 18 : -0.6 -0.6 : -1.703946387
11 18 : -0.6 -0.2 : -1.331218583
11 18 : -0.6 0.2 : -1.282596852
11 18 : -0.6 0.6 : -0.9376790264
11 18 : -0.6 1.0 : -0.4720562758
11 18 : -0.2 -1.0 : -1.676141757
11 18 : -0.2 -0.6 : -1.182709028
11 18 : -0.2 -0.2 : -0.8280062673
11 18 : -0.2 0.2 : -0.7891694714
11 18 : -0.2 0.6 : -0.4442516459
11 18 : -0.2 1.0 : 0.03115603963
11 18 : 0.2 -1.0 : -0.03115603963
11 18 : 0.2 -0.6 : 0.4442516459
11 18 : 0.2 -0.2 : 0.7891694714
11 18 : 0.2 0.2 : 0.8280062673
11 18 : 0.2 0.6 : 1.182709028
11 18 : 0.2 1.0 : 1.676141757
11 18 : 0.6 -1.0 : 0.4720562758
11 18 : 0.6 -0.6 : 0.9376790264
11 18 : 0.6 -0.2 : 1.282596852
11 18 : 0.6 0.2 : 1.331218583
11 18 : 0.6 0.6 : 1.703946387
11 18 : 0.6 1.0 : 2.22079851
11 18 : 1.0 -1.0 : -0.3409842064
11 18 : 1.0 -0.6 : 0.1246385442
11 18 : 1.0 -0.2 : 0.4793413047
11 18 : 1.0 0.2 : 0.5459880791
11 18 : 1.0 0.6 : 0.9421352776
11 18 : 1.0 1.0 : 1.484103739
11 19 : -1.0 -1.0 : -0.8302298259
11 19 : -1.0 -0.6 : -1.259460272
11 19 : -1.0 -0.2 : -0.9563111263
11 19 : -1.0 0.2 : -0.06274511007
11 19 : -1.0 0.6 : 0.2476542029
11 19 : -1.0 1.0 : -0.1682205494
11 19 : -0.6 -1.0 : -1.632028937
11 19 : -0.6 -0.6 : -2.057118816
11 19 : -0.6 -0.2 : -1.751721955
11 19 : -0.6 0.2 : -0.8581559391
11 19 : -0.6 0.6 : -0.5500043417
11 19 : -0.6 1.0 : -0.9700196602
11 19 : -0.2 -1.0 : -1.138495223
11 19 : -0.2 -0.6 : -1.561337387
11 19 : -0.2 -0.2 : -1.254720349
11 19 : -0.2 0.2 : -0.3611543323
11 19 : -0.2 0.6 : -0.05422291219
11 19 : -0.2 1.0 : -0.4764859462
11 19 : 0.2 -1.0 : 0.4774199587
11 19 : 0.2 -0.6 : 0.05457779481
11 19 : 0.2 -0.2 : 0.3611948329
11 19 : 0.2 0.2 : 1.254760849
11 19 : 0.2 0.6 : 1.561692269
11 19 : 0.2 1.0 : 1.139429235
11 19 : 0.6 -1.0 : 0.9782038404
11 19 : 0.6 -0.6 : 0.553113961
11 19 : 0.6 -0.2 : 0.8585108217
11 19 : 0.6 0.2 : 1.752076838
11 19 : 0.6 0.6 : 2.060228435
11 19 : 0.6 1.0 : 1.640213117
11 19 : 1.0 -1.0 : 0.189760423
11 19 : 1.0 -0.6 : -0.2394700227
11 19 : 1.0 -0.2 : 0.06367912257
11 19 : 1.0 0.2 : 0.9572451388
11 19 : 1.0 0.6 : 1.267644452
11 19 : 1.0 1.0 : 0.8517696995
11 20 : -1.0 -1.0 : 0.02580781382
11 20 : -1.0 -0.6 : -0.3072340104
11 20 : -1.0 -0.2 : -0.4869010989
11 20 : -1.0 0.2 : -0.4869010989
11 20 : -1.0 0.6 : -0.3072340104
11 20 : -1.0 1.0 : 0.02580781382
11 20 : -0.6 -1.0 : -0.773779957
11 20 : -0.6 -0.6 : -1.104052346
11 20 : -0.6 -0.2 : -1.28221604
11 20 : -0.6 0.2 : -1.28221604
11 20 : -0.6 0.6 : -1.104052346
11 20 : -0.6 1.0 : -0.773779957
11 20 : -0.2 -1.0 : -0.2825259754
11 20 : -0.2 -0.6 : -0.6091371115
11 20 : -0.2 -0.2 : -0.7853132868
11 20 : -0.2 0.2 : -0.7853132868
11 20 : -0.2 0.6 : -0.6091371115
11 20 : -0.2 1.0 : -0.2825259754
11 20 : 0.2 -1.0 : 1.326978321
11 20 : 0.2 -0.6 : 1.004342223
11 20 : 0.2 -0.2 : 0.8303239057
11 20 : 0.2 0.2 : 0.8303239057
11 20 : 0.2 0.6 : 1.004342223
11 20 : 0.2 1.0 : 1.326978321
11 20 : 0.6 -1.0 : 1.818232303
11 20 : 0.6 -0.6 : 1.499257457
11 20 : 0.6 -0.2 : 1.327226659
11 20 : 0.6 0.2 : 1.327226659
11 20 : 0.6 0.6 : 1.499257457
11 20 : 0.6 1.0 : 1.818232303
11 20 : 1.0 -1.0 : 1.018644532
11 20 : 1.0 -0.6 : 0.7024391218
11 20 : 1.0 -0.2 : 0.5319117179
11 20 : 1.0 0.2 : 0.5319117179
11 20 : 1.0 0.6 : 0.7024391218
11 20 : 1.0 1.0 : 1.018644532
11 21 : -1.0 -1.0 : -1.436628361
11 21 : -1.0 -0.6 : -1.119158198
11 21 : -1.0 -0.2 : -0.7224466378
11 21 : -1.0 0.2 : -0.2975436111
11 21 : -1.0 0.6 : 0.09916794891
11 21 : -1.0 1.0 : 0.4166381121
11 21 : -0.6 -1.0 : -2.244645358
11 21 : -0.6 -0.6 : -1.924172389
11 21 : -0.6 -0.2 : -1.521246027
11 21 : -0.6 0.2 : -1.08898675
11 21 : -0.6 0.6 : -0.6860603885
11 21 : -0.6 1.0 : -0.3655874187
11 21 : -0.2 -1.0 : -1.764534992
11 21 : -0.2 -0.6 : -1.437847221
11 21 : -0.2 -0.2 : -1.027801027
11 21 : -0.2 0.2 : -0.5881141548
11 21 : -0.2 0.6 : -0.17806796
11 21 : -0.2 1.0 : 0.148619811
11 21 : 0.2 -1.0 : -0.167129369
11 21 : 0.2 -0.6 : 0.166914653
11 21 : 0.2 -0.2 : 0.5843884419
11 21 : 0.2 0.2 : 1.03152674
11 21 : 0.2 0.6 : 1.449000528
11 21 : 0.2 1.0 : 1.78304455
11 21 : 0.6 -1.0 : 0.312980997
11 21 : 0.6 -0.6 : 0.6532398201
11 21 : 0.6 -0.2 : 1.077833443
11 21 : 0.6 0.2 : 1.532399334
11 21 : 0.6 0.6 : 1.956992957
11 21 : 0.6 1.0 : 2.29725178
11 21 : 1.0 -1.0 : -0.4950360004
11 21 : 1.0 -0.6 : -0.1517743707
11 21 : 1.0 -0.2 : 0.2790340531
11 21 : 1.0 0.2 : 0.7409561958
11 21 : 1.0 0.6 : 1.17176462
11 21 : 1.0 1.0 : 1.515026249
11 22 : -1.0 -1.0 : -1.179047784
11 22 : -1.0 -0.6 : -0.7643451978
11 22 : -1.0 -0.2 : -0.5154922767
11 22 : -1.0 0.2 : -0.5018434779
11 22 : -1.0 0.6 : -0.2323853416
11 22 : -1.0 1.0 : 0.220274565
11 22 : -0.6 -1.0 : -2.003217348
11 22 : -0.6 -0.6 : -1.5760275
11 22 : -0.6 -0.2 : -1.315530998
11 22 : -0.6 0.2 : -1.292920565
11 22 : -0.6 0.6 : -1.018597585
11 22 : -0.6 1.0 : -0.5659376787
11 22 : -0.2 -1.0 : -1.529673434
11 22 : -0.2 -0.6 : -1.090840005
11 22 : -0.2 -0.2 : -0.821381869
11 22 : -0.2 0.2 : -0.7939065926
11 22 : -0.2 0.6 : -0.5195836132
11 22 : -0.2 1.0 : -0.0717885497
11 22 : 0.2 -1.0 : 0.0717885497
11 22 : 0.2 -0.6 : 0.5195836132
11 22 : 0.2 -0.2 : 0.7939065926
11 22 : 0.2 0.2 : 0.821381869
11 22 : 0.2 0.6 : 1.090840005
11 22 : 0.2 1.0 : 1.529673434
11 22 : 0.6 -1.0 : 0.5659376787
11 22 : 0.6 -0.6 : 1.018597585
11 22 : 0.6 -0.2 : 1.292920565
11 22 : 0.6 0.2 : 1.315530998
11 22 : 0.6 0.6 : 1.5760275
11 22 : 0.6 1.0 : 2.003217348
11 22 : 1.0 -1.0 : -0.220274565
11 22 : 1.0 -0.6 : 0.2323853416
11 22 : 1.0 -0.2 : 0.5018434779
11 22 : 1.0 0.2 : 0.5154922767
11 22 : 1.0 0.6 : 0.7643451978
11 22 : 1.0 1.0 : 1.179047784
11 23 : -1.0 -1.0 : -1.273032292
11 23 : -1.0 -0.6 : -1.012539343
11 23 : -1.0 -0.2 : -0.6855923861
11 23 : -1.0 0.2 : -0.3337588489
11 23 : -1.0 0.6 : -0.001851618359
11 23 : -1.0 1.0 : 0.2677787587
11 23 : -0.6 -1.0 : -2.07272227
11 23 : -0.6 -0.6 : -1.809396513
11 23 : -0.6 -0.2 : -1.480911759
11 23 : -0.6 0.2 : -1.129078222
11 23 : -0.6 0.6 : -0.7987087878
11 23 : -0.6 1.0 : -0.5319112198
11 23 : -0.2 -1.0 : -1.578043609
11 23 : -0.2 -0.6 : -1.313180055
11 23 : -0.2 -0.2 : -0.9838605049
11 23 : -0.2 0.2 : -0.6320269676
11 23 : -0.2 0.6 : -0.3024923301
11 23 : -0.2 1.0 : -0.03723255873
11 23 : 0.2 -1.0 : 0.03787157256
11 23 : 0.2 -0.6 : 0.3027351265
11 23 : 0.2 -0.2 : 0.6320546766
11 23 : 0.2 0.2 : 0.9838882138
11 23 : 0.2 0.6 : 1.313422851
11 23 : 0.2 1.0 : 1.578682623
11 23 : 0.6 -1.0 : 0.5375105071
11 23 : 0.6 -0.6 : 0.8008362644
11 23 : 0.6 -0.2 : 1.129321018
11 23 : 0.6 0.2 : 1.481154555
11 23 : 0.6 0.6 : 1.811523989
11 23 : 0.6 1.0 : 2.078321557
11 23 : 1.0 -1.0 : -0.2530420426
11 23 : 1.0 -0.6 : 0.007450905625
11 23 : 1.0 -0.2 : 0.3343978627
11 23 : 1.0 0.2 : 0.6862314
11 23 : 1.0 0.6 : 1.018138631
11 23 : 1.0 1.0 : 1.287769008
11 24 : -1.0 -1.0 : -0.1323535945
11 24 : -1.0 -0.6 : -0.350306307
11 24 : -1.0 -0.2 : -0.4812271515
11 24 : -1.0 0.2 : -0.5129891013
11 24 : -1.0 0.6 : -0.4405776429
11 24 : -1.0 1.0 : -0.2668824574
11 24 : -0.6 -1.0 : -0.9496036221
11 24 : -0.6 -0.6 : -1.160276378
11 24 : -0.6 -0.2 : -1.281572965
11 24 : -0.6 0.2 : -1.302885816
11 24 : -0.6 0.6 : -1.220850101
11 24 : -0.6 1.0 : -1.039874958
11 24 : -0.2 -1.0 : -0.4816995173
11 24 : -0.2 -0.6 : -0.6827480156
11 24 : -0.2 -0.2 : -0.7913211317
11 24 : -0.2 0.2 : -0.7988200537
11 24 : -0.2 0.6 : -0.7040608668
11 24 : -0.2 1.0 : -0.5134614671
11 24 : 0.2 -1.0 : 1.102453714
11 24 : 0.2 -0.6 : 0.9118543147
11 24 : 0.2 -0.2 : 0.8170951278
11 24 : 0.2 0.2 : 0.8245940498
11 24 : 0.2 0.6 : 0.9331671659
11 24 : 0.2 1.0 : 1.134215664
11 24 : 0.6 -1.0 : 1.570357819
11 24 : 0.6 -0.6 : 1.389382677
11 24 : 0.6 -0.2 : 1.307346961
11 24 : 0.6 0.2 : 1.328659812
11 24 : 0.6 0.6 : 1.4499564
11 24 : 0.6 1.0 : 1.660629155
11 24 : 1.0 -1.0 : 0.7531077915
11 24 : 1.0 -0.6 : 0.579412606
11 24 : 1.0 -0.2 : 0.5070011476
11 24 : 1.0 0.2 : 0.5387630974
11 24 : 1.0 0.6 : 0.6696839419
11 24 : 1.0 1.0 : 0.8876366544
12 13 : -1.0 -1.0 : -1.443584521
12 13 : -1.0 -0.6 : -0.8447055973
12 13 : -1.0 -0.2 : -0.6035706498
12 13 : -1.0 0.2 : -0.5842688542
12 13 : -1.0 0.6 : -0.3431339067
12 13 : -1.0 1.0 : 0.2557450173
12 13 : -0.6 -1.0 : -1.602630505
12 13 : -0.6 -0.6 : -1.003125597
12 13 : -0.6 -0.2 : -0.7611630846
12 13 : -0.6 0.2 : -0.7409627987
12 13 : -0.6 0.6 : -0.4990002868
12 13 : -0.6 1.0 : 0.1005046214
12 13 : -0.2 -1.0 : -0.9119389904
12 13 : -0.2 -0.6 : -0.3116065179
12 13 : -0.2 -0.2 : -0.06854994831
12 13 : -0.2 0.2 : -0.04716183923
12 13 : -0.2 0.6 : 0.1958947303
12 13 : -0.2 1.0 : 0.7962272029
12 13 : 0.2 -1.0 : -0.7989583289
12 13 : 0.2 -0.6 : -0.197727366
12 13 : 0.2 -0.2 : 0.04651702678
12 13 : 0.2 0.2 : 0.06919476077
12 13 : 0.2 0.6 : 0.3134391535
12 13 : 0.2 1.0 : 0.9146701164
12 13 : 0.6 -1.0 : -0.1082668146
12 13 : 0.6 -0.6 : 0.4937917127
12 13 : 0.6 -0.2 : 0.7391301631
12 13 : 0.6 0.2 : 0.7629957202
12 13 : 0.6 0.6 : 1.008334171
12 13 : 0.6 1.0 : 1.610392698
12 13 : 1.0 -1.0 : -0.267312798
12 13 : 1.0 -0.6 : 0.3353717135
12 13 : 1.0 -0.2 : 0.5815377282
12 13 : 1.0 0.2 : 0.6063017758
12 13 : 1.0 0.6 : 0.8524677905
12 13 : 1.0 1.0 : 1.455152302
12 14 : -1.0 -1.0 : -1.166796899
12 14 : -1.0 -0.6 : -2.291839387
12 14 : -1.0 -0.2 : -1.70339054
12 14 : -1.0 0.2 : 0.5152734494
12 14 : -1.0 0.6 : 1.101567561
12 14 : -1.0 1.0 : -0.02744421008
12 14 : -0.6 -1.0 : -1.321955447
12 14 : -0.6 -0.6 : -2.448228502
12 14 : -0.6 -0.2 : -1.860447672
12 14 : -0.6 0.2 : 0.3582163179
12 14 : -0.6 0.6 : 0.9451784462
12 14 : -0.6 1.0 : -0.1826027577
12 14 : -0.2 -1.0 : -0.6276710315
12 14 : -0.2 -0.6 : -1.754612103
12 14 : -0.2 -0.2 : -1.167193907
12 14 : -0.2 0.2 : 1.051470083
12 14 : -0.2 0.6 : 1.638794845
12 14 : -0.2 1.0 : 0.5116816574
12 14 : 0.2 -1.0 : -0.511959244
12 14 : 0.2 -0.6 : -1.638900315
12 14 : 0.2 -0.2 : -1.051482119
12 14 : 0.2 0.2 : 1.16718187
12 14 : 0.2 0.6 : 1.754506633
12 14 : 0.2 1.0 : 0.627393445
12 14 : 0.6 -1.0 : 0.1801704366
12 14 : 0.6 -0.6 : -0.9461026185
12 14 : 0.6 -0.2 : -0.3583217883
12 14 : 0.6 0.2 : 1.860342201
12 14 : 0.6 0.6 : 2.44730433
12 14 : 0.6 1.0 : 1.319523126
12 14 : 1.0 -1.0 : 0.02104260497
12 14 : 1.0 -0.6 : -1.103999883
12 14 : 1.0 -0.2 : -0.515551036
12 14 : 1.0 0.2 : 1.703112953
12 14 : 1.0 0.6 : 2.289407065
12 14 : 1.0 1.0 : 1.160395294
12 15 : -1.0 -1.0 : -0.8968738528
12 15 : -1.0 -0.6 : -0.6992145881
12 15 : -1.0 -0.2 : -0.6134120857
12 15 : -1.0 0.2 : -0.5744274183
12 15 : -1.0 0.6 : -0.488624916
12 15 : -1.0 1.0 : -0.2909656512
12 15 : -0.6 -1.0 : -1.029938783
12 15 : -0.6 -0.6 : -0.8378862062
12 15 : -0.6 -0.2 : -0.7636876658
12 15 : -0.6 0.2 : -0.7384382175
12 15 : -0.6 0.6 : -0.6642396771
12 15 : -0.6 1.0 : -0.4721871006
12 15 : -0.2 -1.0 : -0.3048997666
12 15 : -0.2 -0.6 : -0.124451152
12 15 : -0.2 -0.2 : -0.0635464043
12 15 : -0.2 0.2 : -0.05216538325
12 15 : -0.2 0.6 : 0.008739364474
12 15 : -0.2 1.0 : 0.189187979
12 15 : 0.2 -1.0 : -0.1546278701
12 15 : 0.2 -0.6 : 0.01208552533
12 15 : 0.2 -0.2 : 0.05912184572
12 15 : 0.2 0.2 : 0.05658994182
12 15 : 0.2 0.6 : 0.1036262622
12 15 : 0.2 1.0 : 0.2703396577
12 15 : 0.6 -1.0 : 0.570411146
12 15 : 0.6 -0.6 : 0.7255205795
12 15 : 0.6 -0.2 : 0.7592631073
12 15 : 0.6 0.2 : 0.742862776
12 15 : 0.6 0.6 : 0.7766053038
12 15 : 0.6 1.0 : 0.9317147373
12 15 : 1.0 -1.0 : 0.4373462161
12 15 : 1.0 -0.6 : 0.5868489614
12 15 : 1.0 -0.2 : 0.6089875272
12 15 : 1.0 0.2 : 0.5788519768
12 15 : 1.0 0.6 : 0.6009905426
12 15 : 1.0 1.0 : 0.7504932879
12 16 : -1.0 -1.0 : -1.517856364
12 16 : -1.0 -0.6 : -0.9140474529
12 16 : -1.0 -0.2 : -0.6093548408
12 16 : -1.0 0.2 : -0.5805094254
12 16 : -1.0 0.6 : -0.2915338031
12 16 : -1.0 1.0 : 0.2833224951
12 16 : -0.6 -1.0 : -1.660523247
12 16 : -0.6 -0.6 : -1.065690299
12 16 : -0.6 -0.2 : -0.7658703085
12 16 : -0.6 0.2 : -0.7370248931
12 16 : -0.6 0.6 : -0.4431766494
12 16 : -0.6 1.0 : 0.1406556117
12 16 : -0.2 -1.0 : -0.9594577041
12 16 : -0.2 -0.6 : -0.3694973778
12 16 : -0.2 -0.2 : -0.07232250037
12 16 : -0.2 0.2 : -0.04347708496
12 16 : -0.2 0.6 : 0.253016272
12 16 : -0.2 1.0 : 0.8417211545
12 16 : 0.2 -1.0 : -0.8437459166
12 16 : 0.2 -0.6 : -0.2537855903
12 16 : 0.2 -0.2 : 0.04338928718
12 16 : 0.2 0.2 : 0.07223470258
12 16 : 0.2 0.6 : 0.3687280595
12 16 : 0.2 1.0 : 0.957432942
12 16 : 0.6 -1.0 : -0.1583973636
12 16 : 0.6 -0.6 : 0.4364355841
12 16 : 0.6 -0.2 : 0.7362555748
12 16 : 0.6 0.2 : 0.7651009902
12 16 : 0.6 0.6 : 1.058949234
12 16 : 0.6 1.0 : 1.642781495
12 16 : 1.0 -1.0 : -0.3300168595
12 16 : 1.0 -0.6 : 0.2737920511
12 16 : 1.0 -0.2 : 0.5784846632
12 16 : 1.0 0.2 : 0.6073300786
12 16 : 1.0 0.6 : 0.8963057009
12 16 : 1.0 1.0 : 1.471161999
12 17 : -1.0 -1.0 : -0.9663147694
12 17 : -1.0 -0.6 : -0.6661895804
12 17 : -1.0 -0.2 : -0.5829085569
12 17 : -1.0 0.2 : -0.6049309471
12 17 : -1.0 0.6 : -0.5216499237
12 17 : -1.0 1.0 : -0.2215247346
12 17 : -0.6 -1.0 : -1.145511656
12 17 : -0.6 -0.6 : -0.8402512037
12 17 : -0.6 -0.2 : -0.7463419096
12 17 : -0.6 0.2 : -0.7557839737
12 17 : -0.6 0.6 : -0.6618746796
12 17 : -0.6 1.0 : -0.3566142272
12 17 : -0.2 -1.0 : -0.4814600618
12 17 : -0.2 -0.6 : -0.1655713388
12 17 : -0.2 -0.2 : -0.05948602867
12 17 : -0.2 0.2 : -0.05622575888
12 17 : -0.2 0.6 : 0.04985955121
12 17 : -0.2 1.0 : 0.3657482742
12 17 : 0.2 -1.0 : -0.3974024793
12 17 : 0.2 -0.6 : -0.06893343011
12 17 : 0.2 -0.2 : 0.04985421386
12 17 : 0.2 0.2 : 0.06585757368
12 17 : 0.2 0.6 : 0.1846452177
12 17 : 0.2 1.0 : 0.5131142668
12 17 : 0.6 -1.0 : 0.266649115
12 17 : 0.6 -0.6 : 0.6057464349
12 17 : 0.6 -0.2 : 0.7367100948
12 17 : 0.6 0.2 : 0.7654157885
12 17 : 0.6 0.6 : 0.8963794484
12 17 : 0.6 1.0 : 1.235476768
12 17 : 1.0 -1.0 : 0.08745222837
12 17 : 1.0 -0.6 : 0.4316848115
12 17 : 1.0 -0.2 : 0.5732767421
12 17 : 1.0 0.2 : 0.6145627619
12 17 : 1.0 0.6 : 0.7561546925
12 17 : 1.0 1.0 : 1.100387276
12 18 : -1.0 -1.0 : -1.428028724
12 18 : -1.0 -0.6 : -0.9549471388
12 18 : -1.0 -0.2 : -0.6119763384
12 18 : -1.0 0.2 : -0.5744000998
12 18 : -1.0 0.6 : -0.2200724144
12 18 : -1.0 1.0 : 0.273929938
12 18 : -0.6 -1.0 : -1.595632297
12 18 : -0.6 -0.6 : -1.116064802
12 18 : -0.6 -0.2 : -0.7695731115
12 18 : -0.6 0.2 : -0.7319968728
12 18 : -0.6 0.6 : -0.381190078
12 18 : -0.6 1.0 : 0.1063263646
12 18 : -0.2 -1.0 : -0.9081036917
12 18 : -0.2 -0.6 : -0.4250153064
12 18 : -0.2 -0.2 : -0.07661229235
12 18 : -0.2 0.2 : -0.0390360537
12 18 : -0.2 0.6 : 0.3098594179
12 18 : -0.2 1.0 : 0.79385497
12 18 : 0.2 -1.0 : -0.7923919041
12 18 : 0.2 -0.6 : -0.3093035189
12 18 : 0.2 -0.2 : 0.0390994952
12 18 : 0.2 0.2 : 0.07667573384
12 18 : 0.2 0.6 : 0.4255712055
12 18 : 0.2 1.0 : 0.9095667575
12 18 : 0.6 -1.0 : -0.09350641377
12 18 : 0.6 -0.6 : 0.3860610809
12 18 : 0.6 -0.2 : 0.7325527718
12 18 : 0.6 0.2 : 0.7701290105
12 18 : 0.6 0.6 : 1.120935805
12 18 : 0.6 1.0 : 1.608452248
12 18 : 1.0 -1.0 : -0.2401892196
12 18 : 1.0 -0.6 : 0.2328923652
12 18 : 1.0 -0.2 : 0.5758631656
12 18 : 1.0 0.2 : 0.6134394042
12 18 : 1.0 0.6 : 0.9677670896
12 18 : 1.0 1.0 : 1.461769442
12 19 : -1.0 -1.0 : -1.021023057
12 19 : -1.0 -0.6 : -1.397975553
12 19 : -1.0 -0.2 : -1.054130612
12 19 : -1.0 0.2 : -0.137875925
12 19 : -1.0 0.6 : 0.1736228908
12 19 : -1.0 1.0 : -0.2629151138
12 19 : -0.6 -1.0 : -1.132566144
12 19 : -0.6 -0.6 : -1.529121178
12 19 : -0.6 -0.2 : -1.203554363
12 19 : -0.6 0.2 : -0.3013676756
12 19 : -0.6 0.6 : 0.00249429558
12 19 : -0.6 1.0 : -0.4340437089
12 19 : -0.2 -1.0 : -0.4022883836
12 19 : -0.2 -0.6 : -0.8171215443
12 19 : -0.2 -0.2 : -0.5056227285
12 19 : -0.2 0.2 : 0.3889271143
12 19 : -0.2 0.6 : 0.6927890855
12 19 : -0.2 1.0 : 0.2638879256
12 19 : 0.2 -1.0 : -0.2638879256
12 19 : 0.2 -0.6 : -0.6927890855
12 19 : 0.2 -0.2 : -0.3889271143
12 19 : 0.2 0.2 : 0.5056227285
12 19 : 0.2 0.6 : 0.8171215443
12 19 : 0.2 1.0 : 0.4022883836
12 19 : 0.6 -1.0 : 0.4340437089
12 19 : 0.6 -0.6 : -0.00249429558
12 19 : 0.6 -0.2 : 0.3013676756
12 19 : 0.6 0.2 : 1.203554363
12 19 : 0.6 0.6 : 1.529121178
12 19 : 0.6 1.0 : 1.132566144
12 19 : 1.0 -1.0 : 0.2629151138
12 19 : 1.0 -0.6 : -0.1736228908
12 19 : 1.0 -0.2 : 0.137875925
12 19 : 1.0 0.2 : 1.054130612
12 19 : 1.0 0.6 : 1.397975553
12 19 : 1.0 1.0 : 1.021023057
12 20 : -1.0 -1.0 : -0.1461440602
12 20 : -1.0 -0.6 : -0.4246050204
12 20 : -1.0 -0.2 : -0.574642766
12 20 : -1.0 0.2 : -0.574642766
12 20 : -1.0 0.6 : -0.4246050204
12 20 : -1.0 1.0 : -0.1461440602
12 20 : -0.6 -1.0 : -0.2787944079
12 20 : -0.6 -0.6 : -0.572442035
12 20 : -0.6 -0.2 : -0.7307238965
12 20 : -0.6 0.2 : -0.7307238965
12 20 : -0.6 0.6 : -0.572442035
12 20 : -0.6 1.0 : -0.2787944079
12 20 : -0.2 -1.0 : 0.4467926946
12 20 : -0.2 -0.6 : 0.1330679729
12 20 : -0.2 -0.2 : -0.03611278392
12 20 : -0.2 0.2 : -0.03611278392
12 20 : -0.2 0.6 : 0.1330679729
12 20 : -0.2 1.0 : 0.4467926946
12 20 : 0.2 -1.0 : 0.597659651
12 20 : 0.2 -0.6 : 0.2621371386
12 20 : 0.2 -0.2 : 0.08112340287
12 20 : 0.2 0.2 : 0.08112340287
12 20 : 0.2 0.6 : 0.2621371386
12 20 : 0.2 1.0 : 0.597659651
12 20 : 0.6 -1.0 : 1.323246754
12 20 : 0.6 -0.6 : 0.9676471464
12 20 : 0.6 -0.2 : 0.7757345154
12 20 : 0.6 0.2 : 0.7757345154
12 20 : 0.6 0.6 : 0.9676471464
12 20 : 0.6 1.0 : 1.323246754
12 20 : 1.0 -1.0 : 1.190596406
12 20 : 1.0 -0.6 : 0.8198101318
12 20 : 1.0 -0.2 : 0.619653385
12 20 : 1.0 0.2 : 0.619653385
12 20 : 1.0 0.6 : 0.8198101318
12 20 : 1.0 1.0 : 1.190596406
12 21 : -1.0 -1.0 : -1.501005474
12 21 : -1.0 -0.6 : -1.189966085
12 21 : -1.0 -0.2 : -0.801756143
12 21 : -1.0 0.2 : -0.386083361
12 21 : -1.0 0.6 : 0.002126580627
12 21 : -1.0 1.0 : 0.3131659704
12 21 : -0.6 -1.0 : -1.677475171
12 21 : -0.6 -0.6 : -1.361935551
12 21 : -0.6 -0.2 : -0.9644116456
12 21 : -0.6 0.2 : -0.5377142377
12 21 : -0.6 0.6 : -0.140190332
12 21 : -0.6 1.0 : 0.1753492874
12 21 : -0.2 -1.0 : -1.009818173
12 21 : -0.2 -0.6 : -0.6849645896
12 21 : -0.2 -0.2 : -0.2767703706
12 21 : -0.2 0.2 : 0.1610585831
12 21 : -0.2 0.6 : 0.569252802
12 21 : -0.2 1.0 : 0.8941063856
12 21 : 0.2 -1.0 : -0.9218461883
12 21 : 0.2 -0.6 : -0.5859679789
12 21 : 0.2 -0.2 : -0.1666422141
12 21 : 0.2 0.2 : 0.2823540017
12 21 : 0.2 0.6 : 0.7016797665
12 21 : 0.2 1.0 : 1.037557976
12 21 : 0.6 -1.0 : -0.2541891907
12 21 : 0.6 -0.6 : 0.09100298284
12 21 : 0.6 -0.2 : 0.5209990608
12 21 : 0.6 0.2 : 0.9811268225
12 21 : 0.6 0.6 : 1.4111229
12 21 : 0.6 1.0 : 1.756315074
12 21 : 1.0 -1.0 : -0.430658887
12 21 : 1.0 -0.6 : -0.08096648386
12 21 : 1.0 -0.2 : 0.3583435583
12 21 : 1.0 0.2 : 0.8294959457
12 21 : 1.0 0.6 : 1.268805988
12 21 : 1.0 1.0 : 1.618498391
12 22 : -1.0 -1.0 : -1.329114984
12 22 : -1.0 -0.6 : -0.8823100393
12 22 : -1.0 -0.2 : -0.6081843316
12 22 : -1.0 0.2 : -0.5800823354
12 22 : -1.0 0.6 : -0.3092724328
12 22 : -1.0 1.0 : 0.1314243946
12 22 : -0.6 -1.0 : -1.484637761
12 22 : -0.6 -0.6 : -1.038837545
12 22 : -0.6 -0.2 : -0.7652572569
12 22 : -0.6 0.2 : -0.7371552606
12 22 : -0.6 0.6 : -0.4657999385
12 22 : -0.6 1.0 : -0.02409838183
12 22 : -0.2 -1.0 : -0.7892884923
12 22 : -0.2 -0.6 : -0.34481655
12 22 : -0.2 -0.2 : -0.07195731799
12 22 : -0.2 0.2 : -0.04385532173
12 22 : -0.2 0.6 : 0.2282210565
12 22 : -0.2 1.0 : 0.6712508865
12 22 : 0.2 -1.0 : -0.6712508865
12 22 : 0.2 -0.6 : -0.2282210565
12 22 : 0.2 -0.2 : 0.04385532173
12 22 : 0.2 0.2 : 0.07195731799
12 22 : 0.2 0.6 : 0.34481655
12 22 : 0.2 1.0 : 0.7892884923
12 22 : 0.6 -1.0 : 0.02409838183
12 22 : 0.6 -0.6 : 0.4657999385
12 22 : 0.6 -0.2 : 0.7371552606
12 22 : 0.6 0.2 : 0.7652572569
12 22 : 0.6 0.6 : 1.038837545
12 22 : 0.6 1.0 : 1.484637761
12 22 : 1.0 -1.0 : -0.1314243946
12 22 : 1.0 -0.6 : 0.3092724328
12 22 : 1.0 -0.2 : 0.5800823354
12 22 : 1.0 0.2 : 0.6081843316
12 22 : 1.0 0.6 : 0.8823100393
12 22 : 1.0 1.0 : 1.329114984
12 23 : -1.0 -1.0 : -1.247218925
12 23 : -1.0 -0.6 : -1.020683103
12 23 : -1.0 -0.2 : -0.7421879849
12 23 : -1.0 0.2 : -0.4456515191
12 23 : -1.0 0.6 : -0.167156401
12 23 : -1.0 1.0 : 0.05937942088
12 23 : -0.6 -1.0 : -1.442887955
12 23 : -0.6 -0.6 : -1.207381287
12 23 : -0.6 -0.2 : -0.9103195281
12 23 : -0.6 0.2 : -0.5918063552
12 23 : -0.6 0.6 : -0.2947445966
12 23 : -0.6 1.0 : -0.05923792802
12 23 : -0.2 -1.0 : -0.8006128831
12 23 : -0.2 -0.6 : -0.546539574
12 23 : -0.2 -0.2 : -0.2282074021
12 23 : -0.2 0.2 : 0.1124956146
12 23 : -0.2 0.6 : 0.4308277865
12 23 : -0.2 1.0 : 0.6849010955
12 23 : 0.2 -1.0 : -0.7401981671
12 23 : 0.2 -0.6 : -0.4641481509
12 23 : 0.2 -0.2 : -0.1236261351
12 23 : 0.2 0.2 : 0.2393379227
12 23 : 0.2 0.6 : 0.5798599384
12 23 : 0.2 1.0 : 0.8559099546
12 23 : 0.6 -1.0 : -0.09792309489
12 23 : 0.6 -0.6 : 0.1966935618
12 23 : 0.6 -0.2 : 0.5584859908
12 23 : 0.6 0.2 : 0.9436398925
12 23 : 0.6 0.6 : 1.305432322
12 23 : 0.6 1.0 : 1.600048978
12 23 : 1.0 -1.0 : -0.2935921253
12 23 : 1.0 -0.6 : 0.009995378102
12 23 : 1.0 -0.2 : 0.3903544476
12 23 : 1.0 0.2 : 0.7974850564
12 23 : 1.0 0.6 : 1.177844126
12 23 : 1.0 1.0 : 1.481431629
12 24 : -1.0 -1.0 : -0.2881694323
12 24 : -1.0 -0.6 : -0.482471256
12 24 : -1.0 -0.2 : -0.5821251256
12 24 : -1.0 0.2 : -0.5799403823
12 24 : -1.0 0.6 : -0.476261949
12 24 : -1.0 1.0 : -0.2789158747
12 24 : -0.6 -1.0 : -0.4437904966
12 24 : -0.6 -0.6 : -0.6384467513
12 24 : -0.6 -0.2 : -0.7388341741
12 24 : -0.6 0.2 : -0.7375177131
12 24 : -0.6 0.6 : -0.6345728329
12 24 : -0.6 1.0 : -0.4375811897
12 24 : -0.2 -1.0 : 0.2514288331
12 24 : -0.2 -0.6 : 0.05603902521
12 24 : -0.2 -0.2 : -0.04518877472
12 24 : -0.2 0.2 : -0.04474901671
12 24 : -0.2 0.6 : 0.0573554863
12 24 : -0.2 1.0 : 0.2536135764
12 24 : 0.2 -1.0 : 0.3693253639
12 24 : 0.2 -0.6 : 0.1730672738
12 24 : 0.2 -0.2 : 0.07096277083
12 24 : 0.2 0.2 : 0.07052301282
12 24 : 0.2 0.6 : 0.1717508128
12 24 : 0.2 1.0 : 0.3671406206
12 24 : 0.6 -1.0 : 1.064544694
12 24 : 0.6 -0.6 : 0.8675530504
12 24 : 0.6 -0.2 : 0.7646081702
12 24 : 0.6 0.2 : 0.7632917092
12 24 : 0.6 0.6 : 0.863679132
12 24 : 0.6 1.0 : 1.058335387
12 24 : 1.0 -1.0 : 0.9089236293
12 24 : 1.0 -0.6 : 0.711577555
12 24 : 1.0 -0.2 : 0.6078991217
12 24 : 1.0 0.2 : 0.6057143784
12 24 : 1.0 0.6 : 0.705368248
12 24 : 1.0 1.0 : 0.8996700717
13 14 : -1.0 -1.0 : -1.432716246
13 14 : -1.0 -0.6 : -2.55614123
13 14 : -1.0 -0.2 : -1.965841377
13 14 : -1.0 0.2 : 0.2546148865
13 14 : -1.0 0.6 : 0.842359581
13 14 : -1.0 1.0 : -0.2857723152
13 14 : -0.6 -1.0 : -0.8283323825
13 14 : -0.6 -0.6 : -1.953305854
13 14 : -0.6 -0.2 : -1.364449868
13 14 : -0.6 0.2 : 0.8548951044
13 14 : -0.6 0.6 : 1.442036532
13 14 : -0.6 1.0 : 0.3139046359
13 14 : -0.2 -1.0 : -0.5817535283
13 14 : -0.2 -0.6 : -1.708170867
13 14 : -0.2 -0.2 : -1.120426172
13 14 : -0.2 0.2 : 1.098315534
13 14 : -0.2 0.6 : 1.685456962
13 14 : -0.2 1.0 : 0.5579283323
13 14 : 0.2 -1.0 : -0.5579283323
13 14 : 0.2 -0.6 : -1.685456962
13 14 : 0.2 -0.2 : -1.098315534
13 14 : 0.2 0.2 : 1.120426172
13 14 : 0.2 0.6 : 1.708170867
13 14 : 0.2 1.0 : 0.5817535283
13 14 : 0.6 -1.0 : -0.3139046359
13 14 : 0.6 -0.6 : -1.442036532
13 14 : 0.6 -0.2 : -0.8548951044
13 14 : 0.6 0.2 : 1.364449868
13 14 : 0.6 0.6 : 1.953305854
13 14 : 0.6 1.0 : 0.8283323825
13 14 : 1.0 -1.0 : 0.2857723152
13 14 : 1.0 -0.6 : -0.842359581
13 14 : 1.0 -0.2 : -0.2546148865
13 14 : 1.0 0.2 : 1.965841377
13 14 : 1.0 0.6 : 2.55614123
13 14 : 1.0 1.0 : 1.432716246
13 15 : -1.0 -1.0 : -1.16149548
13 15 : -1.0 -0.6 : -0.9517171696
13 15 : -1.0 -0.2 : -0.8683199507
13 15 : -1.0 0.2 : -0.8458851539
13 15 : -1.0 0.6 : -0.7881642489
13 15 : -1.0 1.0 : -0.6256848413
13 15 : -0.6 -1.0 : -0.5245164569
13 15 : -0.6 -0.6 : -0.3302986177
13 15 : -0.6 -0.2 : -0.2614105525
13 15 : -0.6 0.2 : -0.250142916
13 15 : -0.6 0.6 : -0.1984841286
13 15 : -0.6 1.0 : -0.036004721
13 15 : -0.2 -1.0 : -0.2514392909
13 15 : -0.2 -0.6 : -0.07173060544
13 15 : -0.2 -0.2 : -0.01400970043
13 15 : -0.2 0.2 : -0.00880418148
13 15 : -0.2 0.6 : 0.04285460589
13 15 : -0.2 1.0 : 0.2113961311
13 15 : 0.2 -1.0 : -0.2113961311
13 15 : 0.2 -0.6 : -0.04285460589
13 15 : 0.2 -0.2 : 0.00880418148
13 15 : 0.2 0.2 : 0.01400970043
13 15 : 0.2 0.6 : 0.07173060544
13 15 : 0.2 1.0 : 0.2514392909
13 15 : 0.6 -1.0 : 0.036004721
13 15 : 0.6 -0.6 : 0.1984841286
13 15 : 0.6 -0.2 : 0.250142916
13 15 : 0.6 0.2 : 0.2614105525
13 15 : 0.6 0.6 : 0.3302986177
13 15 : 0.6 1.0 : 0.5245164569
13 15 : 1.0 -1.0 : 0.6256848413
13 15 : 1.0 -0.6 : 0.7881642489
13 15 : 1.0 -0.2 : 0.8458851539
13 15 : 1.0 0.2 : 0.8683199507
13 15 : 1.0 0.6 : 0.9517171696
13 15 : 1.0 1.0 : 1.16149548
13 16 : -1.0 -1.0 : -1.874067481
13 16 : -1.0 -0.6 : -1.245905373
13 16 : -1.0 -0.2 : -0.8977378307
13 16 : -1.0 0.2 : -0.8131594885
13 16 : -1.0 0.6 : -0.4649919464
13 16 : -1.0 1.0 : 0.163170162
13 16 : -0.6 -1.0 : -1.23445626
13 16 : -0.6 -0.6 : -0.6153357067
13 16 : -0.6 -0.2 : -0.2858811485
13 16 : -0.6 0.2 : -0.2234527354
13 16 : -0.6 0.6 : 0.1060018228
13 16 : -0.6 1.0 : 0.7251223757
13 16 : -0.2 -1.0 : -0.9394723535
13 16 : -0.2 -0.6 : -0.3390647845
13 16 : -0.2 -0.2 : -0.03104829452
13 16 : -0.2 0.2 : 0.009015372977
13 16 : -0.2 0.6 : 0.317031863
13 16 : -0.2 1.0 : 0.9174394319
13 16 : 0.2 -1.0 : -0.8617065052
13 16 : 0.2 -0.6 : -0.2834488653
13 16 : 0.2 -0.2 : 0.002202879107
13 16 : 0.2 0.2 : 0.01983004243
13 16 : 0.2 0.6 : 0.3054817868
13 16 : 0.2 1.0 : 0.8837394267
13 16 : 0.6 -1.0 : -0.566722599
13 16 : 0.6 -0.6 : -0.007177943098
13 16 : 0.6 -0.2 : 0.2570357331
13 16 : 0.6 0.2 : 0.2522981508
13 16 : 0.6 0.6 : 0.516511827
13 16 : 0.6 1.0 : 1.076056483
13 16 : 1.0 -1.0 : 0.07288862268
13 16 : 1.0 -0.6 : 0.6233917231
13 16 : 1.0 -0.2 : 0.8688924153
13 16 : 1.0 0.2 : 0.842004904
13 16 : 1.0 0.6 : 1.087505596
13 16 : 1.0 1.0 : 1.638008697
13 17 : -1.0 -1.0 : -1.222242461
13 17 : -1.0 -0.6 : -0.9239599693
13 17 : -1.0 -0.2 : -0.8431150305
13 17 : -1.0 0.2 : -0.8677822887
13 17 : -1.0 0.6 : -0.78693735
13 17 : -1.0 1.0 : -0.4886548582
13 17 : -0.6 -1.0 : -0.6453571377
13 17 : -0.6 -0.6 : -0.3415103055
13 17 : -0.6 -0.2 : -0.2491490507
13 17 : -0.6 0.2 : -0.2601848332
13 17 : -0.6 0.6 : -0.1678235784
13 17 : -0.6 1.0 : 0.1360232538
13 17 : -0.2 -1.0 : -0.4332981948
13 17 : -0.2 -0.6 : -0.1179350465
13 17 : -0.2 -0.2 : -0.01238040836
13 17 : -0.2 0.2 : -0.009652513183
13 17 : -0.2 0.6 : 0.09590212498
13 17 : -0.2 1.0 : 0.4112652732
13 17 : 0.2 -1.0 : -0.4455643463
13 17 : 0.2 -0.6 : -0.1165697223
13 17 : 0.2 -0.2 : 0.002748593553
13 17 : 0.2 0.2 : 0.01928432799
13 17 : 0.2 0.6 : 0.1386026439
13 17 : 0.2 1.0 : 0.4675972678
13 17 : 0.6 -1.0 : -0.2335054034
13 17 : 0.6 -0.6 : 0.1070055367
13 17 : 0.6 -0.2 : 0.2395172359
13 17 : 0.6 0.2 : 0.269816648
13 17 : 0.6 0.6 : 0.4023283472
13 17 : 0.6 1.0 : 0.7428392872
13 17 : 1.0 -1.0 : 0.3433799201
13 17 : 1.0 -0.6 : 0.6894552004
13 17 : 1.0 -0.2 : 0.8334832157
13 17 : 1.0 0.2 : 0.8774141035
13 17 : 1.0 0.6 : 1.021442119
13 17 : 1.0 1.0 : 1.367517399
13 18 : -1.0 -1.0 : -1.676765554
13 18 : -1.0 -0.6 : -1.211615634
13 18 : -1.0 -0.2 : -0.8729505557
13 18 : -1.0 0.2 : -0.835374317
13 18 : -1.0 0.6 : -0.4767409097
13 18 : -1.0 1.0 : 0.02519310801
13 18 : -0.6 -1.0 : -1.094375885
13 18 : -0.6 -0.6 : -0.6178220652
13 18 : -0.6 -0.2 : -0.2729663544
13 18 : -0.6 0.2 : -0.2353901158
13 18 : -0.6 0.6 : 0.1170526592
13 18 : -0.6 1.0 : 0.6075827767
13 18 : -0.2 -1.0 : -0.8607095683
13 18 : -0.2 -0.6 : -0.3779651161
13 18 : -0.2 -0.2 : -0.02974880685
13 18 : -0.2 0.2 : 0.007827431795
13 18 : -0.2 0.6 : 0.3569096082
13 18 : -0.2 1.0 : 0.8412490933
13 18 : 0.2 -1.0 : -0.8386766468
13 18 : 0.2 -0.6 : -0.3559321946
13 18 : 0.2 -0.2 : -0.007715885308
13 18 : 0.2 0.2 : 0.02986035333
13 18 : 0.2 0.6 : 0.3789425298
13 18 : 0.2 1.0 : 0.8632820149
13 18 : 0.6 -1.0 : -0.5850420011
13 18 : 0.6 -0.6 : -0.1084881813
13 18 : 0.6 -0.2 : 0.2363675294
13 18 : 0.6 0.2 : 0.2739437681
13 18 : 0.6 0.6 : 0.626386543
13 18 : 0.6 1.0 : 1.116916661
13 18 : 1.0 -1.0 : 0.03413176564
13 18 : 1.0 -0.6 : 0.4992816853
13 18 : 1.0 -0.2 : 0.8379467636
13 18 : 1.0 0.2 : 0.8755230022
13 18 : 1.0 0.6 : 1.23415641
13 18 : 1.0 1.0 : 1.736090427
13 19 : -1.0 -1.0 : -1.214507886
13 19 : -1.0 -0.6 : -1.619665375
13 19 : -1.0 -0.2 : -1.303448171
13 19 : -1.0 0.2 : -0.4098821552
13 19 : -1.0 0.6 : -0.1125509004
13 19 : -1.0 1.0 : -0.5524986099
13 19 : -0.6 -1.0 : -0.6044967239
13 19 : -0.6 -0.6 : -1.015376885
13 19 : -0.6 -0.2 : -0.7022662464
13 19 : -0.6 0.2 : 0.1912997699
13 19 : -0.6 0.6 : 0.4917375899
13 19 : -0.6 1.0 : 0.05751255258
13 19 : -0.2 -1.0 : -0.3486447217
13 19 : -0.2 -0.6 : -0.7670903758
13 19 : -0.2 -0.2 : -0.4580866826
13 19 : -0.2 0.2 : 0.4354793337
13 19 : -0.2 0.6 : 0.7400240986
13 19 : -0.2 1.0 : 0.3133645548
13 19 : 0.2 -1.0 : -0.3133645548
13 19 : 0.2 -0.6 : -0.7400240986
13 19 : 0.2 -0.2 : -0.4354793337
13 19 : 0.2 0.2 : 0.4580866826
13 19 : 0.2 0.6 : 0.7670903758
13 19 : 0.2 1.0 : 0.3486447217
13 19 : 0.6 -1.0 : -0.05751255258
13 19 : 0.6 -0.6 : -0.4917375899
13 19 : 0.6 -0.2 : -0.1912997699
13 19 : 0.6 0.2 : 0.7022662464
13 19 : 0.6 0.6 : 1.015376885
13 19 : 0.6 1.0 : 0.6044967239
13 19 : 1.0 -1.0 : 0.5524986099
13 19 : 1.0 -0.6 : 0.1125509004
13 19 : 1.0 -0.2 : 0.4098821552
13 19 : 1.0 0.2 : 1.303448171
13 19 : 1.0 0.6 : 1.619665375
13 19 : 1.0 1.0 : 1.214507886
13 20 : -1.0 -1.0 : -0.3711107377
13 20 : -1.0 -0.6 : -0.6832698156
13 20 : -1.0 -0.2 : -0.8418886776
13 20 : -1.0 0.2 : -0.8239980228
13 20 : -1.0 0.6 : -0.6324223923
13 20 : -1.0 1.0 : -0.295334236
13 20 : -0.6 -1.0 : 0.2421355192
13 20 : -0.6 -0.6 : -0.07412416332
13 20 : -0.6 -0.2 : -0.2381641113
13 20 : -0.6 0.2 : -0.2261591536
13 20 : -0.6 0.6 : -0.04000460915
13 20 : -0.6 1.0 : 0.2929829425
13 20 : -0.2 -1.0 : 0.5022643846
13 20 : -0.2 -0.6 : 0.1805836161
13 20 : -0.2 -0.2 : 0.009376877837
13 20 : -0.2 0.2 : 0.01360081957
13 20 : -0.2 0.6 : 0.1925885738
13 20 : -0.2 1.0 : 0.5201550394
13 20 : 0.2 -1.0 : 0.542187961
13 20 : 0.2 -0.6 : 0.2146214953
13 20 : 0.2 -0.2 : 0.03563374111
13 20 : 0.2 0.2 : 0.03140979938
13 20 : 0.2 0.6 : 0.2026165376
13 20 : 0.2 1.0 : 0.5242973062
13 20 : 0.6 -1.0 : 0.8023168264
13 20 : 0.6 -0.6 : 0.4693292747
13 20 : 0.6 -0.2 : 0.2831747302
13 20 : 0.6 0.2 : 0.2711697726
13 20 : 0.6 0.6 : 0.4352097206
13 20 : 0.6 1.0 : 0.7514694031
13 20 : 1.0 -1.0 : 1.415563083
13 20 : 1.0 -0.6 : 1.078474927
13 20 : 1.0 -0.2 : 0.8868992965
13 20 : 1.0 0.2 : 0.8690086417
13 20 : 1.0 0.6 : 1.027627504
13 20 : 1.0 1.0 : 1.339786582
13 21 : -1.0 -1.0 : -1.799410046
13 21 : -1.0 -0.6 : -1.47623924
13 21 : -1.0 -0.2 : -1.071991309
13 21 : -1.0 0.2 : -0.6389060106
13 21 : -1.0 0.6 : -0.2346580795
13 21 : -1.0 1.0 : 0.08851272705
13 21 : -0.6 -1.0 : -1.205823418
13 21 : -0.6 -0.6 : -0.8802855594
13 21 : -0.6 -0.2 : -0.4729083349
13 21 : -0.6 0.2 : -0.03642554897
13 21 : -0.6 0.6 : 0.3709516755
13 21 : -0.6 1.0 : 0.6964895346
13 21 : -0.2 -1.0 : -0.9716849982
13 21 : -0.2 -0.6 : -0.6430178456
13 21 : -0.2 -0.2 : -0.231503629
13 21 : -0.2 0.2 : 0.2094707075
13 21 : -0.2 0.6 : 0.6209849241
13 21 : -0.2 1.0 : 0.9496520766
13 21 : 0.2 -1.0 : -0.9599793632
13 21 : 0.2 -0.6 : -0.6279147229
13 21 : 0.2 -0.2 : -0.2119089557
13 21 : 0.2 0.2 : 0.2339418773
13 21 : 0.2 0.6 : 0.6499476444
13 21 : 0.2 1.0 : 0.9820122848
13 21 : 0.6 -1.0 : -0.7258409429
13 21 : 0.6 -0.6 : -0.3906470091
13 21 : 0.6 -0.2 : 0.02949575014
13 21 : 0.6 0.2 : 0.4798381337
13 21 : 0.6 0.6 : 0.899980893
13 21 : 0.6 1.0 : 1.235174827
13 21 : 1.0 -1.0 : -0.1322543151
13 21 : 1.0 -0.6 : 0.2053066712
13 21 : 1.0 -0.2 : 0.628578724
13 21 : 1.0 0.2 : 1.082318595
13 21 : 1.0 0.6 : 1.505590648
13 21 : 1.0 1.0 : 1.843151634
13 22 : -1.0 -1.0 : -1.565706841
13 22 : -1.0 -0.6 : -1.131451683
13 22 : -1.0 -0.2 : -0.8667034529
13 22 : -1.0 0.2 : -0.8433261269
13 22 : -1.0 0.6 : -0.5718421659
13 22 : -1.0 1.0 : -0.1251789702
13 22 : -0.6 -1.0 : -0.9744208516
13 22 : -0.6 -0.6 : -0.5360836771
13 22 : -0.6 -0.2 : -0.2675292247
13 22 : -0.6 0.2 : -0.24122239
13 22 : -0.6 0.6 : 0.03185186132
13 22 : -0.6 1.0 : 0.478515057
13 22 : -0.2 -1.0 : -0.7384899453
13 22 : -0.2 -0.6 : -0.2963465487
13 22 : -0.2 -0.2 : -0.02486258764
13 22 : -0.2 0.2 : 0.003034537361
13 22 : -0.2 0.6 : 0.2761087887
13 22 : -0.2 1.0 : 0.7211816941
13 22 : 0.2 -1.0 : -0.7211816941
13 22 : 0.2 -0.6 : -0.2761087887
13 22 : 0.2 -0.2 : -0.003034537361
13 22 : 0.2 0.2 : 0.02486258764
13 22 : 0.2 0.6 : 0.2963465487
13 22 : 0.2 1.0 : 0.7384899453
13 22 : 0.6 -1.0 : -0.478515057
13 22 : 0.6 -0.6 : -0.03185186132
13 22 : 0.6 -0.2 : 0.24122239
13 22 : 0.6 0.2 : 0.2675292247
13 22 : 0.6 0.6 : 0.5360836771
13 22 : 0.6 1.0 : 0.9744208516
13 22 : 1.0 -1.0 : 0.1251789702
13 22 : 1.0 -0.6 : 0.5718421659
13 22 : 1.0 -0.2 : 0.8433261269
13 22 : 1.0 0.2 : 0.8667034529
13 22 : 1.0 0.6 : 1.131451683
13 22 : 1.0 1.0 : 1.565706841
13 23 : -1.0 -1.0 : -1.499760904
13 23 : -1.0 -0.6 : -1.276181617
13 23 : -1.0 -0.2 : -1.0015951
13 23 : -1.0 0.2 : -0.7093022195
13 23 : -1.0 0.6 : -0.4347157024
13 23 : -1.0 1.0 : -0.211136415
13 23 : -0.6 -1.0 : -0.9404615618
13 23 : -0.6 -0.6 : -0.7032353342
13 23 : -0.6 -0.2 : -0.4106072738
13 23 : -0.6 0.2 : -0.09872661008
13 23 : -0.6 0.6 : 0.1939014503
13 23 : -0.6 1.0 : 0.4311276779
13 23 : -0.2 -1.0 : -0.7516516573
13 23 : -0.2 -0.6 : -0.4963838864
13 23 : -0.2 -0.2 : -0.1799045245
13 23 : -0.2 0.2 : 0.1578716029
13 23 : -0.2 0.6 : 0.4743509649
13 23 : -0.2 1.0 : 0.7296187358
13 23 : 0.2 -1.0 : -0.7891593928
13 23 : 0.2 -0.6 : -0.5143038384
13 23 : 0.2 -0.2 : -0.1719290128
13 23 : 0.2 0.2 : 0.1939619343
13 23 : 0.2 0.6 : 0.53633676
13 23 : 0.2 1.0 : 0.8111923144
13 23 : 0.6 -1.0 : -0.6003494884
13 23 : 0.6 -0.6 : -0.3074523907
13 23 : 0.6 -0.2 : 0.05877373654
13 23 : 0.6 0.2 : 0.4505601473
13 23 : 0.6 0.6 : 0.8167862746
13 23 : 0.6 1.0 : 1.109683372
13 23 : 1.0 -1.0 : -0.0410501459
13 23 : 1.0 -0.6 : 0.265493892
13 23 : 1.0 -0.2 : 0.6497615625
13 23 : 1.0 0.2 : 1.061135757
13 23 : 1.0 0.6 : 1.445403427
13 23 : 1.0 1.0 : 1.751947465
13 24 : -1.0 -1.0 : -0.5805189787
13 24 : -1.0 -0.6 : -0.7595226537
13 24 : -1.0 -0.2 : -0.8475147236
13 24 : -1.0 0.2 : -0.8391456713
13 24 : -1.0 0.6 : -0.735736786
13 24 : -1.0 1.0 : -0.5450715611
13 24 : -0.6 -1.0 : 0.03708301298
13 24 : -0.6 -0.6 : -0.1491513491
13 24 : -0.6 -0.2 : -0.2438855767
13 24 : -0.6 0.2 : -0.2407057144
13 24 : -0.6 0.6 : -0.1401137924
13 24 : -0.6 1.0 : 0.05055143247
13 24 : -0.2 -1.0 : 0.2944075757
13 24 : -0.2 -0.6 : 0.1014310559
13 24 : -0.2 -0.2 : 0.001507638241
13 24 : -0.2 0.2 : 0.001870537284
13 24 : -0.2 0.6 : 0.1024624593
13 24 : -0.2 1.0 : 0.2959446474
13 24 : 0.2 -1.0 : 0.3248095496
13 24 : 0.2 -0.6 : 0.1266438398
13 24 : 0.2 -0.2 : 0.02390345882
13 24 : 0.2 0.2 : 0.02426635787
13 24 : 0.2 0.6 : 0.1276752431
13 24 : 0.2 1.0 : 0.3263466213
13 24 : 0.6 -1.0 : 0.5702027645
13 24 : 0.6 -0.6 : 0.3692200915
13 24 : 0.6 -0.2 : 0.2664797105
13 24 : 0.6 0.2 : 0.2696595728
13 24 : 0.6 0.6 : 0.3782576481
13 24 : 0.6 1.0 : 0.583671184
13 24 : 1.0 -1.0 : 1.165825758
13 24 : 1.0 -0.6 : 0.9648430851
13 24 : 1.0 -0.2 : 0.8649196674
13 24 : 1.0 0.2 : 0.8732887197
13 24 : 1.0 0.6 : 0.9886289528
13 24 : 1.0 1.0 : 1.201273176
14 15 : -1.0 -1.0 : -0.9145014667
14 15 : -1.0 -0.6 : -0.7030674043
14 15 : -1.0 -0.2 : -0.5990543284
14 15 : -1.0 0.2 : -0.5402983605
14 15 : -1.0 0.6 : -0.4362852846
14 15 : -1.0 1.0 : -0.2248512222
14 15 : -0.6 -1.0 : -2.003675539
14 15 : -0.6 -0.6 : -1.801055664
14 15 : -0.6 -0.2 : -1.715284996
14 15 : -0.6 0.2 : -1.678121952
14 15 : -0.6 0.6 : -1.592351284
14 15 : -0.6 1.0 : -1.389731409
14 15 : -0.2 -1.0 : -1.366261518
14 15 : -0.2 -0.6 : -1.181884051
14 15 : -0.2 -0.2 : -1.117012347
14 15 : -0.2 0.2 : -1.101651642
14 15 : -0.2 0.6 : -1.036779939
14 15 : -0.2 1.0 : -0.8524024717
14 15 : 0.2 -1.0 : 0.906733881
14 15 : 0.2 -0.6 : 1.069518424
14 15 : 0.2 -0.2 : 1.112587789
14 15 : 0.2 0.2 : 1.106076201
14 15 : 0.2 0.6 : 1.149145565
14 15 : 0.2 1.0 : 1.311930108
14 15 : 0.6 -1.0 : 1.544147902
14 15 : 0.6 -0.6 : 1.688690037
14 15 : 0.6 -0.2 : 1.710860437
14 15 : 0.6 0.2 : 1.682546511
14 15 : 0.6 0.6 : 1.704716911
14 15 : 0.6 1.0 : 1.849259046
14 15 : 1.0 -1.0 : 0.45497383
14 15 : 1.0 -0.6 : 0.5907017776
14 15 : 1.0 -0.2 : 0.5946297698
14 15 : 1.0 0.2 : 0.5447229191
14 15 : 1.0 0.6 : 0.5486509113
14 15 : 1.0 1.0 : 0.6843788589
14 16 : -1.0 -1.0 : -1.361396334
14 16 : -1.0 -0.6 : -0.8078797772
14 16 : -1.0 -0.2 : -0.5583952321
14 16 : -1.0 0.2 : -0.5809574568
14 16 : -1.0 0.6 : -0.3314729118
14 16 : -1.0 1.0 : 0.2220436448
14 16 : -0.6 -1.0 : -2.524239511
14 16 : -0.6 -0.6 : -1.958940132
14 16 : -0.6 -0.2 : -1.693878447
14 16 : -0.6 0.2 : -1.699528501
14 16 : -0.6 0.6 : -1.434466816
14 16 : -0.6 1.0 : -0.8691674369
14 16 : -0.2 -1.0 : -1.984217604
14 16 : -0.2 -0.6 : -1.403341085
14 16 : -0.2 -0.2 : -1.117686091
14 16 : -0.2 0.2 : -1.100977899
14 16 : -0.2 0.6 : -0.8153229048
14 16 : -0.2 1.0 : -0.2344463855
14 16 : 0.2 -1.0 : 0.1830387453
14 16 : 0.2 -0.6 : 0.7808274348
14 16 : 0.2 -0.2 : 1.088840675
14 16 : 0.2 0.2 : 1.129823314
14 16 : 0.2 0.6 : 1.437836555
14 16 : 0.2 1.0 : 2.035625244
14 16 : 0.6 -1.0 : 0.7230606525
14 16 : 0.6 -0.6 : 1.336426482
14 16 : 0.6 -0.2 : 1.665033031
14 16 : 0.6 0.2 : 1.728373917
14 16 : 0.6 0.6 : 2.056980466
14 16 : 0.6 1.0 : 2.670346296
14 16 : 1.0 -1.0 : -0.4397825248
14 16 : 1.0 -0.6 : 0.1853661274
14 16 : 1.0 -0.2 : 0.5295498167
14 16 : 1.0 0.2 : 0.6098028722
14 16 : 1.0 0.6 : 0.9539865616
14 16 : 1.0 1.0 : 1.579135214
14 17 : -1.0 -1.0 : -0.8845404423
14 17 : -1.0 -0.6 : -0.6214703465
14 17 : -1.0 -0.2 : -0.5570865005
14 17 : -1.0 0.2 : -0.5768647038
14 17 : -1.0 0.6 : -0.4705524365
14 17 : -1.0 1.0 : -0.130245074
14 17 : -0.6 -1.0 : -2.070676362
14 17 : -0.6 -0.6 : -1.782196623
14 17 : -0.6 -0.2 : -1.694119894
14 17 : -0.6 0.2 : -1.695662559
14 17 : -0.6 0.6 : -1.57945109
14 17 : -0.6 1.0 : -1.239143727
14 17 : -0.2 -1.0 : -1.531357514
14 17 : -0.2 -0.6 : -1.219184891
14 17 : -0.2 -0.2 : -1.112872624
14 17 : -0.2 0.2 : -1.104516087
14 17 : -0.2 0.6 : -0.9883046179
14 17 : -0.2 1.0 : -0.6578964575
14 17 : 0.2 -1.0 : 0.6578964575
14 17 : 0.2 -0.6 : 0.9883046179
14 17 : 0.2 -0.2 : 1.104516087
14 17 : 0.2 0.2 : 1.112872624
14 17 : 0.2 0.6 : 1.219184891
14 17 : 0.2 1.0 : 1.531357514
14 17 : 0.6 -1.0 : 1.239143727
14 17 : 0.6 -0.6 : 1.57945109
14 17 : 0.6 -0.2 : 1.695662559
14 17 : 0.6 0.2 : 1.694119894
14 17 : 0.6 0.6 : 1.782196623
14 17 : 0.6 1.0 : 2.070676362
14 17 : 1.0 -1.0 : 0.130245074
14 17 : 1.0 -0.6 : 0.4705524365
14 17 : 1.0 -0.2 : 0.5768647038
14 17 : 1.0 0.2 : 0.5570865005
14 17 : 1.0 0.6 : 0.6214703465
14 17 : 1.0 1.0 : 0.8845404423
14 18 : -1.0 -1.0 : -1.459595275
14 18 : -1.0 -0.6 : -0.9519089977
14 18 : -1.0 -0.2 : -0.5901529636
14 18 : -1.0 0.2 : -0.552576725
14 18 : -1.0 0.6 : -0.2170342734
14 18 : -1.0 1.0 : 0.242363387
14 18 : -0.6 -1.0 : -2.562478096
14 18 : -0.6 -0.6 : -2.069762379
14 18 : -0.6 -0.2 : -1.716133147
14 18 : -0.6 0.2 : -1.678556908
14 18 : -0.6 0.6 : -1.334887655
14 18 : -0.6 1.0 : -0.8605194343
14 18 : -0.2 -1.0 : -1.961999825
14 18 : -0.2 -0.6 : -1.477410911
14 18 : -0.2 -0.2 : -1.128193331
14 18 : -0.2 0.2 : -1.090617092
14 18 : -0.2 0.6 : -0.7425361863
14 18 : -0.2 1.0 : -0.2600411637
14 18 : 0.2 -1.0 : 0.2566641641
14 18 : 0.2 -0.6 : 0.7412530788
14 18 : 0.2 -0.2 : 1.090470659
14 18 : 0.2 0.2 : 1.128046897
14 18 : 0.2 0.6 : 1.476127803
14 18 : 0.2 1.0 : 1.958622826
14 18 : 0.6 -1.0 : 0.8309288521
14 18 : 0.6 -0.6 : 1.323644569
14 18 : 0.6 -0.2 : 1.677273801
14 18 : 0.6 0.2 : 1.71485004
14 18 : 0.6 0.6 : 2.058519293
14 18 : 0.6 1.0 : 2.532887514
14 18 : 1.0 -1.0 : -0.3202425857
14 18 : 1.0 -0.6 : 0.1874436912
14 18 : 1.0 -0.2 : 0.5491997253
14 18 : 1.0 0.2 : 0.586775964
14 18 : 1.0 0.6 : 0.9223184156
14 18 : 1.0 1.0 : 1.381716076
14 19 : -1.0 -1.0 : -1.004263738
14 19 : -1.0 -0.6 : -1.392739511
14 19 : -1.0 -0.2 : -1.040914999
14 19 : -1.0 0.2 : -0.09843769019
14 19 : -1.0 0.6 : 0.2533868225
14 19 : -1.0 1.0 : -0.135088951
14 19 : -0.6 -1.0 : -2.097214042
14 19 : -0.6 -0.6 : -2.493624697
14 19 : -0.6 -0.2 : -2.158222724
14 19 : -0.6 0.2 : -1.235184224
14 19 : -0.6 0.6 : -0.8997822512
14 19 : -0.6 1.0 : -1.296192906
14 19 : -0.2 -1.0 : -1.464792279
14 19 : -0.2 -0.6 : -1.877625474
14 19 : -0.2 -0.2 : -1.561037579
14 19 : -0.2 0.2 : -0.65762641
14 19 : -0.2 0.6 : -0.3410385153
14 19 : -0.2 1.0 : -0.7538717103
14 19 : 0.2 -1.0 : 0.8027830026
14 19 : 0.2 -0.6 : 0.3705109997
14 19 : 0.2 -0.2 : 0.6674715632
14 19 : 0.2 0.2 : 1.551192426
14 19 : 0.2 0.6 : 1.84815299
14 19 : 0.2 1.0 : 1.415880987
14 19 : 0.6 -1.0 : 1.435204765
14 19 : 0.6 -0.6 : 0.9865102224
14 19 : 0.6 -0.2 : 1.264656708
14 19 : 0.6 0.2 : 2.12875024
14 19 : 0.6 0.6 : 2.406896726
14 19 : 0.6 1.0 : 1.958202183
14 19 : 1.0 -1.0 : 0.3422544615
14 19 : 1.0 -0.6 : -0.114374963
14 19 : 1.0 -0.2 : 0.1473489825
14 19 : 1.0 0.2 : 0.9920037064
14 19 : 1.0 0.6 : 1.253727652
14 19 : 1.0 1.0 : 0.7970982275
14 20 : -1.0 -1.0 : -0.0006716413183
14 20 : -1.0 -0.6 : -0.3406845364
14 20 : -1.0 -0.2 : -0.5361267334
14 20 : -1.0 0.2 : -0.5582153366
14 20 : -1.0 0.6 : -0.4034630411
14 20 : -1.0 1.0 : -0.09422870203
14 20 : -0.6 -1.0 : -1.143088049
14 20 : -0.6 -0.6 : -1.479517509
14 20 : -0.6 -0.2 : -1.667543198
14 20 : -0.6 0.2 : -1.680853131
14 20 : -0.6 0.6 : -1.518684328
14 20 : -0.6 1.0 : -1.205866554
14 20 : -0.2 -1.0 : -0.5760615203
14 20 : -0.2 -0.6 : -0.9050744726
14 20 : -0.2 -0.2 : -1.084603623
14 20 : -0.2 0.2 : -1.089049747
14 20 : -0.2 0.6 : -0.9183844054
14 20 : -0.2 1.0 : -0.5981501235
14 20 : 0.2 -1.0 : 1.620513866
14 20 : 0.2 -0.6 : 1.300279584
14 20 : 0.2 -0.2 : 1.129614242
14 20 : 0.2 0.2 : 1.134060366
14 20 : 0.2 0.6 : 1.313589517
14 20 : 0.2 1.0 : 1.642602469
14 20 : 0.6 -1.0 : 2.187540394
14 20 : 0.6 -0.6 : 1.87472262
14 20 : 0.6 -0.2 : 1.712553817
14 20 : 0.6 0.2 : 1.72586375
14 20 : 0.6 0.6 : 1.913889439
14 20 : 0.6 1.0 : 2.250318899
14 20 : 1.0 -1.0 : 1.045123987
14 20 : 1.0 -0.6 : 0.7358896478
14 20 : 1.0 -0.2 : 0.5811373524
14 20 : 1.0 0.2 : 0.6032259555
14 20 : 1.0 0.6 : 0.7986681525
14 20 : 1.0 1.0 : 1.138681048
14 21 : -1.0 -1.0 : -1.581084946
14 21 : -1.0 -0.6 : -1.222459613
14 21 : -1.0 -0.2 : -0.7933589227
14 21 : -1.0 0.2 : -0.3499463379
14 21 : -1.0 0.6 : 0.04847295588
14 21 : -1.0 1.0 : 0.3505794152
14 21 : -0.6 -1.0 : -2.69311827
14 21 : -0.6 -0.6 : -2.343789772
14 21 : -0.6 -0.2 : -1.91973589
14 21 : -0.6 0.2 : -1.476323306
14 21 : -0.6 0.6 : -1.072857204
14 21 : -0.6 1.0 : -0.7614539083
14 21 : -0.2 -1.0 : -2.085924662
14 21 : -0.2 -0.6 : -1.748886778
14 21 : -0.2 -0.2 : -1.331504884
14 21 : -0.2 0.2 : -0.8880922988
14 21 : -0.2 0.6 : -0.4779542099
14 21 : -0.2 1.0 : -0.1542603004
14 21 : 0.2 -1.0 : 0.1542603004
14 21 : 0.2 -0.6 : 0.4779542099
14 21 : 0.2 -0.2 : 0.8880922988
14 21 : 0.2 0.2 : 1.331504884
14 21 : 0.2 0.6 : 1.748886778
14 21 : 0.2 1.0 : 2.085924662
14 21 : 0.6 -1.0 : 0.7614539083
14 21 : 0.6 -0.6 : 1.072857204
14 21 : 0.6 -0.2 : 1.476323306
14 21 : 0.6 0.2 : 1.91973589
14 21 : 0.6 0.6 : 2.343789772
14 21 : 0.6 1.0 : 2.69311827
14 21 : 1.0 -1.0 : -0.3505794152
14 21 : 1.0 -0.6 : -0.04847295588
14 21 : 1.0 -0.2 : 0.3499463379
14 21 : 1.0 0.2 : 0.7933589227
14 21 : 1.0 0.6 : 1.222459613
14 21 : 1.0 1.0 : 1.581084946
14 22 : -1.0 -1.0 : -1.316780876
14 22 : -1.0 -0.6 : -0.8625916283
14 22 : -1.0 -0.2 : -0.5844573354
14 22 : -1.0 0.2 : -0.5563553392
14 22 : -1.0 0.6 : -0.2895540218
14 22 : -1.0 1.0 : 0.1437585028
14 22 : -0.6 -1.0 : -2.438269652
14 22 : -0.6 -0.6 : -1.987514433
14 22 : -0.6 -0.2 : -1.711244311
14 22 : -0.6 0.2 : -1.683142314
14 22 : -0.6 0.6 : -1.414476827
14 22 : -0.6 1.0 : -0.9777302727
14 22 : -0.2 -1.0 : -1.843576351
14 22 : -0.2 -0.6 : -1.397360992
14 22 : -0.2 -0.2 : -1.123555342
14 22 : -0.2 0.2 : -1.095453346
14 22 : -0.2 0.6 : -0.8243233856
14 22 : -0.2 1.0 : -0.3830369721
14 22 : 0.2 -1.0 : 0.3830369721
14 22 : 0.2 -0.6 : 0.8243233856
14 22 : 0.2 -0.2 : 1.095453346
14 22 : 0.2 0.2 : 1.123555342
14 22 : 0.2 0.6 : 1.397360992
14 22 : 0.2 1.0 : 1.843576351
14 22 : 0.6 -1.0 : 0.9777302727
14 22 : 0.6 -0.6 : 1.414476827
14 22 : 0.6 -0.2 : 1.683142314
14 22 : 0.6 0.2 : 1.711244311
14 22 : 0.6 0.6 : 1.987514433
14 22 : 0.6 1.0 : 2.438269652
14 22 : 1.0 -1.0 : -0.1437585028
14 22 : 1.0 -0.6 : 0.2895540218
14 22 : 1.0 -0.2 : 0.5563553392
14 22 : 1.0 0.2 : 0.5844573354
14 22 : 1.0 0.6 : 0.8625916283
14 22 : 1.0 1.0 : 1.316780876
14 23 : -1.0 -1.0 : -1.437409177
14 23 : -1.0 -0.6 : -1.126164405
14 23 : -1.0 -0.2 : -0.7591926424
14 23 : -1.0 0.2 : -0.3843803555
14 23 : -1.0 0.6 : -0.05016827029
14 23 : -1.0 1.0 : 0.2007291806
14 23 : -0.6 -1.0 : -2.518253197
14 23 : -0.6 -0.6 : -2.226861586
14 23 : -0.6 -0.2 : -1.878401639
14 23 : -0.6 0.2 : -1.517837214
14 23 : -0.6 0.6 : -1.191359612
14 23 : -0.6 1.0 : -0.9404621607
14 23 : -0.2 -1.0 : -1.893337049
14 23 : -0.2 -0.6 : -1.620457254
14 23 : -0.2 -0.2 : -1.286245168
14 23 : -0.2 0.2 : -0.9334152261
14 23 : -0.2 0.6 : -0.606937624
14 23 : -0.2 1.0 : -0.34830569
14 23 : 0.2 -1.0 : 0.34830569
14 23 : 0.2 -0.6 : 0.606937624
14 23 : 0.2 -0.2 : 0.9334152261
14 23 : 0.2 0.2 : 1.286245168
14 23 : 0.2 0.6 : 1.620457254
14 23 : 0.2 1.0 : 1.893337049
14 23 : 0.6 -1.0 : 0.9404621607
14 23 : 0.6 -0.6 : 1.191359612
14 23 : 0.6 -0.2 : 1.517837214
14 23 : 0.6 0.2 : 1.878401639
14 23 : 0.6 0.6 : 2.226861586
14 23 : 0.6 1.0 : 2.518253197
14 23 : 1.0 -1.0 : -0.2007291806
14 23 : 1.0 -0.6 : 0.05016827029
14 23 : 1.0 -0.2 : 0.3843803555
14 23 : 1.0 0.2 : 0.7591926424
14 23 : 1.0 0.6 : 1.126164405
14 23 : 1.0 1.0 : 1.437409177
14 24 : -1.0 -1.0 : -0.1989675138
14 24 : -1.0 -0.6 : -0.4321998585
14 24 : -1.0 -0.2 : -0.5541732404
14 24 : -1.0 0.2 : -0.5541732404
14 24 : -1.0 0.6 : -0.4321998585
14 24 : -1.0 1.0 : -0.1989675138
14 24 : -0.6 -1.0 : -1.345842676
14 24 : -0.6 -0.6 : -1.566768345
14 24 : -0.6 -0.2 : -1.682061021
14 24 : -0.6 0.2 : -1.682061021
14 24 : -0.6 0.6 : -1.566768345
14 24 : -0.6 1.0 : -1.345842676
14 24 : -0.2 -1.0 : -0.7847107154
14 24 : -0.2 -0.6 : -0.9893666991
14 24 : -0.2 -0.2 : -1.09582734
14 24 : -0.2 0.2 : -1.09582734
14 24 : -0.2 0.6 : -0.9893666991
14 24 : -0.2 1.0 : -0.7847107154
14 24 : 0.2 -1.0 : 1.405464912
14 24 : 0.2 -0.6 : 1.218472998
14 24 : 0.2 -0.2 : 1.121601336
14 24 : 0.2 0.2 : 1.121601336
14 24 : 0.2 0.6 : 1.218472998
14 24 : 0.2 1.0 : 1.405464912
14 24 : 0.6 -1.0 : 1.966596873
14 24 : 0.6 -0.6 : 1.795874644
14 24 : 0.6 -0.2 : 1.707835017
14 24 : 0.6 0.2 : 1.707835017
14 24 : 0.6 0.6 : 1.795874644
14 24 : 0.6 1.0 : 1.966596873
14 24 : 1.0 -1.0 : 0.8197217108
14 24 : 1.0 -0.6 : 0.6613061576
14 24 : 1.0 -0.2 : 0.5799472365
14 24 : 1.0 0.2 : 0.5799472365
14 24 : 1.0 0.6 : 0.6613061576
14 24 : 1.0 1.0 : 0.8197217108
15 16 : -1.0 -1.0 : -1.128468423
15 16 : -1.0 -0.6 : -0.5400301929
15 16 : -1.0 -0.2 : -0.2439231597
15 16 : -1.0 0.2 : -0.2155227471
15 16 : -1.0 0.6 : 0.0812187047
15 16 : -1.0 1.0 : 0.670825611
15 16 : -0.6 -1.0 : -0.9557817923
15 16 : -0.6 -0.6 : -0.3669590895
15 16 : -0.6 -0.2 : -0.07049355945
15 16 : -0.6 0.2 : -0.04181722502
15 16 : -0.6 0.6 : 0.2550740115
15 16 : -0.6 1.0 : 0.8446809178
15 16 : -0.2 -1.0 : -0.9025383423
15 16 : -0.2 -0.6 : -0.3133571426
15 16 : -0.2 -0.2 : -0.01661569077
15 16 : -0.2 0.2 : 0.01221042841
15 16 : -0.2 0.6 : 0.309101665
15 16 : -0.2 1.0 : 0.8985587865
15 16 : 0.2 -1.0 : -0.8985587865
15 16 : 0.2 -0.6 : -0.309101665
15 16 : 0.2 -0.2 : -0.01221042841
15 16 : 0.2 0.2 : 0.01661569077
15 16 : 0.2 0.6 : 0.3133571426
15 16 : 0.2 1.0 : 0.9025383423
15 16 : 0.6 -1.0 : -0.8446809178
15 16 : 0.6 -0.6 : -0.2550740115
15 16 : 0.6 -0.2 : 0.04181722502
15 16 : 0.6 0.2 : 0.07049355945
15 16 : 0.6 0.6 : 0.3669590895
15 16 : 0.6 1.0 : 0.9557817923
15 16 : 1.0 -1.0 : -0.670825611
15 16 : 1.0 -0.6 : -0.0812187047
15 16 : 1.0 -0.2 : 0.2155227471
15 16 : 1.0 0.2 : 0.2439231597
15 16 : 1.0 0.6 : 0.5400301929
15 16 : 1.0 1.0 : 1.128468423
15 17 : -1.0 -1.0 : -0.5780662914
15 17 : -1.0 -0.6 : -0.2858671073
15 17 : -1.0 -0.2 : -0.2130644299
15 17 : -1.0 0.2 : -0.2464632068
15 17 : -1.0 0.6 : -0.1736605294
15 17 : -1.0 1.0 : 0.1185386547
15 17 : -0.6 -1.0 : -0.4344649884
15 17 : -0.6 -0.6 : -0.1324030325
15 17 : -0.6 -0.2 : -0.04656156237
15 17 : -0.6 0.2 : -0.06580406432
15 17 : -0.6 0.6 : 0.02003740582
15 17 : -0.6 1.0 : 0.3220993617
15 17 : -0.2 -1.0 : -0.4201282539
15 17 : -0.2 -0.6 : -0.1050275053
15 17 : -0.2 -0.2 : -0.001948475673
15 17 : -0.2 0.2 : -0.002476082906
15 17 : -0.2 0.6 : 0.1006029468
15 17 : -0.2 1.0 : 0.4157036954
15 17 : 0.2 -1.0 : -0.4587342871
15 17 : 0.2 -0.6 : -0.1294772635
15 17 : 0.2 -0.2 : -0.007683339129
15 17 : 0.2 0.2 : 0.01210789771
15 17 : 0.2 0.6 : 0.1339018221
15 17 : 0.2 1.0 : 0.4631588457
15 17 : 0.6 -1.0 : -0.4443975526
15 17 : 0.6 -0.6 : -0.1021017364
15 17 : 0.6 -0.2 : 0.03692974757
15 17 : 0.6 0.2 : 0.07543587912
15 17 : 0.6 0.6 : 0.214467363
15 17 : 0.6 1.0 : 0.5567631793
15 17 : 1.0 -1.0 : -0.3007962496
15 17 : 1.0 -0.6 : 0.05136233843
15 17 : 1.0 -0.2 : 0.2034326151
15 17 : 1.0 0.2 : 0.2560950216
15 17 : 1.0 0.6 : 0.4081652982
15 17 : 1.0 1.0 : 0.7603238863
15 18 : -1.0 -1.0 : -1.170030195
15 18 : -1.0 -0.6 : -0.6441203282
15 18 : -1.0 -0.2 : -0.2610280024
15 18 : -1.0 0.2 : -0.2023713012
15 18 : -1.0 0.6 : 0.1506676423
15 18 : -1.0 1.0 : 0.6212155125
15 18 : -0.6 -1.0 : -0.9540812919
15 18 : -0.6 -0.6 : -0.4463845062
15 18 : -0.6 -0.2 : -0.08027472484
15 18 : -0.6 0.2 : -0.03468886144
15 18 : -0.6 0.6 : 0.3112545488
15 18 : -0.6 1.0 : 0.781802419
15 18 : -0.2 -1.0 : -0.8656676749
15 18 : -0.2 -0.6 : -0.3749534336
15 18 : -0.2 -0.2 : -0.02191449012
15 18 : -0.2 0.2 : 0.01657584003
15 18 : -0.2 0.6 : 0.3625192503
15 18 : -0.2 1.0 : 0.8401626537
15 18 : 0.2 -1.0 : -0.8401626537
15 18 : 0.2 -0.6 : -0.3625192503
15 18 : 0.2 -0.2 : -0.01657584003
15 18 : 0.2 0.2 : 0.02191449012
15 18 : 0.2 0.6 : 0.3749534336
15 18 : 0.2 1.0 : 0.8656676749
15 18 : 0.6 -1.0 : -0.781802419
15 18 : 0.6 -0.6 : -0.3112545488
15 18 : 0.6 -0.2 : 0.03468886144
15 18 : 0.6 0.2 : 0.08027472484
15 18 : 0.6 0.6 : 0.4463845062
15 18 : 0.6 1.0 : 0.9540812919
15 18 : 1.0 -1.0 : -0.6212155125
15 18 : 1.0 -0.6 : -0.1506676423
15 18 : 1.0 -0.2 : 0.2023713012
15 18 : 1.0 0.2 : 0.2610280024
15 18 : 1.0 0.6 : 0.6441203282
15 18 : 1.0 1.0 : 1.170030195
15 19 : -1.0 -1.0 : -0.4937293153
15 19 : -1.0 -0.6 : -0.9578492063
15 19 : -1.0 -0.2 : -0.6736398736
15 19 : -1.0 0.2 : 0.2199261426
15 19 : -1.0 0.6 : 0.5492652682
15 19 : -1.0 1.0 : 0.1682799612
15 19 : -0.6 -1.0 : -0.3422029575
15 19 : -0.6 -0.6 : -0.7926479722
15 19 : -0.6 -0.2 : -0.5010152028
15 19 : -0.6 0.2 : 0.3925508135
15 19 : -0.6 0.6 : 0.7144665022
15 19 : -0.6 1.0 : 0.319806319
15 19 : -0.2 -1.0 : -0.3173891331
15 19 : -0.2 -0.6 : -0.7497556725
15 19 : -0.2 -0.2 : -0.4483089626
15 19 : -0.2 0.2 : 0.4452570536
15 19 : -0.2 0.6 : 0.757358802
15 19 : -0.2 1.0 : 0.3446201434
15 19 : 0.2 -1.0 : -0.3446201434
15 19 : 0.2 -0.6 : -0.757358802
15 19 : 0.2 -0.2 : -0.4452570536
15 19 : 0.2 0.2 : 0.4483089626
15 19 : 0.2 0.6 : 0.7497556725
15 19 : 0.2 1.0 : 0.3173891331
15 19 : 0.6 -1.0 : -0.319806319
15 19 : 0.6 -0.6 : -0.7144665022
15 19 : 0.6 -0.2 : -0.3925508135
15 19 : 0.6 0.2 : 0.5010152028
15 19 : 0.6 0.6 : 0.7926479722
15 19 : 0.6 1.0 : 0.3422029575
15 19 : 1.0 -1.0 : -0.1682799612
15 19 : 1.0 -0.6 : -0.5492652682
15 19 : 1.0 -0.2 : -0.2199261426
15 19 : 1.0 0.2 : 0.6736398736
15 19 : 1.0 0.6 : 0.9578492063
15 19 : 1.0 1.0 : 0.4937293153
15 20 : -1.0 -1.0 : 0.3085709731
15 20 : -1.0 -0.6 : -0.02369639911
15 20 : -1.0 -0.2 : -0.2050076541
15 20 : -1.0 0.2 : -0.2088108613
15 20 : -1.0 0.6 : -0.03450557782
15 20 : -1.0 1.0 : 0.2924623545
15 20 : -0.6 -1.0 : 0.474508223
15 20 : -0.6 -0.6 : 0.1455267426
15 20 : -0.6 -0.2 : -0.03272062637
15 20 : -0.6 0.2 : -0.03416567352
15 20 : -0.6 0.6 : 0.1414197424
15 20 : -0.6 1.0 : 0.4683876746
15 20 : -0.2 -1.0 : 0.5222647482
15 20 : -0.2 -0.6 : 0.1963471539
15 20 : -0.2 -0.2 : 0.02045794494
15 20 : -0.2 0.2 : 0.02029303018
15 20 : -0.2 0.6 : 0.1958784461
15 20 : -0.2 1.0 : 0.5215662459
15 20 : 0.2 -1.0 : 0.5228860997
15 20 : 0.2 -0.6 : 0.1993266653
15 20 : 0.2 -0.2 : 0.02471758876
15 20 : 0.2 0.2 : 0.024552674
15 20 : 0.2 0.6 : 0.1988579575
15 20 : 0.2 1.0 : 0.5221875974
15 20 : 0.6 -1.0 : 0.576064671
15 20 : 0.6 -0.6 : 0.253785369
15 20 : 0.6 -0.2 : 0.07917629246
15 20 : 0.6 0.2 : 0.07773124532
15 20 : 0.6 0.6 : 0.2496783688
15 20 : 0.6 1.0 : 0.5699441226
15 20 : 1.0 -1.0 : 0.7519899911
15 20 : 1.0 -0.6 : 0.4297106892
15 20 : 1.0 -0.2 : 0.2538214802
15 20 : 1.0 0.2 : 0.2500182731
15 20 : 1.0 0.6 : 0.4189015105
15 20 : 1.0 1.0 : 0.7358813725
15 21 : -1.0 -1.0 : -1.146968313
15 21 : -1.0 -0.6 : -0.8467537758
15 21 : -1.0 -0.2 : -0.4493615159
15 21 : -1.0 0.2 : -0.005948931117
15 21 : -1.0 0.6 : 0.4241787927
15 21 : -1.0 1.0 : 0.784696048
15 21 : -0.6 -1.0 : -0.9893849246
15 21 : -0.6 -0.6 : -0.6792511433
15 21 : -0.6 -0.2 : -0.2764741999
15 21 : -0.6 0.2 : 0.1669383849
15 21 : -0.6 0.6 : 0.5916814252
15 21 : -0.6 1.0 : 0.9422794368
15 21 : -0.2 -1.0 : -0.9565635772
15 21 : -0.2 -0.6 : -0.633316346
15 21 : -0.2 -0.2 : -0.2234207374
15 21 : -0.2 0.2 : 0.2199918474
15 21 : -0.2 0.6 : 0.6376162225
15 21 : -0.2 1.0 : 0.9751007842
15 21 : 0.2 -1.0 : -0.9751007842
15 21 : 0.2 -0.6 : -0.6376162225
15 21 : 0.2 -0.2 : -0.2199918474
15 21 : 0.2 0.2 : 0.2234207374
15 21 : 0.2 0.6 : 0.633316346
15 21 : 0.2 1.0 : 0.9565635772
15 21 : 0.6 -1.0 : -0.9422794368
15 21 : 0.6 -0.6 : -0.5916814252
15 21 : 0.6 -0.2 : -0.1669383849
15 21 : 0.6 0.2 : 0.2764741999
15 21 : 0.6 0.6 : 0.6792511433
15 21 : 0.6 1.0 : 0.9893849246
15 21 : 1.0 -1.0 : -0.784696048
15 21 : 1.0 -0.6 : -0.4241787927
15 21 : 1.0 -0.2 : 0.005948931117
15 21 : 1.0 0.2 : 0.4493615159
15 21 : 1.0 0.6 : 0.8467537758
15 21 : 1.0 1.0 : 1.146968313
15 22 : -1.0 -1.0 : -0.9973216728
15 22 : -1.0 -0.6 : -0.5304504421
15 22 : -1.0 -0.2 : -0.2454317068
15 22 : -1.0 0.2 : -0.2173297105
15 22 : -1.0 0.6 : 0.04258716442
15 22 : -1.0 1.0 : 0.4632177061
15 22 : -0.6 -1.0 : -0.8006203233
15 22 : -0.6 -0.6 : -0.3480847492
15 22 : -0.6 -0.2 : -0.07084815684
15 22 : -0.6 0.2 : -0.04274616058
15 22 : -0.6 0.6 : 0.2249528573
15 22 : -0.6 1.0 : 0.6599190556
15 22 : -0.2 -1.0 : -0.734098859
15 22 : -0.2 -0.6 : -0.2893454279
15 22 : -0.2 -0.2 : -0.01633338905
15 22 : -0.2 0.2 : 0.01176860721
15 22 : -0.2 0.6 : 0.2836921786
15 22 : -0.2 1.0 : 0.7264405199
15 22 : 0.2 -1.0 : -0.7296743004
15 22 : 0.2 -0.6 : -0.2849208693
15 22 : 0.2 -0.2 : -0.01190883047
15 22 : 0.2 0.2 : 0.01619316579
15 22 : 0.2 0.6 : 0.2881167372
15 22 : 0.2 1.0 : 0.7308650784
15 22 : 0.6 -1.0 : -0.6882546966
15 22 : 0.6 -0.6 : -0.2357191225
15 22 : 0.6 -0.2 : 0.04151746985
15 22 : 0.6 0.2 : 0.06961946611
15 22 : 0.6 0.6 : 0.337318484
15 22 : 0.6 1.0 : 0.7722846823
15 22 : 1.0 -1.0 : -0.5377940361
15 22 : 1.0 -0.6 : -0.07092280541
15 22 : 1.0 -0.2 : 0.2140959299
15 22 : 1.0 0.2 : 0.2421979262
15 22 : 1.0 0.6 : 0.5021148011
15 22 : 1.0 1.0 : 0.9227453428
15 23 : -1.0 -1.0 : -0.9212423931
15 23 : -1.0 -0.6 : -0.6821462486
15 23 : -1.0 -0.2 : -0.3870461186
15 23 : -1.0 0.2 : -0.07248151804
15 23 : -1.0 0.6 : 0.222618612
15 23 : -1.0 1.0 : 0.4617147564
15 23 : -0.6 -1.0 : -0.7736269063
15 23 : -0.6 -0.6 : -0.5259885829
15 23 : -0.6 -0.2 : -0.2195955117
15 23 : -0.6 0.2 : 0.1072298851
15 23 : -0.6 0.6 : 0.4136229562
15 23 : -0.6 1.0 : 0.6612612796
15 23 : -0.2 -1.0 : -0.7539833361
15 23 : -0.2 -0.6 : -0.4950520715
15 23 : -0.2 -0.2 : -0.1737294935
15 23 : -0.2 0.2 : 0.169304935
15 23 : -0.2 0.6 : 0.4906275129
15 23 : -0.2 1.0 : 0.7495587775
15 23 : 0.2 -1.0 : -0.7868277141
15 23 : 0.2 -0.6 : -0.5156356534
15 23 : 0.2 -0.2 : -0.1781040437
15 23 : 0.2 0.2 : 0.1825286023
15 23 : 0.2 0.6 : 0.520060212
15 23 : 0.2 1.0 : 0.7912522727
15 23 : 0.6 -1.0 : -0.7671841439
15 23 : 0.6 -0.6 : -0.484699142
15 23 : 0.6 -0.2 : -0.1322380255
15 23 : 0.6 0.2 : 0.2446036522
15 23 : 0.6 0.6 : 0.5970647687
15 23 : 0.6 1.0 : 0.8795497706
15 23 : 1.0 -1.0 : -0.6195686571
15 23 : 1.0 -0.6 : -0.3285414763
15 23 : 1.0 -0.2 : 0.03521258139
15 23 : 1.0 0.2 : 0.4243150553
15 23 : 1.0 0.6 : 0.7880691129
15 23 : 1.0 1.0 : 1.079096294
15 24 : -1.0 -1.0 : 0.02992744114
15 24 : -1.0 -0.6 : -0.134469001
15 24 : -1.0 -0.2 : -0.2190746608
15 24 : -1.0 0.2 : -0.2190746608
15 24 : -1.0 0.6 : -0.134469001
15 24 : -1.0 1.0 : 0.02992744114
15 24 : -0.6 -1.0 : 0.220183157
15 24 : -0.6 -0.6 : 0.04544764185
15 24 : -0.6 -0.2 : -0.04477060663
15 24 : -0.6 0.2 : -0.04477060663
15 24 : -0.6 0.6 : 0.04544764185
15 24 : -0.6 1.0 : 0.220183157
15 24 : -0.2 -1.0 : 0.2961980112
15 24 : -0.2 -0.6 : 0.1077940231
15 24 : -0.2 -0.2 : 0.01015581376
15 24 : -0.2 0.2 : 0.01015581376
15 24 : -0.2 0.6 : 0.1077940231
15 24 : -0.2 1.0 : 0.2961980112
15 24 : 0.2 -1.0 : 0.3245561858
15 24 : 0.2 -0.6 : 0.121312276
15 24 : 0.2 -0.2 : 0.01561818235
15 24 : 0.2 0.2 : 0.01561818235
15 24 : 0.2 0.6 : 0.121312276
15 24 : 0.2 1.0 : 0.3245561858
15 24 : 0.6 -1.0 : 0.40057104
15 24 : 0.6 -0.6 : 0.1836586572
15 24 : 0.6 -0.2 : 0.07054460273
15 24 : 0.6 0.2 : 0.07054460273
15 24 : 0.6 0.6 : 0.1836586572
15 24 : 0.6 1.0 : 0.40057104
15 24 : 1.0 -1.0 : 0.5908267559
15 24 : 1.0 -0.6 : 0.3635753001
15 24 : 1.0 -0.2 : 0.2448486569
15 24 : 1.0 0.2 : 0.2448486569
15 24 : 1.0 0.6 : 0.3635753001
15 24 : 1.0 1.0 : 0.5908267559
16 17 : -1.0 -1.0 : -1.3749164
16 17 : -1.0 -0.6 : -1.041257469
16 17 : -1.0 -0.2 : -0.9136441299
16 17 : -1.0 0.2 : -0.8875347288
16 17 : -1.0 0.6 : -0.7599213897
16 17 : -1.0 1.0 : -0.4262624587
16 17 : -0.6 -1.0 : -0.7741037506
16 17 : -0.6 -0.6 : -0.4431179792
16 17 : -0.6 -0.2 : -0.3210371831
16 17 : -0.6 0.2 : -0.3014764667
16 17 : -0.6 0.6 : -0.1793956705
16 17 : -0.6 1.0 : 0.1515901008
16 17 : -0.2 -1.0 : -0.4620927714
16 17 : -0.2 -0.6 : -0.1366395429
16 17 : -0.2 -0.2 : -0.02089696797
16 17 : -0.2 0.2 : -0.007948447443
16 17 : -0.2 0.6 : 0.1077941275
16 17 : -0.2 1.0 : 0.433247356
16 17 : 0.2 -1.0 : -0.4167697697
16 17 : 0.2 -0.6 : -0.09786522595
16 17 : 0.2 -0.2 : 0.01126515316
16 17 : 0.2 0.2 : 0.01758026225
16 17 : 0.2 0.6 : 0.1267106414
16 17 : 0.2 1.0 : 0.4456151851
16 17 : 0.6 -1.0 : -0.1047587904
16 17 : 0.6 -0.6 : 0.2086132104
16 17 : 0.6 -0.2 : 0.3114053683
16 17 : 0.6 0.2 : 0.3111082815
16 17 : 0.6 0.6 : 0.4139004394
16 17 : 0.6 1.0 : 0.7272724402
16 17 : 1.0 -1.0 : 0.4960538589
16 17 : 1.0 -0.6 : 0.8067527001
16 17 : 1.0 -0.2 : 0.9040123151
16 17 : 1.0 0.2 : 0.8971665436
16 17 : 1.0 0.6 : 0.9944261586
16 17 : 1.0 1.0 : 1.305125
16 18 : -1.0 -1.0 : -1.811045637
16 18 : -1.0 -0.6 : -1.307936868
16 18 : -1.0 -0.2 : -0.9334199002
16 18 : -1.0 0.2 : -0.8677589585
16 18 : -1.0 0.6 : -0.4932419911
16 18 : -1.0 1.0 : 0.009866778564
16 18 : -0.6 -1.0 : -1.202146232
16 18 : -0.6 -0.6 : -0.7054745805
16 18 : -0.6 -0.2 : -0.3394676198
16 18 : -0.6 0.2 : -0.28304603
16 18 : -0.6 0.6 : 0.08296093072
16 18 : -0.6 1.0 : 0.5796325819
16 18 : -0.2 -1.0 : -0.87944439
16 18 : -0.2 -0.6 : -0.3912827455
16 18 : -0.2 -0.2 : -0.03652619336
16 18 : -0.2 0.2 : 0.007680777956
16 18 : -0.2 0.6 : 0.36243733
16 18 : -0.2 1.0 : 0.8505989746
16 18 : 0.2 -1.0 : -0.8225142716
16 18 : 0.2 -0.6 : -0.3435919789
16 18 : 0.2 -0.2 : -0.001050045277
16 18 : 0.2 0.2 : 0.02989546069
16 18 : 0.2 0.6 : 0.3724373943
16 18 : 0.2 1.0 : 0.851359687
16 18 : 0.6 -1.0 : -0.4998124299
16 18 : 0.6 -0.6 : -0.02940014386
16 18 : 0.6 -0.2 : 0.3018913811
16 18 : 0.6 0.2 : 0.3206222686
16 18 : 0.6 0.6 : 0.6519137936
16 18 : 0.6 1.0 : 1.12232608
16 18 : 1.0 -1.0 : 0.1090869755
16 18 : 1.0 -0.6 : 0.5730621431
16 18 : 1.0 -0.2 : 0.8958436615
16 18 : 1.0 0.2 : 0.9053351971
16 18 : 1.0 0.6 : 1.228116715
16 18 : 1.0 1.0 : 1.692091883
16 19 : -1.0 -1.0 : -1.196426325
16 19 : -1.0 -0.6 : -1.640784511
16 19 : -1.0 -0.2 : -1.345847493
16 19 : -1.0 0.2 : -0.4522814767
16 19 : -1.0 0.6 : -0.1336700363
16 19 : -1.0 1.0 : -0.5344170481
16 19 : -0.6 -1.0 : -0.6186632622
16 19 : -0.6 -0.6 : -1.05584781
16 19 : -0.6 -0.2 : -0.7570165673
16 19 : -0.6 0.2 : 0.136549449
16 19 : -0.6 0.6 : 0.4512666641
16 19 : -0.6 1.0 : 0.04334601429
16 19 : -0.2 -1.0 : -0.3371243241
16 19 : -0.2 -0.6 : -0.7648251712
16 19 : -0.2 -0.2 : -0.46084568
16 19 : -0.2 0.2 : 0.4327203362
16 19 : -0.2 0.6 : 0.7422893032
16 19 : -0.2 1.0 : 0.3248849524
16 19 : 0.2 -1.0 : -0.3248849524
16 19 : 0.2 -0.6 : -0.7422893032
16 19 : 0.2 -0.2 : -0.4327203362
16 19 : 0.2 0.2 : 0.46084568
16 19 : 0.2 0.6 : 0.7648251712
16 19 : 0.2 1.0 : 0.3371243241
16 19 : 0.6 -1.0 : -0.04334601429
16 19 : 0.6 -0.6 : -0.4512666641
16 19 : 0.6 -0.2 : -0.136549449
16 19 : 0.6 0.2 : 0.7570165673
16 19 : 0.6 0.6 : 1.05584781
16 19 : 0.6 1.0 : 0.6186632622
16 19 : 1.0 -1.0 : 0.5344170481
16 19 : 1.0 -0.6 : 0.1336700363
16 19 : 1.0 -0.2 : 0.4522814767
16 19 : 1.0 0.2 : 1.345847493
16 19 : 1.0 0.6 : 1.640784511
16 19 : 1.0 1.0 : 1.196426325
16 20 : -1.0 -1.0 : -0.3564261573
16 20 : -1.0 -0.6 : -0.6946517656
16 20 : -1.0 -0.2 : -0.8771328828
16 20 : -1.0 0.2 : -0.8771328828
16 20 : -1.0 0.6 : -0.6946517656
16 20 : -1.0 1.0 : -0.3564261573
16 20 : -0.6 -1.0 : 0.2256895441
16 20 : -0.6 -0.6 : -0.1080612587
16 20 : -0.6 -0.2 : -0.2881132179
16 20 : -0.6 0.2 : -0.2881132179
16 20 : -0.6 0.6 : -0.1080612587
16 20 : -0.6 1.0 : 0.2256895441
16 20 : -0.2 -1.0 : 0.5129827629
16 20 : -0.2 -0.6 : 0.1851477475
16 20 : -0.2 -0.2 : 0.008307186601
16 20 : -0.2 0.2 : 0.008307186601
16 20 : -0.2 0.6 : 0.1851477475
16 20 : -0.2 1.0 : 0.5129827629
16 20 : 0.2 -1.0 : 0.5314695827
16 20 : 0.2 -0.6 : 0.2100573639
16 20 : 0.2 -0.2 : 0.03670343234
16 20 : 0.2 0.2 : 0.03670343234
16 20 : 0.2 0.6 : 0.2100573639
16 20 : 0.2 1.0 : 0.5314695827
16 20 : 0.6 -1.0 : 0.8187628015
16 20 : 0.6 -0.6 : 0.5032663701
16 20 : 0.6 -0.2 : 0.3331238369
16 20 : 0.6 0.2 : 0.3331238369
16 20 : 0.6 0.6 : 0.5032663701
16 20 : 0.6 1.0 : 0.8187628015
16 20 : 1.0 -1.0 : 1.400878503
16 20 : 1.0 -0.6 : 1.089856877
16 20 : 1.0 -0.2 : 0.9221435018
16 20 : 1.0 0.2 : 0.9221435018
16 20 : 1.0 0.6 : 1.089856877
16 20 : 1.0 1.0 : 1.400878503
16 21 : -1.0 -1.0 : -1.844208393
16 21 : -1.0 -0.6 : -1.521150238
16 21 : -1.0 -0.2 : -1.117051233
16 21 : -1.0 0.2 : -0.6841276254
16 21 : -1.0 0.6 : -0.2800286211
16 21 : -1.0 1.0 : 0.0430295347
16 21 : -0.6 -1.0 : -1.26218353
16 21 : -0.6 -0.6 : -0.9367212612
16 21 : -0.6 -0.2 : -0.5294439692
16 21 : -0.6 0.2 : -0.09306968053
16 21 : -0.6 0.6 : 0.3142076114
16 21 : -0.6 1.0 : 0.6396698798
16 21 : -0.2 -1.0 : -0.9750103999
16 21 : -0.2 -0.6 : -0.6463698439
16 21 : -0.2 -0.2 : -0.2348907886
16 21 : -0.2 0.2 : 0.2060453732
16 21 : -0.2 0.6 : 0.6175244285
16 21 : -0.2 1.0 : 0.9461649845
16 21 : 0.2 -1.0 : -0.9566539615
16 21 : 0.2 -0.6 : -0.6245627246
16 21 : 0.2 -0.2 : -0.2085217961
16 21 : 0.2 0.2 : 0.2373672115
16 21 : 0.2 0.6 : 0.65340814
16 21 : 0.2 1.0 : 0.9854993769
16 21 : 0.6 -1.0 : -0.6694808319
16 21 : 0.6 -0.6 : -0.3342113073
16 21 : 0.6 -0.2 : 0.08603138449
16 21 : 0.6 0.2 : 0.5364822653
16 21 : 0.6 0.6 : 0.9567249571
16 21 : 0.6 1.0 : 1.291994482
16 21 : 1.0 -1.0 : -0.08745596809
16 21 : 1.0 -0.6 : 0.250217669
16 21 : 1.0 -0.2 : 0.6736386484
16 21 : 1.0 0.2 : 1.12754021
16 21 : 1.0 0.6 : 1.55096119
16 21 : 1.0 1.0 : 1.888634827
16 22 : -1.0 -1.0 : -1.635248805
16 22 : -1.0 -0.6 : -1.188776115
16 22 : -1.0 -0.2 : -0.9148307731
16 22 : -1.0 0.2 : -0.8867287769
16 22 : -1.0 0.6 : -0.6157385088
16 22 : -1.0 1.0 : -0.1747094261
16 22 : -0.6 -1.0 : -1.044472074
16 22 : -0.6 -0.6 : -0.5988948081
16 22 : -0.6 -0.2 : -0.3254355485
16 22 : -0.6 0.2 : -0.2973335522
16 22 : -0.6 0.6 : -0.02585720155
16 22 : -0.6 1.0 : 0.4160673045
16 22 : -0.2 -1.0 : -0.7457287918
16 22 : -0.2 -0.6 : -0.3013352942
16 22 : -0.2 -0.2 : -0.028518646
16 22 : -0.2 0.2 : -0.0004166497429
16 22 : -0.2 0.6 : 0.2717023123
16 22 : -0.2 1.0 : 0.7148105871
16 22 : 0.2 -1.0 : -0.7148105871
16 22 : 0.2 -0.6 : -0.2717023123
16 22 : 0.2 -0.2 : 0.0004166497429
16 22 : 0.2 0.2 : 0.028518646
16 22 : 0.2 0.6 : 0.3013352942
16 22 : 0.2 1.0 : 0.7457287918
16 22 : 0.6 -1.0 : -0.4160673045
16 22 : 0.6 -0.6 : 0.02585720155
16 22 : 0.6 -0.2 : 0.2973335522
16 22 : 0.6 0.2 : 0.3254355485
16 22 : 0.6 0.6 : 0.5988948081
16 22 : 0.6 1.0 : 1.044472074
16 22 : 1.0 -1.0 : 0.1747094261
16 22 : 1.0 -0.6 : 0.6157385088
16 22 : 1.0 -0.2 : 0.8867287769
16 22 : 1.0 0.2 : 0.9148307731
16 22 : 1.0 0.6 : 1.188776115
16 22 : 1.0 1.0 : 1.635248805
16 23 : -1.0 -1.0 : -1.716643403
16 23 : -1.0 -0.6 : -1.429920941
16 23 : -1.0 -0.2 : -1.082884648
16 23 : -1.0 0.2 : -0.7202736193
16 23 : -1.0 0.6 : -0.388602269
16 23 : -1.0 1.0 : -0.1301839042
16 23 : -0.6 -1.0 : -1.105649999
16 23 : -0.6 -0.6 : -0.8282390652
16 23 : -0.6 -0.2 : -0.4898851838
16 23 : -0.6 0.2 : -0.1339566858
16 23 : -0.6 0.6 : 0.1940870376
16 23 : -0.6 1.0 : 0.4525054024
16 23 : -0.2 -1.0 : -0.7912066833
16 23 : -0.2 -0.6 : -0.5224781604
16 23 : -0.2 -0.2 : -0.1908068102
16 23 : -0.2 0.2 : 0.1614940609
16 23 : -0.2 0.6 : 0.4895377843
16 23 : -0.2 1.0 : 0.751583776
16 23 : 0.2 -1.0 : -0.751583776
16 23 : 0.2 -0.6 : -0.4895377843
16 23 : 0.2 -0.2 : -0.1614940609
16 23 : 0.2 0.2 : 0.1908068102
16 23 : 0.2 0.6 : 0.5224781604
16 23 : 0.2 1.0 : 0.7912066833
16 23 : 0.6 -1.0 : -0.4525054024
16 23 : 0.6 -0.6 : -0.1940870376
16 23 : 0.6 -0.2 : 0.1339566858
16 23 : 0.6 0.2 : 0.4898851838
16 23 : 0.6 0.6 : 0.8282390652
16 23 : 0.6 1.0 : 1.105649999
16 23 : 1.0 -1.0 : 0.1301839042
16 23 : 1.0 -0.6 : 0.388602269
16 23 : 1.0 -0.2 : 0.7202736193
16 23 : 1.0 0.2 : 1.082884648
16 23 : 1.0 0.6 : 1.429920941
16 23 : 1.0 1.0 : 1.716643403
16 24 : -1.0 -1.0 : -0.5468454521
16 24 : -1.0 -0.6 : -0.7632475653
16 24 : -1.0 -0.2 : -0.8816427842
16 24 : -1.0 0.2 : -0.8918816028
16 24 : -1.0 0.6 : -0.7923475368
16 24 : -1.0 1.0 : -0.5902123308
16 24 : -0.6 -1.0 : 0.02190898808
16 24 : -0.6 -0.6 : -0.185646999
16 24 : -0.6 -0.2 : -0.2957937654
16 24 : -0.6 0.2 : -0.2996840546
16 24 : -0.6 0.6 : -0.1967036754
16 24 : -0.6 1.0 : 0.005431530614
16 24 : -0.2 -1.0 : 0.3020140379
16 24 : -0.2 -0.6 : 0.1027065032
16 24 : -0.2 -0.2 : -0.001091733759
16 24 : -0.2 0.2 : -0.001535709651
16 24 : -0.2 0.6 : 0.1014446696
16 24 : -0.2 1.0 : 0.3001335623
16 24 : 0.2 -1.0 : 0.3206206347
16 24 : 0.2 -0.6 : 0.1276616295
16 24 : 0.2 -0.2 : 0.02730970576
16 24 : 0.2 0.2 : 0.02686572987
16 24 : 0.2 0.6 : 0.1263997958
16 24 : 0.2 1.0 : 0.3187401591
16 24 : 0.6 -1.0 : 0.6153226664
16 24 : 0.6 -0.6 : 0.4258099744
16 24 : 0.6 -0.2 : 0.3254580507
16 24 : 0.6 0.2 : 0.3215677615
16 24 : 0.6 0.6 : 0.4147532981
16 24 : 0.6 1.0 : 0.5988452089
16 24 : 1.0 -1.0 : 1.210966528
16 24 : 1.0 -0.6 : 1.021453836
16 24 : 1.0 -0.2 : 0.9176555989
16 24 : 1.0 0.2 : 0.9074167803
16 24 : 1.0 0.6 : 0.9923538644
16 24 : 1.0 1.0 : 1.167599649
17 18 : -1.0 -1.0 : -1.230079502
17 18 : -1.0 -0.6 : -0.766385358
17 18 : -1.0 -0.2 : -0.4439753585
17 18 : -1.0 0.2 : -0.4348871826
17 18 : -1.0 0.6 : -0.1124771831
17 18 : -1.0 1.0 : 0.3512169612
17 18 : -0.6 -1.0 : -0.9277484405
17 18 : -0.6 -0.6 : -0.4594326765
17 18 : -0.6 -0.2 : -0.1274574757
17 18 : -0.6 0.2 : -0.1070472931
17 18 : -0.6 0.6 : 0.2249279076
17 18 : -0.6 1.0 : 0.6932436717
17 18 : -0.2 -1.0 : -0.8415512069
17 18 : -0.2 -0.6 : -0.3636702416
17 18 : -0.2 -0.2 : -0.02073690411
17 18 : -0.2 0.2 : 0.01110508931
17 18 : -0.2 0.6 : 0.3540384268
17 18 : -0.2 1.0 : 0.8319193921
17 18 : 0.2 -1.0 : -0.8604074548
17 18 : 0.2 -0.6 : -0.3712044828
17 18 : 0.2 -0.2 : -0.01683933453
17 18 : 0.2 0.2 : 0.02647114933
17 18 : 0.2 0.6 : 0.3808362976
17 18 : 0.2 1.0 : 0.8700392696
17 18 : 0.6 -1.0 : -0.7742102211
17 18 : 0.6 -0.6 : -0.2754420479
17 18 : 0.6 -0.2 : 0.08988123708
17 18 : 0.6 0.2 : 0.1446235318
17 18 : 0.6 0.6 : 0.5099468168
17 18 : 0.6 1.0 : 1.00871499
17 18 : 1.0 -1.0 : -0.4718791595
17 18 : 1.0 -0.6 : 0.03151063362
17 18 : 1.0 -0.2 : 0.4063991198
17 18 : 1.0 0.2 : 0.4724634212
17 18 : 1.0 0.6 : 0.8473519074
17 18 : 1.0 1.0 : 1.3507417
17 19 : -1.0 -1.0 : -0.779631652
17 19 : -1.0 -0.6 : -1.196482475
17 19 : -1.0 -0.2 : -0.8866130247
17 19 : -1.0 0.2 : 0.006952991568
17 19 : -1.0 0.6 : 0.3106319992
17 19 : -1.0 1.0 : -0.1176223755
17 19 : -0.6 -1.0 : -0.4544275351
17 19 : -0.6 -0.6 : -0.873154138
17 19 : -0.6 -0.2 : -0.5643029585
17 19 : -0.6 0.2 : 0.3292630578
17 19 : -0.6 0.6 : 0.6339603364
17 19 : -0.6 1.0 : 0.2075817414
17 19 : -0.2 -1.0 : -0.3379916391
17 19 : -0.2 -0.6 : -0.7591980622
17 19 : -0.2 -0.2 : -0.4516930585
17 19 : -0.2 0.2 : 0.4418729577
17 19 : -0.2 0.6 : 0.7479164123
17 19 : -0.2 1.0 : 0.3240176374
17 19 : 0.2 -1.0 : -0.3240176374
17 19 : 0.2 -0.6 : -0.7479164123
17 19 : 0.2 -0.2 : -0.4418729577
17 19 : 0.2 0.2 : 0.4516930585
17 19 : 0.2 0.6 : 0.7591980622
17 19 : 0.2 1.0 : 0.3379916391
17 19 : 0.6 -1.0 : -0.2075817414
17 19 : 0.6 -0.6 : -0.6339603364
17 19 : 0.6 -0.2 : -0.3292630578
17 19 : 0.6 0.2 : 0.5643029585
17 19 : 0.6 0.6 : 0.873154138
17 19 : 0.6 1.0 : 0.4544275351
17 19 : 1.0 -1.0 : 0.1176223755
17 19 : 1.0 -0.6 : -0.3106319992
17 19 : 1.0 -0.2 : -0.006952991568
17 19 : 1.0 0.2 : 0.8866130247
17 19 : 1.0 0.6 : 1.196482475
17 19 : 1.0 1.0 : 0.779631652
17 20 : -1.0 -1.0 : 0.1005784597
17 20 : -1.0 -0.6 : -0.2350717653
17 20 : -1.0 -0.2 : -0.41615483
17 20 : -1.0 0.2 : -0.41615483
17 20 : -1.0 0.6 : -0.2350717653
17 20 : -1.0 1.0 : 0.1005784597
17 20 : -0.6 -1.0 : 0.4169068818
17 20 : -0.6 -0.6 : 0.08488420841
17 20 : -0.6 -0.2 : -0.09422963189
17 20 : -0.6 0.2 : -0.09422963189
17 20 : -0.6 0.6 : 0.08488420841
17 20 : -0.6 1.0 : 0.4169068818
17 20 : -0.2 -1.0 : 0.5216089217
17 20 : -0.2 -0.6 : 0.1943819483
17 20 : -0.2 -0.2 : 0.0178714643
17 20 : -0.2 0.2 : 0.0178714643
17 20 : -0.2 0.6 : 0.1943819483
17 20 : -0.2 1.0 : 0.5216089217
17 20 : 0.2 -1.0 : 0.5228434239
17 20 : 0.2 -0.6 : 0.2008231631
17 20 : 0.2 -0.2 : 0.02713915464
17 20 : 0.2 0.2 : 0.02713915464
17 20 : 0.2 0.6 : 0.2008231631
17 20 : 0.2 1.0 : 0.5228434239
17 20 : 0.6 -1.0 : 0.6275454638
17 20 : 0.6 -0.6 : 0.310320903
17 20 : 0.6 -0.2 : 0.1392402508
17 20 : 0.6 0.2 : 0.1392402508
17 20 : 0.6 0.6 : 0.310320903
17 20 : 0.6 1.0 : 0.6275454638
17 20 : 1.0 -1.0 : 0.9438738859
17 20 : 1.0 -0.6 : 0.6302768767
17 20 : 1.0 -0.2 : 0.461165449
17 20 : 1.0 0.2 : 0.461165449
17 20 : 1.0 0.6 : 0.6302768767
17 20 : 1.0 1.0 : 0.9438738859
17 21 : -1.0 -1.0 : -1.362734579
17 21 : -1.0 -0.6 : -1.046359901
17 21 : -1.0 -0.2 : -0.6510965957
17 21 : -1.0 0.2 : -0.2277659453
17 21 : -1.0 0.6 : 0.1674973602
17 21 : -1.0 1.0 : 0.4838720383
17 21 : -0.6 -1.0 : -1.054546912
17 21 : -0.6 -0.6 : -0.7349143403
17 21 : -0.6 -0.2 : -0.3329082898
17 21 : -0.6 0.2 : 0.09840352092
17 21 : -0.6 0.6 : 0.5004095714
17 21 : -0.6 1.0 : 0.8200421427
17 21 : -0.2 -1.0 : -0.960607121
17 21 : -0.2 -0.6 : -0.6342318046
17 21 : -0.2 -0.2 : -0.2245010947
17 21 : -0.2 0.2 : 0.2148692799
17 21 : -0.2 0.6 : 0.6245999898
17 21 : -0.2 1.0 : 0.9509753062
17 21 : 0.2 -1.0 : -0.9710572405
17 21 : 0.2 -0.6 : -0.6367007639
17 21 : 0.2 -0.2 : -0.21891149
17 21 : 0.2 0.2 : 0.2285433048
17 21 : 0.2 0.6 : 0.6463325787
17 21 : 0.2 1.0 : 0.9806890553
17 21 : 0.6 -1.0 : -0.8771174498
17 21 : 0.6 -0.6 : -0.5360182282
17 21 : 0.6 -0.2 : -0.110504295
17 21 : 0.6 0.2 : 0.3450090638
17 21 : 0.6 0.6 : 0.7705229971
17 21 : 0.6 1.0 : 1.111622219
17 21 : 1.0 -1.0 : -0.5689297821
17 21 : 1.0 -0.6 : -0.2245726673
17 21 : 1.0 -0.2 : 0.207684011
17 21 : 1.0 0.2 : 0.6711785301
17 21 : 1.0 0.6 : 1.103435208
17 21 : 1.0 1.0 : 1.447792323
17 22 : -1.0 -1.0 : -1.161778921
17 22 : -1.0 -0.6 : -0.7229400564
17 22 : -1.0 -0.2 : -0.453138753
17 22 : -1.0 0.2 : -0.4250367567
17 22 : -1.0 0.6 : -0.1499024498
17 22 : -1.0 1.0 : 0.2987604579
17 22 : -0.6 -1.0 : -0.8445120564
17 22 : -0.6 -0.6 : -0.4026275169
17 22 : -0.6 -0.2 : -0.1311728621
17 22 : -0.6 0.2 : -0.1030708659
17 22 : -0.6 0.6 : 0.1704100896
17 22 : -0.6 1.0 : 0.6160273224
17 22 : -0.2 -1.0 : -0.7347420812
17 22 : -0.2 -0.6 : -0.2912041902
17 22 : -0.2 -0.2 : -0.01885201
17 22 : -0.2 0.2 : 0.009249986262
17 22 : -0.2 0.6 : 0.2818334163
17 22 : -0.2 1.0 : 0.7257972977
17 22 : 0.2 -1.0 : -0.7251102664
17 22 : 0.2 -0.6 : -0.2815723754
17 22 : 0.2 -0.2 : -0.009220195196
17 22 : 0.2 0.2 : 0.01888180106
17 22 : 0.2 0.6 : 0.2914652311
17 22 : 0.2 1.0 : 0.7354291125
17 22 : 0.6 -1.0 : -0.6100072876
17 22 : 0.6 -0.6 : -0.168122748
17 22 : 0.6 -0.2 : 0.1033319067
17 22 : 0.6 0.2 : 0.131433903
17 22 : 0.6 0.6 : 0.4049148585
17 22 : 0.6 1.0 : 0.8505320913
17 22 : 1.0 -1.0 : -0.2829163799
17 22 : 1.0 -0.6 : 0.1559224847
17 22 : 1.0 -0.2 : 0.425723788
17 22 : 1.0 0.2 : 0.4538257843
17 22 : 1.0 0.6 : 0.7289600912
17 22 : 1.0 1.0 : 1.177622999
17 23 : -1.0 -1.0 : -1.260226889
17 23 : -1.0 -0.6 : -0.9712544525
17 23 : -1.0 -0.2 : -0.6223890389
17 23 : -1.0 0.2 : -0.2586585186
17 23 : -1.0 0.6 : 0.07324594946
17 23 : -1.0 1.0 : 0.3309742546
17 23 : -0.6 -1.0 : -0.9141372291
17 23 : -0.6 -0.6 : -0.6354435388
17 23 : -0.6 -0.2 : -0.2961624045
17 23 : -0.6 0.2 : 0.06019144956
17 23 : -0.6 0.6 : 0.388091478
17 23 : -0.6 1.0 : 0.6458197831
17 23 : -0.2 -1.0 : -0.7822624322
17 23 : -0.2 -0.6 : -0.5131530213
17 23 : -0.2 -0.2 : -0.1812485533
17 23 : -0.2 0.2 : 0.1711008612
17 23 : -0.2 0.6 : 0.4990008897
17 23 : -0.2 1.0 : 0.7607336344
17 23 : 0.2 -1.0 : -0.7607336344
17 23 : 0.2 -0.6 : -0.4990008897
17 23 : 0.2 -0.2 : -0.1711008612
17 23 : 0.2 0.2 : 0.1812485533
17 23 : 0.2 0.6 : 0.5131530213
17 23 : 0.2 1.0 : 0.7822624322
17 23 : 0.6 -1.0 : -0.6458197831
17 23 : 0.6 -0.6 : -0.388091478
17 23 : 0.6 -0.2 : -0.06019144956
17 23 : 0.6 0.2 : 0.2961624045
17 23 : 0.6 0.6 : 0.6354435388
17 23 : 0.6 1.0 : 0.9141372291
17 23 : 1.0 -1.0 : -0.3309742546
17 23 : 1.0 -0.6 : -0.07324594946
17 23 : 1.0 -0.2 : 0.2586585186
17 23 : 1.0 0.2 : 0.6223890389
17 23 : 1.0 0.6 : 0.9712544525
17 23 : 1.0 1.0 : 1.260226889
17 24 : -1.0 -1.0 : -0.1858955778
17 24 : -1.0 -0.6 : -0.3630197474
17 24 : -1.0 -0.2 : -0.4399643954
17 24 : -1.0 0.2 : -0.4131241495
17 24 : -1.0 0.6 : -0.2867364946
17 24 : -1.0 1.0 : -0.07221276623
17 24 : -0.6 -1.0 : 0.1549830876
17 24 : -0.6 -0.6 : -0.02829296621
17 24 : -0.6 -0.2 : -0.1133705351
17 24 : -0.6 0.2 : -0.09536023762
17 24 : -0.6 0.6 : 0.0228944964
17 24 : -0.6 1.0 : 0.2312663405
17 24 : -0.2 -1.0 : 0.2921410682
17 24 : -0.2 -0.6 : 0.1007320934
17 24 : -0.2 -0.2 : 0.004902631029
17 24 : -0.2 0.2 : 0.01123955028
17 24 : -0.2 0.6 : 0.1187423909
17 24 : -0.2 1.0 : 0.318981314
17 24 : 0.2 -1.0 : 0.3286131288
17 24 : 0.2 -0.6 : 0.1283742057
17 24 : 0.2 -0.2 : 0.02087136508
17 24 : 0.2 0.2 : 0.01453444583
17 24 : 0.2 0.6 : 0.1103639082
17 24 : 0.2 1.0 : 0.301772883
17 24 : 0.6 -1.0 : 0.4657711094
17 24 : 0.6 -0.6 : 0.2573992653
17 24 : 0.6 -0.2 : 0.1391445312
17 24 : 0.6 0.2 : 0.1211342337
17 24 : 0.6 0.6 : 0.2062118027
17 24 : 0.6 1.0 : 0.3894878565
17 24 : 1.0 -1.0 : 0.8066497748
17 24 : 1.0 -0.6 : 0.5921260465
17 24 : 1.0 -0.2 : 0.4657383915
17 24 : 1.0 0.2 : 0.4388981457
17 24 : 1.0 0.6 : 0.5158427936
17 24 : 1.0 1.0 : 0.6929669632
18 19 : -1.0 -1.0 : -1.178040406
18 19 : -1.0 -0.6 : -1.603038192
18 19 : -1.0 -0.2 : -1.297591338
18 19 : -1.0 0.2 : -0.4040253218
18 19 : -1.0 0.6 : -0.09592371762
18 19 : -1.0 1.0 : -0.5160311297
18 19 : -0.6 -1.0 : -0.6969436245
18 19 : -0.6 -0.6 : -1.120425284
18 19 : -0.6 -0.2 : -0.8141553977
18 19 : -0.6 0.2 : 0.07941061855
18 19 : -0.6 0.6 : 0.3866891903
18 19 : -0.6 1.0 : -0.03493434795
18 19 : -0.2 -1.0 : -0.3496217567
18 19 : -0.2 -0.6 : -0.7722803839
18 19 : -0.2 -0.2 : -0.4655637125
18 19 : -0.2 0.2 : 0.4280023037
18 19 : -0.2 0.6 : 0.7348340905
18 19 : -0.2 1.0 : 0.3123875198
18 19 : 0.2 -1.0 : -0.3120455181
18 19 : 0.2 -0.6 : -0.7347041453
18 19 : 0.2 -0.2 : -0.4279874739
18 19 : 0.2 0.2 : 0.4655785424
18 19 : 0.2 0.6 : 0.7724103292
18 19 : 0.2 1.0 : 0.3499637584
18 19 : 0.6 -1.0 : 0.03793109991
18 19 : 0.6 -0.6 : -0.3855505598
18 19 : 0.6 -0.2 : -0.07928067332
18 19 : 0.6 0.2 : 0.8142853429
18 19 : 0.6 0.6 : 1.121563915
18 19 : 0.6 1.0 : 0.6999403764
18 19 : 1.0 -1.0 : 0.5239182554
18 19 : 1.0 -0.6 : 0.09892046958
18 19 : 1.0 -0.2 : 0.4043673236
18 19 : 1.0 0.2 : 1.29793334
18 19 : 1.0 0.6 : 1.606034944
18 19 : 1.0 1.0 : 1.185927532
18 20 : -1.0 -1.0 : -0.2933007068
18 20 : -1.0 -0.6 : -0.6347469864
18 20 : -1.0 -0.2 : -0.8235202559
18 20 : -1.0 0.2 : -0.8318904967
18 20 : -1.0 0.6 : -0.6585362318
18 20 : -1.0 1.0 : -0.328753158
18 20 : -0.6 -1.0 : 0.1734185994
18 20 : -0.6 -0.6 : -0.1607959664
18 20 : -0.6 -0.2 : -0.3428261209
18 20 : -0.6 0.2 : -0.3460064347
18 20 : -0.6 0.6 : -0.1698348065
18 20 : -0.6 1.0 : 0.1599482673
18 20 : -0.2 -1.0 : 0.5083918189
18 20 : -0.2 -0.6 : 0.1809203682
18 20 : -0.2 -0.2 : 0.004080140729
18 20 : -0.2 0.2 : 0.003717190152
18 20 : -0.2 0.6 : 0.1798888184
18 20 : -0.2 1.0 : 0.5068545289
18 20 : 0.2 -1.0 : 0.5375978167
18 20 : 0.2 -0.6 : 0.215316293
18 20 : 0.2 -0.2 : 0.04129342879
18 20 : 0.2 0.2 : 0.04093047822
18 20 : 0.2 0.6 : 0.2142847432
18 20 : 0.2 1.0 : 0.5360605267
18 20 : 0.6 -1.0 : 0.8845040783
18 20 : 0.6 -0.6 : 0.5650399179
18 20 : 0.6 -0.2 : 0.3910170537
18 20 : 0.6 0.2 : 0.3878367398
18 20 : 0.6 0.6 : 0.5560010778
18 20 : 0.6 1.0 : 0.8710337462
18 20 : 1.0 -1.0 : 1.373205504
18 20 : 1.0 -0.6 : 1.053741343
18 20 : 1.0 -0.2 : 0.8769011157
18 20 : 1.0 0.2 : 0.8685308749
18 20 : 1.0 0.6 : 1.029952098
18 20 : 1.0 1.0 : 1.337753052
18 21 : -1.0 -1.0 : -1.834294222
18 21 : -1.0 -0.6 : -1.493088256
18 21 : -1.0 -0.2 : -1.073443709
18 21 : -1.0 0.2 : -0.6300311242
18 21 : -1.0 0.6 : -0.222155688
18 21 : -1.0 1.0 : 0.09737013913
18 21 : -0.6 -1.0 : -1.345000763
18 21 : -0.6 -0.6 : -1.007360981
18 21 : -0.6 -0.2 : -0.589652344
18 21 : -0.6 0.2 : -0.1462397592
18 21 : -0.6 0.6 : 0.2635715878
18 21 : -0.6 1.0 : 0.5866635988
18 21 : -0.2 -1.0 : -0.9887479271
18 21 : -0.2 -0.6 : -0.6558227157
18 21 : -0.2 -0.2 : -0.240673394
18 21 : -0.2 0.2 : 0.2027391908
18 21 : -0.2 0.6 : 0.6151098528
18 21 : -0.2 1.0 : 0.9429164343
18 21 : 0.2 -1.0 : -0.9429164343
18 21 : 0.2 -0.6 : -0.6151098528
18 21 : 0.2 -0.2 : -0.2027391908
18 21 : 0.2 0.2 : 0.240673394
18 21 : 0.2 0.6 : 0.6558227157
18 21 : 0.2 1.0 : 0.9887479271
18 21 : 0.6 -1.0 : -0.5866635988
18 21 : 0.6 -0.6 : -0.2635715878
18 21 : 0.6 -0.2 : 0.1462397592
18 21 : 0.6 0.2 : 0.589652344
18 21 : 0.6 0.6 : 1.007360981
18 21 : 0.6 1.0 : 1.345000763
18 21 : 1.0 -1.0 : -0.09737013913
18 21 : 1.0 -0.6 : 0.222155688
18 21 : 1.0 -0.2 : 0.6300311242
18 21 : 1.0 0.2 : 1.073443709
18 21 : 1.0 0.6 : 1.493088256
18 21 : 1.0 1.0 : 1.834294222
18 22 : -1.0 -1.0 : -1.615088891
18 22 : -1.0 -0.6 : -1.160205308
18 22 : -1.0 -0.2 : -0.8730198432
18 22 : -1.0 0.2 : -0.8289388184
18 22 : -1.0 0.6 : -0.5417533533
18 22 : -1.0 1.0 : -0.08686977073
18 22 : -0.6 -1.0 : -1.120414226
18 22 : -0.6 -0.6 : -0.6691930961
18 22 : -0.6 -0.2 : -0.386849471
18 22 : -0.6 0.2 : -0.3480252533
18 22 : -0.6 0.6 : -0.06568162829
18 22 : -0.6 1.0 : 0.3855395015
18 22 : -0.2 -1.0 : -0.757047323
18 22 : -0.2 -0.6 : -0.3106680333
18 22 : -0.2 -0.2 : -0.03472542308
18 22 : -0.2 0.2 : -0.002850815559
18 22 : -0.2 0.6 : 0.2730917946
18 22 : -0.2 1.0 : 0.7194710844
18 22 : 0.2 -1.0 : -0.7034920558
18 22 : 0.2 -0.6 : -0.2623695732
18 22 : 0.2 -0.2 : 0.006623426823
18 22 : 0.2 0.2 : 0.03095281182
18 22 : 0.2 0.6 : 0.2999458119
18 22 : 0.2 1.0 : 0.7410682945
18 22 : 0.6 -1.0 : -0.340125153
18 22 : 0.6 -0.6 : 0.09615548956
18 22 : 0.6 -0.2 : 0.3587474748
18 22 : 0.6 0.2 : 0.3761272496
18 22 : 0.6 0.6 : 0.6387192348
18 22 : 0.6 1.0 : 1.074999877
18 22 : 1.0 -1.0 : 0.1545495121
18 22 : 1.0 -0.6 : 0.5871677018
18 22 : 1.0 -0.2 : 0.844917847
18 22 : 1.0 0.2 : 0.8570408147
18 22 : 1.0 0.6 : 1.11479096
18 22 : 1.0 1.0 : 1.54740915
18 23 : -1.0 -1.0 : -1.600628134
18 23 : -1.0 -0.6 : -1.345415814
18 23 : -1.0 -0.2 : -1.023995766
18 23 : -1.0 0.2 : -0.6770628422
18 23 : -1.0 0.6 : -0.3486562301
18 23 : -1.0 1.0 : -0.08057380574
18 23 : -0.6 -1.0 : -1.126935508
18 23 : -0.6 -0.6 : -0.8674891593
18 23 : -0.6 -0.2 : -0.5421211486
18 23 : -0.6 0.2 : -0.1921496234
18 23 : -0.6 0.6 : 0.1379065003
18 23 : -0.6 1.0 : 0.4059889246
18 23 : -0.2 -1.0 : -0.7862933109
18 23 : -0.2 -0.6 : -0.5228989996
18 23 : -0.2 -0.2 : -0.1944923874
18 23 : -0.2 0.2 : 0.1571286493
18 23 : -0.2 0.6 : 0.487184773
18 23 : -0.2 1.0 : 0.7536176858
18 23 : 0.2 -1.0 : -0.7536176858
18 23 : 0.2 -0.6 : -0.487184773
18 23 : 0.2 -0.2 : -0.1571286493
18 23 : 0.2 0.2 : 0.1944923874
18 23 : 0.2 0.6 : 0.5228989996
18 23 : 0.2 1.0 : 0.7862933109
18 23 : 0.6 -1.0 : -0.4059889246
18 23 : 0.6 -0.6 : -0.1379065003
18 23 : 0.6 -0.2 : 0.1921496234
18 23 : 0.6 0.2 : 0.5421211486
18 23 : 0.6 0.6 : 0.8674891593
18 23 : 0.6 1.0 : 1.126935508
18 23 : 1.0 -1.0 : 0.08057380574
18 23 : 1.0 -0.6 : 0.3486562301
18 23 : 1.0 -0.2 : 0.6770628422
18 23 : 1.0 0.2 : 1.023995766
18 23 : 1.0 0.6 : 1.345415814
18 23 : 1.0 1.0 : 1.600628134
18 24 : -1.0 -1.0 : -0.6172510561
18 24 : -1.0 -0.6 : -0.7655492764
18 24 : -1.0 -0.2 : -0.8414159809
18 24 : -1.0 0.2 : -0.8414159809
18 24 : -1.0 0.6 : -0.7655492764
18 24 : -1.0 1.0 : -0.6172510561
18 24 : -0.6 -1.0 : -0.1084930311
18 24 : -0.6 -0.6 : -0.272426344
18 24 : -0.6 -0.2 : -0.356780593
18 24 : -0.6 0.2 : -0.356780593
18 24 : -0.6 0.6 : -0.272426344
18 24 : -0.6 1.0 : -0.1084930311
18 24 : -0.2 -1.0 : 0.2734923712
18 24 : -0.2 -0.6 : 0.08888913558
18 24 : -0.2 -0.2 : -0.006685826805
18 24 : -0.2 0.2 : -0.006685826805
18 24 : -0.2 0.6 : 0.08888913558
18 24 : -0.2 1.0 : 0.2734923712
18 24 : 0.2 -1.0 : 0.3472618258
18 24 : 0.2 -0.6 : 0.1402171635
18 24 : 0.2 -0.2 : 0.03245982291
18 24 : 0.2 0.2 : 0.03245982291
18 24 : 0.2 0.6 : 0.1402171635
18 24 : 0.2 1.0 : 0.3472618258
18 24 : 0.6 -1.0 : 0.7292472281
18 24 : 0.6 -0.6 : 0.501532643
18 24 : 0.6 -0.2 : 0.3825545891
18 24 : 0.6 0.2 : 0.3825545891
18 24 : 0.6 0.6 : 0.501532643
18 24 : 0.6 1.0 : 0.7292472281
18 24 : 1.0 -1.0 : 1.238005253
18 24 : 1.0 -0.6 : 0.9946555755
18 24 : 1.0 -0.2 : 0.867189977
18 24 : 1.0 0.2 : 0.867189977
18 24 : 1.0 0.6 : 0.9946555755
18 24 : 1.0 1.0 : 1.238005253
19 20 : -1.0 -1.0 : 0.166516391
19 20 : -1.0 -0.6 : -0.1499796872
19 20 : -1.0 -0.2 : -0.3143321554
19 20 : -1.0 0.2 : -0.3026665022
19 20 : -1.0 0.6 : -0.1168244779
19 20 : -1.0 1.0 : 0.2159266781
19 20 : -0.6 -1.0 : -0.2479086691
19 20 : -0.6 -0.6 : -0.5662972669
19 20 : -0.6 -0.2 : -0.7345666149
19 20 : -0.6 0.2 : -0.7275372406
19 20 : -0.6 0.6 : -0.5456120962
19 20 : -0.6 1.0 : -0.2147534597
19 20 : -0.2 -1.0 : 0.0696103381
19 20 : -0.2 -0.6 : -0.2526951396
19 20 : -0.2 -0.2 : -0.4254517644
19 20 : -0.2 0.2 : -0.4231036329
19 20 : -0.2 0.6 : -0.2456657653
19 20 : -0.2 1.0 : 0.08127599127
19 20 : 0.2 -1.0 : 0.9748420075
19 20 : 0.2 -0.6 : 0.647900251
19 20 : 0.2 -0.2 : 0.4704623833
19 20 : 0.2 0.2 : 0.4681142519
19 20 : 0.2 0.6 : 0.6408708767
19 20 : 0.2 1.0 : 0.9631763543
19 20 : 0.6 -1.0 : 1.292361015
19 20 : 0.6 -0.6 : 0.9615023783
19 20 : 0.6 -0.2 : 0.7795772339
19 20 : 0.6 0.2 : 0.7725478595
19 20 : 0.6 0.6 : 0.9408172076
19 20 : 0.6 1.0 : 1.259205805
19 20 : 1.0 -1.0 : 0.8779359546
19 20 : 1.0 -0.6 : 0.5451847986
19 20 : 1.0 -0.2 : 0.3593427743
19 20 : 1.0 0.2 : 0.3476771211
19 20 : 1.0 0.6 : 0.5120295893
19 20 : 1.0 1.0 : 0.8285256675
19 21 : -1.0 -1.0 : -1.188589318
19 21 : -1.0 -0.6 : -0.9095883094
19 21 : -1.0 -0.2 : -0.5375855245
19 21 : -1.0 0.2 : -0.1197299214
19 21 : -1.0 0.6 : 0.2887081997
19 21 : -1.0 1.0 : 0.6348275425
19 21 : -0.6 -1.0 : -1.662506805
19 21 : -0.6 -0.6 : -1.361425096
19 21 : -0.6 -0.2 : -0.9688334563
19 21 : -0.6 0.2 : -0.5351313716
19 21 : -0.6 0.6 : -0.118090953
19 21 : -0.6 1.0 : 0.2280283898
19 21 : -0.2 -1.0 : -1.397489783
19 21 : -0.2 -0.6 : -1.075819219
19 21 : -0.2 -0.2 : -0.6673810981
19 21 : -0.2 0.2 : -0.2250767157
19 21 : -0.2 0.6 : 0.1919637029
19 21 : -0.2 1.0 : 0.5294807481
19 21 : 0.2 -1.0 : -0.5294807481
19 21 : 0.2 -0.6 : -0.1919637029
19 21 : 0.2 -0.2 : 0.2250767157
19 21 : 0.2 0.2 : 0.6673810981
19 21 : 0.2 0.6 : 1.075819219
19 21 : 0.2 1.0 : 1.397489783
19 21 : 0.6 -1.0 : -0.2280283898
19 21 : 0.6 -0.6 : 0.118090953
19 21 : 0.6 -0.2 : 0.5351313716
19 21 : 0.6 0.2 : 0.9688334563
19 21 : 0.6 0.6 : 1.361425096
19 21 : 0.6 1.0 : 1.662506805
19 21 : 1.0 -1.0 : -0.6348275425
19 21 : 1.0 -0.6 : -0.2887081997
19 21 : 1.0 -0.2 : 0.1197299214
19 21 : 1.0 0.2 : 0.5375855245
19 21 : 1.0 0.6 : 0.9095883094
19 21 : 1.0 1.0 : 1.188589318
19 22 : -1.0 -1.0 : -1.204982409
19 22 : -1.0 -0.6 : -0.7139542016
19 22 : -1.0 -0.2 : -0.3789847782
19 22 : -1.0 0.2 : -0.2830244983
19 22 : -1.0 0.6 : 0.05194492509
19 22 : -1.0 1.0 : 0.5429731328
19 22 : -0.6 -1.0 : -1.580257687
19 22 : -0.6 -0.6 : -1.100238132
19 22 : -0.6 -0.2 : -0.7880529233
19 22 : -0.6 0.2 : -0.7190615512
19 22 : -0.6 0.6 : -0.4068763426
19 22 : -0.6 1.0 : 0.07314321229
19 22 : -0.2 -1.0 : -1.210981839
19 22 : -0.2 -0.6 : -0.7537464993
19 22 : -0.2 -0.2 : -0.467663464
19 22 : -0.2 0.2 : -0.4259025523
19 22 : -0.2 0.6 : -0.139819517
19 22 : -0.2 1.0 : 0.3174158232
19 22 : 0.2 -1.0 : -0.2495575395
19 22 : 0.2 -0.6 : 0.1807088928
19 22 : 0.2 -0.2 : 0.4395614677
19 22 : 0.2 0.2 : 0.4540045485
19 22 : 0.2 0.6 : 0.7128571235
19 22 : 0.2 1.0 : 1.143123556
19 22 : 0.6 -1.0 : 0.1197183079
19 22 : 0.6 -0.6 : 0.5272005253
19 22 : 0.6 -0.2 : 0.759950927
19 22 : 0.6 0.2 : 0.7471635475
19 22 : 0.6 0.6 : 0.9799139491
19 22 : 0.6 1.0 : 1.387396167
19 22 : 1.0 -1.0 : -0.2555569696
19 22 : 1.0 -0.6 : 0.1409165951
19 22 : 1.0 -0.2 : 0.350882782
19 22 : 1.0 0.2 : 0.3111264945
19 22 : 1.0 0.6 : 0.5210926814
19 22 : 1.0 1.0 : 0.9175662461
19 23 : -1.0 -1.0 : -0.9726153608
19 23 : -1.0 -0.6 : -0.7499248246
19 23 : -1.0 -0.2 : -0.4765132553
19 23 : -1.0 0.2 : -0.1854960212
19 23 : -1.0 0.6 : 0.08791554806
19 23 : -1.0 1.0 : 0.3106060843
19 23 : -0.6 -1.0 : -1.437539086
19 23 : -0.6 -0.6 : -1.204982318
19 23 : -0.6 -0.2 : -0.9111509616
19 23 : -0.6 0.2 : -0.5959635129
19 23 : -0.6 0.6 : -0.3021321565
19 23 : -0.6 1.0 : -0.06957538828
19 23 : -0.2 -1.0 : -1.186780382
19 23 : -0.2 -0.6 : -0.9338038263
19 23 : -0.2 -0.2 : -0.6165790447
19 23 : -0.2 0.2 : -0.2769869715
19 23 : -0.2 0.6 : 0.04023781007
19 23 : -0.2 1.0 : 0.2932143654
19 23 : 0.2 -1.0 : -0.3540306685
19 23 : 0.2 -0.6 : -0.07688389859
19 23 : 0.2 -0.2 : 0.2647455075
19 23 : 0.2 0.2 : 0.6288205088
19 23 : 0.2 0.6 : 0.9704499148
19 23 : 0.2 1.0 : 1.247596685
19 23 : 0.6 -1.0 : -0.103271964
19 23 : 0.6 -0.6 : 0.1942945931
19 23 : 0.6 -0.2 : 0.5593174243
19 23 : 0.6 0.2 : 0.9477970501
19 23 : 0.6 0.6 : 1.312819881
19 23 : 0.6 1.0 : 1.610386438
19 23 : 1.0 -1.0 : -0.5681956894
19 23 : 1.0 -0.6 : -0.2607629003
19 23 : 1.0 -0.2 : 0.1246797181
19 23 : 1.0 0.2 : 0.5373295584
19 23 : 1.0 0.6 : 0.9227721768
19 23 : 1.0 1.0 : 1.230204966
19 24 : -1.0 -1.0 : 0.1069503465
19 24 : -1.0 -0.6 : -0.1308443857
19 24 : -1.0 -0.2 : -0.2879967997
19 24 : -1.0 0.2 : -0.3482384807
19 24 : -1.0 0.6 : -0.3020585917
19 24 : -1.0 1.0 : -0.148205426
19 24 : -0.6 -1.0 : -0.3575730357
19 24 : -0.6 -0.6 : -0.5815601505
19 24 : -0.6 -0.2 : -0.7204586024
19 24 : -0.6 0.2 : -0.7608818759
19 24 : -0.6 0.6 : -0.6964480249
19 24 : -0.6 1.0 : -0.5287872417
19 24 : -0.2 -1.0 : -0.1062850691
19 24 : -0.2 -0.6 : -0.3120182219
19 24 : -0.2 -0.2 : -0.4267845501
19 24 : -0.2 0.2 : -0.44100747
19 24 : -0.2 0.6 : -0.3524414953
19 24 : -0.2 1.0 : -0.1665267501
19 24 : 0.2 -1.0 : 0.7270392662
19 24 : 0.2 -0.6 : 0.5411245209
19 24 : 0.2 -0.2 : 0.4525585462
19 24 : 0.2 0.2 : 0.4667814661
19 24 : 0.2 0.6 : 0.5815477944
19 24 : 0.2 1.0 : 0.7872809471
19 24 : 0.6 -1.0 : 0.9783272327
19 24 : 0.6 -0.6 : 0.8106664496
19 24 : 0.6 -0.2 : 0.7462325986
19 24 : 0.6 0.2 : 0.786655872
19 24 : 0.6 0.6 : 0.9255543239
19 24 : 0.6 1.0 : 1.149541439
19 24 : 1.0 -1.0 : 0.5138038505
19 24 : 1.0 -0.6 : 0.3599506848
19 24 : 1.0 -0.2 : 0.3137707958
19 24 : 1.0 0.2 : 0.3740124768
19 24 : 1.0 0.6 : 0.5311648908
19 24 : 1.0 1.0 : 0.768959623
20 21 : -1.0 -1.0 : -0.5123867689
20 21 : -1.0 -0.6 : -0.1593932643
20 21 : -1.0 -0.2 : 0.2842809037
20 21 : -1.0 0.2 : 0.7601714419
20 21 : -1.0 0.6 : 1.20384561
20 21 : -1.0 1.0 : 1.556839114
20 21 : -0.6 -1.0 : -0.8143827779
20 21 : -0.6 -0.6 : -0.4688333411
20 21 : -0.6 -0.2 : -0.03500038809
20 21 : -0.6 0.2 : 0.4302054995
20 21 : -0.6 0.6 : 0.8640384525
20 21 : -0.6 1.0 : 1.209587889
20 21 : -0.2 -1.0 : -0.959565848
20 21 : -0.2 -0.6 : -0.6238576262
20 21 : -0.2 -0.2 : -0.2030349673
20 21 : -0.2 0.2 : 0.2480455863
20 21 : -0.2 0.6 : 0.6688682451
20 21 : -0.2 1.0 : 1.004576467
20 21 : 0.2 -1.0 : -0.9270878945
20 21 : 0.2 -0.6 : -0.6020643234
20 21 : 0.2 -0.2 : -0.1953669985
20 21 : 0.2 0.2 : 0.2403776174
20 21 : 0.2 0.6 : 0.6470749423
20 21 : 0.2 1.0 : 0.9720985134
20 21 : 0.6 -1.0 : -0.7220764721
20 21 : 0.6 -0.6 : -0.406894116
20 21 : 0.6 -0.2 : -0.01320708527
20 21 : 0.6 0.2 : 0.4084121967
20 21 : 0.6 0.6 : 0.8020992274
20 21 : 0.6 1.0 : 1.117281584
20 21 : 1.0 -1.0 : -0.3748252469
20 21 : 1.0 -0.6 : -0.06708695858
20 21 : 1.0 -0.2 : 0.3167588572
20 21 : 1.0 0.2 : 0.7276934884
20 21 : 1.0 0.6 : 1.111539304
20 21 : 1.0 1.0 : 1.419277593
20 22 : -1.0 -1.0 : -0.1310587693
20 22 : -1.0 -0.6 : 0.2649581005
20 22 : -1.0 -0.2 : 0.5115133891
20 22 : -1.0 0.2 : 0.5396153853
20 22 : -1.0 0.6 : 0.837995707
20 22 : -1.0 1.0 : 1.32948061
20 22 : -0.6 -1.0 : -0.4810089555
20 22 : -0.6 -0.6 : -0.0692884703
20 22 : -0.6 -0.2 : 0.1857915607
20 22 : -0.6 0.2 : 0.213893557
20 22 : -0.6 0.6 : 0.5037491362
20 22 : -0.6 1.0 : 0.9795304234
20 22 : -0.2 -1.0 : -0.6895884612
20 22 : -0.2 -0.6 : -0.2571074646
20 22 : -0.2 -0.2 : 0.009242455955
20 22 : -0.2 0.2 : 0.03734445222
20 22 : -0.2 0.6 : 0.3159301419
20 22 : -0.2 1.0 : 0.7709509176
20 22 : 0.2 -1.0 : -0.7259402987
20 22 : 0.2 -0.6 : -0.2709195229
20 22 : 0.2 -0.2 : 0.00766616673
20 22 : 0.2 0.2 : 0.03576816299
20 22 : 0.2 0.6 : 0.3021180836
20 22 : 0.2 1.0 : 0.7345990802
20 22 : 0.6 -1.0 : -0.584325312
20 22 : 0.6 -0.6 : -0.1085440248
20 22 : 0.6 -0.2 : 0.1813115544
20 22 : 0.6 0.2 : 0.2094135507
20 22 : 0.6 0.6 : 0.4644935817
20 22 : 0.6 1.0 : 0.8762140669
20 22 : 1.0 -1.0 : -0.285028264
20 22 : 1.0 -0.6 : 0.2064566386
20 22 : 1.0 -0.2 : 0.5048369603
20 22 : 1.0 0.2 : 0.5329389565
20 22 : 1.0 0.6 : 0.7794942451
20 22 : 1.0 1.0 : 1.175511115
20 23 : -1.0 -1.0 : -0.2454982767
20 23 : -1.0 -0.6 : 0.01790099814
20 23 : -1.0 -0.2 : 0.346425661
20 23 : -1.0 0.2 : 0.6982591983
20 23 : -1.0 0.6 : 1.028588723
20 23 : -1.0 1.0 : 1.295312774
20 23 : -0.6 -1.0 : -0.5710039184
20 23 : -0.6 -0.6 : -0.3070577485
20 23 : -0.6 -0.2 : 0.02176379757
20 23 : -0.6 0.2 : 0.3735973348
20 23 : -0.6 0.6 : 0.7036299763
20 23 : -0.6 1.0 : 0.9698071317
20 23 : -0.2 -1.0 : -0.7472672199
20 23 : -0.2 -0.6 : -0.4825980432
20 23 : -0.2 -0.2 : -0.1533840112
20 23 : -0.2 0.2 : 0.1984495261
20 23 : -0.2 0.6 : 0.5280896817
20 23 : -0.2 1.0 : 0.7935438302
20 23 : 0.2 -1.0 : -0.7485332113
20 23 : 0.2 -0.6 : -0.4830790628
20 23 : 0.2 -0.2 : -0.1534389071
20 23 : 0.2 0.2 : 0.1983946301
20 23 : 0.2 0.6 : 0.5276086621
20 23 : 0.2 1.0 : 0.7922778389
20 23 : 0.6 -1.0 : -0.5746020203
20 23 : 0.6 -0.6 : -0.3084248649
20 23 : 0.6 -0.2 : 0.02160777659
20 23 : 0.6 0.2 : 0.3734413138
20 23 : 0.6 0.6 : 0.70226286
20 23 : 0.6 1.0 : 0.9662090298
20 23 : 1.0 -1.0 : -0.2508604279
20 23 : 1.0 -0.6 : 0.01586362257
20 23 : 1.0 -0.2 : 0.3461931473
20 23 : 1.0 0.2 : 0.6980266846
20 23 : 1.0 0.6 : 1.026551347
20 23 : 1.0 1.0 : 1.289950622
20 24 : -1.0 -1.0 : 0.8826676032
20 24 : -1.0 -0.6 : 0.6558015099
20 24 : -1.0 -0.2 : 0.5372840616
20 24 : -1.0 0.2 : 0.5372840616
20 24 : -1.0 0.6 : 0.6558015099
20 24 : -1.0 1.0 : 0.8826676032
20 24 : -0.6 -1.0 : 0.5415737397
20 24 : -0.6 -0.6 : 0.3249199422
20 24 : -0.6 -0.2 : 0.2119462613
20 24 : -0.6 0.2 : 0.2119462613
20 24 : -0.6 0.6 : 0.3249199422
20 24 : -0.6 1.0 : 0.5415737397
20 24 : -0.2 -1.0 : 0.3447024796
20 24 : -0.2 -0.6 : 0.141549553
20 24 : -0.2 -0.2 : 0.03590484975
20 24 : -0.2 0.2 : 0.03590484975
20 24 : -0.2 0.6 : 0.141549553
20 24 : -0.2 1.0 : 0.3447024796
20 24 : 0.2 -1.0 : 0.3210623363
20 24 : 0.2 -0.6 : 0.132567365
20 24 : 0.2 -0.2 : 0.0348797653
20 24 : 0.2 0.2 : 0.0348797653
20 24 : 0.2 0.6 : 0.132567365
20 24 : 0.2 1.0 : 0.3210623363
20 24 : 0.6 -1.0 : 0.4743855687
20 24 : 0.6 -0.6 : 0.2993914683
20 24 : 0.6 -0.2 : 0.2090328462
20 24 : 0.6 0.2 : 0.2090328462
20 24 : 0.6 0.6 : 0.2993914683
20 24 : 0.6 1.0 : 0.4743855687
20 24 : 1.0 -1.0 : 0.7825389394
20 24 : 1.0 -0.6 : 0.6177571348
20 24 : 1.0 -0.2 : 0.5329422801
20 24 : 1.0 0.2 : 0.5329422801
20 24 : 1.0 0.6 : 0.6177571348
20 24 : 1.0 1.0 : 0.7825389394
21 22 : -1.0 -1.0 : -1.547265968
21 22 : -1.0 -0.6 : -1.174139709
21 22 : -1.0 -0.2 : -0.9590863618
21 22 : -1.0 0.2 : -0.9661241738
21 22 : -1.0 0.6 : -0.7009737242
21 22 : -1.0 1.0 : -0.2355624913
21 22 : -0.6 -1.0 : -1.287524699
21 22 : -0.6 -0.6 : -0.8840383768
21 22 : -0.6 -0.2 : -0.6406761937
21 22 : -0.6 0.2 : -0.6259257392
21 22 : -0.6 0.6 : -0.348947481
21 22 : -0.6 1.0 : 0.1164637519
21 22 : -0.2 -1.0 : -0.9311791648
21 22 : -0.2 -0.6 : -0.4993840069
21 22 : -0.2 -0.2 : -0.2342335573
21 22 : -0.2 0.2 : -0.2076552943
21 22 : -0.2 0.6 : 0.069322964
21 22 : -0.2 1.0 : 0.5229063882
21 22 : 0.2 -1.0 : -0.5229063882
21 22 : 0.2 -0.6 : -0.069322964
21 22 : 0.2 -0.2 : 0.2076552943
21 22 : 0.2 0.2 : 0.2342335573
21 22 : 0.2 0.6 : 0.4993840069
21 22 : 0.2 1.0 : 0.9311791648
21 22 : 0.6 -1.0 : -0.1164637519
21 22 : 0.6 -0.6 : 0.348947481
21 22 : 0.6 -0.2 : 0.6259257392
21 22 : 0.6 0.2 : 0.6406761937
21 22 : 0.6 0.6 : 0.8840383768
21 22 : 0.6 1.0 : 1.287524699
21 22 : 1.0 -1.0 : 0.2355624913
21 22 : 1.0 -0.6 : 0.7009737242
21 22 : 1.0 -0.2 : 0.9661241738
21 22 : 1.0 0.2 : 0.9590863618
21 22 : 1.0 0.6 : 1.174139709
21 22 : 1.0 1.0 : 1.547265968
21 23 : -1.0 -1.0 : -1.701956018
21 23 : -1.0 -0.6 : -1.458150548
21 23 : -1.0 -0.2 : -1.140262426
21 23 : -1.0 0.2 : -0.7884288887
21 23 : -1.0 0.6 : -0.4474628236
21 23 : -1.0 1.0 : -0.161144968
21 23 : -0.6 -1.0 : -1.392846315
21 23 : -0.6 -0.6 : -1.135861046
21 23 : -0.6 -0.2 : -0.8108182411
21 23 : -0.6 0.2 : -0.4589847038
21 23 : -0.6 0.6 : -0.1251733214
21 23 : -0.6 1.0 : 0.1479647355
21 23 : -0.2 -1.0 : -0.9906252941
21 23 : -0.2 -0.6 : -0.726485343
21 23 : -0.2 -0.2 : -0.3975586023
21 23 : -0.2 0.2 : -0.0457250651
21 23 : -0.2 0.6 : 0.2842023819
21 23 : -0.2 1.0 : 0.550185756
21 23 : 0.2 -1.0 : -0.5472127094
21 23 : 0.2 -0.6 : -0.2830727583
21 23 : 0.2 -0.2 : 0.04585398242
21 23 : 0.2 0.2 : 0.3976875197
21 23 : 0.2 0.6 : 0.7276149666
21 23 : 0.2 1.0 : 0.9935983408
21 23 : 0.6 -1.0 : -0.1219137461
21 23 : 0.6 -0.6 : 0.1350715222
21 23 : 0.6 -0.2 : 0.4601143274
21 23 : 0.6 0.2 : 0.8119478647
21 23 : 0.6 0.6 : 1.145759247
21 23 : 0.6 1.0 : 1.418897304
21 23 : 1.0 -1.0 : 0.2297083432
21 23 : 1.0 -0.6 : 0.473513813
21 23 : 1.0 -0.2 : 0.7914019354
21 23 : 1.0 0.2 : 1.143235473
21 23 : 1.0 0.6 : 1.484201538
21 23 : 1.0 1.0 : 1.770519393
21 24 : -1.0 -1.0 : -0.5224013502
21 24 : -1.0 -0.6 : -0.7619975352
21 24 : -1.0 -0.2 : -0.9215315078
21 24 : -1.0 0.2 : -0.9843588575
21 24 : -1.0 0.6 : -0.9405605271
21 24 : -1.0 1.0 : -0.7885088142
21 24 : -0.6 -1.0 : -0.2358076898
21 24 : -0.6 -0.6 : -0.4610036125
21 24 : -0.6 -0.2 : -0.6015001339
21 24 : -0.6 0.2 : -0.6436584385
21 24 : -0.6 0.6 : -0.580822657
21 24 : -0.6 1.0 : -0.4143706817
21 24 : -0.2 -1.0 : 0.1200844809
21 24 : -0.2 -0.6 : -0.08607399055
21 24 : -0.2 -0.2 : -0.2014025992
21 24 : -0.2 0.2 : -0.2162359895
21 24 : -0.2 0.6 : -0.1282322952
21 24 : -0.2 1.0 : 0.0572571313
21 24 : 0.2 -1.0 : 0.5006697161
21 24 : 0.2 -0.6 : 0.3151802896
21 24 : 0.2 -0.2 : 0.2271765953
21 24 : 0.2 0.2 : 0.2420099856
21 24 : 0.2 0.6 : 0.3573385942
21 24 : 0.2 1.0 : 0.5634970657
21 24 : 0.6 -1.0 : 0.8565618868
21 24 : 0.6 -0.6 : 0.6901099115
21 24 : 0.6 -0.2 : 0.62727413
21 24 : 0.6 0.2 : 0.6694324346
21 24 : 0.6 0.6 : 0.809928956
21 24 : 0.6 1.0 : 1.035124879
21 24 : 1.0 -1.0 : 1.143155547
21 24 : 1.0 -0.6 : 0.9911038343
21 24 : 1.0 -0.2 : 0.9473055039
21 24 : 1.0 0.2 : 1.010132854
21 24 : 1.0 0.6 : 1.169666826
21 24 : 1.0 1.0 : 1.409263011
22 23 : -1.0 -1.0 : -1.467896356
22 23 : -1.0 -0.6 : -1.2183887
22 23 : -1.0 -0.2 : -0.9016062733
22 23 : -1.0 0.2 : -0.5575117479
22 23 : -1.0 0.6 : -0.2296961911
22 23 : -1.0 1.0 : 0.04013583565
22 23 : -0.6 -1.0 : -1.039699477
22 23 : -0.6 -0.6 : -0.783505476
22 23 : -0.6 -0.2 : -0.4604884557
22 23 : -0.6 0.2 : -0.1115953938
22 23 : -0.6 0.6 : 0.2188250592
22 23 : -0.6 1.0 : 0.4886570859
22 23 : -0.2 -1.0 : -0.7798763385
22 23 : -0.2 -0.6 : -0.5174477444
22 23 : -0.2 -0.2 : -0.1896321875
22 23 : -0.2 0.2 : 0.1618657705
22 23 : -0.2 0.6 : 0.4922862235
22 23 : -0.2 1.0 : 0.7595133541
22 23 : 0.2 -1.0 : -0.7595133541
22 23 : 0.2 -0.6 : -0.4922862235
22 23 : 0.2 -0.2 : -0.1618657705
22 23 : 0.2 0.2 : 0.1896321875
22 23 : 0.2 0.6 : 0.5174477444
22 23 : 0.2 1.0 : 0.7798763385
22 23 : 0.6 -1.0 : -0.4886570859
22 23 : 0.6 -0.6 : -0.2188250592
22 23 : 0.6 -0.2 : 0.1115953938
22 23 : 0.6 0.2 : 0.4604884557
22 23 : 0.6 0.6 : 0.783505476
22 23 : 0.6 1.0 : 1.039699477
22 23 : 1.0 -1.0 : -0.04013583565
22 23 : 1.0 -0.6 : 0.2296961911
22 23 : 1.0 -0.2 : 0.5575117479
22 23 : 1.0 0.2 : 0.9016062733
22 23 : 1.0 0.6 : 1.2183887
22 23 : 1.0 1.0 : 1.467896356
22 24 : -1.0 -1.0 : -0.4185857642
22 24 : -1.0 -0.6 : -0.6152200047
22 24 : -1.0 -0.2 : -0.7173260247
22 24 : -1.0 0.2 : -0.7173260247
22 24 : -1.0 0.6 : -0.6152200047
22 24 : -1.0 1.0 : -0.4185857642
22 24 : -0.6 -1.0 : 0.02435483046
22 24 : -0.6 -0.6 : -0.1717769927
22 24 : -0.6 -0.2 : -0.2736102744
22 24 : -0.6 0.2 : -0.2736102744
22 24 : -0.6 0.6 : -0.1717769927
22 24 : -0.6 1.0 : 0.02435483046
22 24 : -0.2 -1.0 : 0.296382767
22 24 : -0.2 -0.6 : 0.1005236822
22 24 : -0.2 -0.2 : -0.001161542896
22 24 : -0.2 0.2 : -0.001161542896
22 24 : -0.2 0.6 : 0.1005236822
22 24 : -0.2 1.0 : 0.296382767
22 24 : 0.2 -1.0 : 0.3244847633
22 24 : 0.2 -0.6 : 0.1286256784
22 24 : 0.2 -0.2 : 0.02694045336
22 24 : 0.2 0.2 : 0.02694045336
22 24 : 0.2 0.6 : 0.1286256784
22 24 : 0.2 1.0 : 0.3244847633
22 24 : 0.6 -1.0 : 0.597392437
22 24 : 0.6 -0.6 : 0.4012606138
22 24 : 0.6 -0.2 : 0.2994273321
22 24 : 0.6 0.2 : 0.2994273321
22 24 : 0.6 0.6 : 0.4012606138
22 24 : 0.6 1.0 : 0.597392437
22 24 : 1.0 -1.0 : 1.041953615
22 24 : 1.0 -0.6 : 0.8453193742
22 24 : 1.0 -0.2 : 0.7432133541
22 24 : 1.0 0.2 : 0.7432133541
22 24 : 1.0 0.6 : 0.8453193742
22 24 : 1.0 1.0 : 1.041953615
23 24 : -1.0 -1.0 : -0.3458250603
23 24 : -1.0 -0.6 : -0.5792198209
23 24 : -1.0 -0.2 : -0.7305553794
23 24 : -1.0 0.2 : -0.7844816746
23 24 : -1.0 0.6 : -0.7324849302
23 24 : -1.0 1.0 : -0.5742317929
23 24 : -0.6 -1.0 : -0.1183342093
23 24 : -0.6 -0.6 : -0.3429805043
23 24 : -0.6 -0.2 : -0.4762096767
23 24 : -0.6 0.2 : -0.5087040521
23 24 : -0.6 0.6 : -0.4386009215
23 24 : -0.6 1.0 : -0.2715993186
23 24 : -0.2 -1.0 : 0.1614234775
23 24 : -0.2 -0.6 : -0.04511643136
23 24 : -0.2 -0.2 : -0.1576024693
23 24 : -0.2 0.2 : -0.1684570719
23 24 : -0.2 0.6 : -0.07761080683
23 24 : -0.2 1.0 : 0.1074971823
23 24 : 0.2 -1.0 : 0.4593307195
23 24 : 0.2 -0.6 : 0.2742227304
23 24 : 0.2 -0.2 : 0.1833764654
23 24 : 0.2 0.2 : 0.194231068
23 24 : 0.2 0.6 : 0.3067171059
23 24 : 0.2 1.0 : 0.5132570147
23 24 : 0.6 -1.0 : 0.7390884063
23 24 : 0.6 -0.6 : 0.5720868034
23 24 : 0.6 -0.2 : 0.5019836728
23 24 : 0.6 0.2 : 0.5344780482
23 24 : 0.6 0.6 : 0.6677072206
23 24 : 0.6 1.0 : 0.8923535156
23 24 : 1.0 -1.0 : 0.9665792573
23 24 : 1.0 -0.6 : 0.80832612
23 24 : 1.0 -0.2 : 0.7563293755
23 24 : 1.0 0.2 : 0.8102556707
23 24 : 1.0 0.6 : 0.9615912293
23 24 : 1.0 1.0 : 1.19498599
